Date,JPMorgan_Stock_Price,JPMorgan_Stock_Volume,JPMorgan_Dividends,Dividend_Yield,VIX_Volatility_Index,Fed_Interest_Rate,US_Treasury_1Y_Rate,Financial_News_Sentiment,Social_Media_Market_Discussion_Score,CME_Option_Strike_Price,Daily_Return,Vol_Rolling_30D,Vol_Rolling_60D,Vol_Rolling_90D,GARCH_Volatility,VIX_JPM_Corr_60D,Rate_Momentum_1Y_20D,Fed_Rate_Momentum_20D,Dividend_Growth_Rate_YoY,News_Sentiment_MA7,Social_Sentiment_MA7
2018-01-02,85.51605224609375,13578800.0,0.0,0.03081741600330304,9.770000457763672,1.42,1.83,0.5,0.3103225806451613,85.0,0.0010186675421723912,0.09128369321086492,0.18208976038270855,0.1893758515157978,0.2185263594445915,-0.6849037669615015,-0.040000000000000036,0.0,0.12008367814852239,0.5,0.3112903225806451
2018-01-03,85.60316467285156,11901000.0,0.0,0.03081741600330304,9.149999618530273,1.42,1.81,0.5,0.3106451612903226,85.0,0.0010186675421723912,0.09128369321086492,0.18208976038270855,0.1893758515157978,0.2185263594445915,-0.6849037669615015,-0.040000000000000036,0.0,0.12008367814852239,0.5,0.3112903225806451
2018-01-04,86.82947540283203,12953700.0,0.56,0.03081741600330304,9.220000267028809,1.42,1.82,0.5,0.3109677419354839,85.0,0.014325530307986112,0.09128369321086492,0.18208976038270855,0.1893758515157978,0.15298865766593733,-0.6849037669615015,-0.040000000000000036,0.0,0.12008367814852239,0.5,0.3112903225806451
2018-01-05,86.2720718383789,14155000.0,0.0,0.03081741600330304,9.220000267028809,1.42,1.8,0.5,0.3112903225806451,85.0,-0.00641952012110103,0.09128369321086492,0.18208976038270855,0.1893758515157978,0.23321321983966553,-0.6849037669615015,-0.040000000000000036,0.0,0.12008367814852239,0.5,0.3112903225806451
2018-01-06,86.31454722086589,13592166.666666666,0.0,0.03081741600330304,9.320000330607096,1.42,1.7966666666666666,0.5,0.31161290322580637,85.0,0.0004923422097311558,0.09128369321086492,0.18208976038270855,0.1893758515157978,0.17288084831970363,-0.6849037669615015,-0.040000000000000036,0.0,0.12008367814852239,0.5,0.3112903225806451
2018-01-07,86.35702260335286,13029333.333333334,0.0,0.03081741600330304,9.420000394185385,1.42,1.7933333333333334,0.5,0.3119354838709677,85.0,0.0004920999281647909,0.09128369321086492,0.18208976038270855,0.1893758515157978,0.15126805106065375,-0.6849037669615015,-0.040000000000000036,0.0,0.12008367814852239,0.5,0.3112903225806451
2018-01-08,86.39949798583984,12466500.0,0.0,0.03081741600330304,9.520000457763672,1.42,1.79,0.5,0.312258064516129,85.0,0.0004918578849351096,0.09128369321086492,0.18208976038270855,0.1893758515157978,0.15074976631944623,-0.6849037669615015,-0.040000000000000036,0.0,0.12008367814852239,0.5,0.3112903225806451
2018-01-09,86.83746337890625,13292300.0,0.0,0.03081741600330304,10.079999923706055,1.42,1.78,0.5,0.3125806451612903,85.0,0.005069073354317277,0.09128369321086492,0.18208976038270855,0.1893758515157978,0.15073804494836687,-0.6849037669615015,-0.040000000000000036,0.0,0.12008367814852239,0.5,0.3116129032258064
2018-01-10,87.79302215576172,15834500.0,0.0,0.03081741600330304,9.819999694824219,1.42,1.78,0.5,0.3129032258064516,90.0,0.011003992282524244,0.09128369321086492,0.18208976038270855,0.1893758515157978,0.16336576369995073,-0.6849037669615015,-0.040000000000000036,0.0,0.12008367814852239,0.5,0.31193548387096776
2018-01-11,88.26284790039062,13676800.0,0.0,0.03081741600330304,9.880000114440918,1.42,1.77,0.5,0.3132258064516129,90.0,0.005351515793537098,0.09128369321086492,0.18208976038270855,0.1893758515157978,0.2037938178970052,-0.6849037669615015,-0.040000000000000036,0.0,0.12008367814852239,0.5,0.312258064516129
2018-01-12,89.72007751464844,18884200.0,0.0,0.03081741600330304,10.15999984741211,1.42,1.78,0.5,0.3135483870967742,90.0,0.01651011324608942,0.09128369321086492,0.18208976038270855,0.1893758515157978,0.16603000027310452,-0.6849037669615015,-0.040000000000000036,0.0,0.12008367814852239,0.5,0.3125806451612903
2018-01-13,89.64044570922852,19838975.0,0.0,0.03081741600330304,10.53499984741211,1.42,1.7825,0.5,0.31387096774193546,90.0,-0.000887558366263308,0.09128369321086492,0.18208976038270855,0.1893758515157978,0.2545437095855934,-0.6849037669615015,-0.040000000000000036,0.0,0.12008367814852239,0.5,0.3129032258064516
2018-01-14,89.5608139038086,20793750.0,0.0,0.03081741600330304,10.90999984741211,1.42,1.785,0.5,0.31419354838709673,90.0,-0.0008883468259208716,0.09128369321086492,0.18208976038270855,0.1893758515157978,0.1541014860430814,-0.6849037669615015,-0.040000000000000036,0.0,0.12008367814852239,0.5,0.31322580645161285
2018-01-15,89.48118209838867,21748525.0,0.0,0.03081741600330304,11.28499984741211,1.42,1.7875,0.5,0.314516129032258,90.0,-0.0008891366876750961,0.09128369321086492,0.18208976038270855,0.1893758515157978,0.15109806191660533,-0.6849037669615015,-0.040000000000000036,0.0,0.12008367814852239,0.5,0.3135483870967742
2018-01-16,89.40155029296875,22703300.0,0.0,0.03081741600330304,11.65999984741211,1.42,1.79,0.5,0.3148387096774193,90.0,-0.0008899279552695427,0.09128369321086492,0.18208976038270855,0.1893758515157978,0.15103101879480105,-0.6849037669615015,-0.040000000000000036,0.0,0.12008367814852239,0.5,0.31387096774193546
2018-01-17,89.97492980957031,14940300.0,0.0,0.03081741600330304,11.90999984741211,1.42,1.79,0.5,0.3151612903225806,90.0,0.0064135299077319186,0.09128369321086492,0.18208976038270855,0.1893758515157978,0.15103025178362214,-0.6849037669615015,-0.040000000000000036,0.0,0.12008367814852239,0.5,0.31419354838709673
2018-01-18,90.18991088867188,14572900.0,0.0,0.03081741600330304,12.220000267028809,1.42,1.79,0.5,0.3154838709677419,90.0,0.0023893442268481113,0.09128369321086492,0.18208976038270855,0.1893758515157978,0.17055085813567408,-0.6849037669615015,-0.040000000000000036,0.0,0.12008367814852239,0.5,0.314516129032258
2018-01-19,89.99082946777344,18785500.0,0.0,0.03081741600330304,11.270000457763672,1.42,1.79,0.5,0.3158064516129032,90.0,-0.0022073579953325595,0.09128369321086492,0.18208976038270855,0.1893758515157978,0.15400734038338143,-0.6849037669615015,-0.040000000000000036,0.0,0.12008367814852239,0.5,0.31483870967741934
2018-01-20,90.34120432535808,16682233.333333334,0.0,0.03081741600330304,11.190000216166178,1.42,1.79,0.5,0.3161290322580645,90.0,0.0038934506955523585,0.09128369321086492,0.18208976038270855,0.1893758515157978,0.15320285547106213,-0.6849037669615015,-0.040000000000000036,0.0,0.12008367814852239,0.5,0.31516129032258056
2018-01-21,90.6915791829427,14578966.666666668,0.0,0.03081741600330304,11.109999974568685,1.42,1.79,0.5,0.3164516129032258,90.0,0.003878350528987662,0.09128369321086492,0.18208976038270855,0.1893758515157978,0.15832204117234205,-0.6849037669615015,-0.040000000000000036,0.0,0.12008367814852239,0.5,0.3154838709677419
2018-01-22,91.04195404052734,12475700.0,0.0,0.03081741600330304,11.029999732971191,1.42,1.79,0.5,0.3167741935483871,90.0,0.0038633670373946494,0.09128369321086492,0.18208976038270855,0.1893758515157978,0.1583768210162949,-0.6849037669615015,-0.040000000000000036,0.0,0.12008367814852239,0.5,0.3158064516129032
2018-01-23,90.94639587402344,12320800.0,0.0,0.03081741600330304,11.100000381469727,1.42,1.78,0.5,0.3170967741935484,90.0,-0.0010496058384398266,0.09128369321086492,0.18208976038270855,0.1893758515157978,0.15832100701051363,-0.6849037669615015,-0.030000000000000027,0.0,0.12008367814852239,0.5,0.3161290322580645
2018-01-24,92.1090316772461,15904500.0,0.0,0.03081741600330304,11.470000267028809,1.42,1.79,0.5,0.3174193548387097,90.0,0.012783747965483983,0.09128369321086492,0.18208976038270855,0.1893758515157978,0.15135749663459053,-0.6849037669615015,-0.030000000000000027,0.0,0.12008367814852239,0.5,0.3164516129032258
2018-01-25,92.13288879394531,13510000.0,0.0,0.03081741600330304,11.579999923706055,1.42,1.8,0.5,0.317741935483871,90.0,0.000259009526696774,0.09128369321086492,0.18208976038270855,0.1893758515157978,0.2190018362259524,-0.6849037669615015,0.0,0.0,0.12008367814852239,0.5,0.31677419354838715
2018-01-26,92.62660217285156,13883900.0,0.0,0.03081741600330304,11.079999923706055,1.42,1.8,0.5,0.3180645161290322,95.0,0.0053587094182017125,0.09128369321086492,0.18208976038270855,0.1893758515157978,0.15250676995452256,-0.6849037669615015,0.0033333333333334103,0.0,0.12008367814852239,0.5,0.31709677419354837
2018-01-27,92.59475453694661,13149233.333333334,0.0,0.03081741600330304,12.0,1.42,1.8,0.5,0.3183870967741935,95.0,-0.00034382817849154534,0.09128369321086492,0.18208976038270855,0.1893758515157978,0.16483245655709158,-0.6849037669615015,0.006666666666666599,0.0,0.12008367814852239,0.5,0.31741935483870964
2018-01-28,92.56290690104167,12414566.666666666,0.0,0.03081741600330304,12.920000076293945,1.42,1.8,0.5,0.3187096774193548,95.0,-0.00034394643696833427,0.09128369321086492,0.18208976038270855,0.1893758515157978,0.15100292101799626,-0.6849037669615015,0.010000000000000009,0.0,0.12008367814852239,0.5,0.317741935483871
2018-01-29,92.53105926513672,11679900.0,0.0,0.03081741600330304,13.84000015258789,1.42,1.8,0.5,0.3190322580645161,95.0,-0.0003440647768225835,0.09128369321086492,0.18208976038270855,0.1893758515157978,0.1506795482618178,-0.6849037669615015,0.020000000000000018,0.0,0.12008367814852239,0.5,0.3180645161290322
2018-01-30,91.6630859375,14279100.0,0.0,0.03081741600330304,14.789999961853027,1.42,1.88,0.5,0.3193548387096774,90.0,-0.009380345740446439,0.09128369321086492,0.18208976038270855,0.1893758515157978,0.15067235921768424,-0.6849037669615015,0.09999999999999987,0.0,0.12008367814852239,0.5,0.3183870967741935
2018-01-31,92.1090316772461,13141400.0,0.0,0.03081741600330304,13.539999961853027,1.34,1.9,0.5,0.3196774193548387,90.0,0.004865052656531255,0.09128369321086492,0.18208976038270855,0.1893758515157978,0.19130063641139095,-0.6849037669615015,0.1299999999999999,-0.07999999999999985,0.12008367814852239,0.5,0.3187096774193548
2018-02-01,93.0645980834961,13800600.0,0.0,0.03081741600330304,13.470000267028809,1.42,1.89,0.5,0.32,95.0,0.010374296514139347,0.09128369321086492,0.18208976038270855,0.1893758515157978,0.16334989305944575,-0.6849037669615015,0.10999999999999988,0.0,0.12008367814852239,0.5,0.31903225806451607
2018-02-02,91.00214385986328,16477300.0,0.0,0.03081741600330304,17.309999465942383,1.42,1.88,0.5,0.3185714285714285,90.0,-0.02216153366699558,0.11694929064838788,0.18208976038270855,0.1893758515157978,0.19863702279322185,-0.6849037669615015,0.09749999999999992,0.0,0.12008367814852239,0.5,0.3191046741277156
2018-02-03,89.54755147298177,17557500.0,0.0,0.03081741600330304,20.47749948501587,1.42,1.8699999999999999,0.5,0.3171428571428571,88.33333333333333,-0.015984155154866286,0.12240716231809438,0.18208976038270855,0.1893758515157978,0.31894196656557255,-0.6849037669615015,0.08499999999999996,0.0,0.12008367814852239,0.5,0.31892692560895325
2018-02-04,88.09295908610027,18637700.0,0.0,0.03081741600330304,23.644999504089355,1.42,1.86,0.5,0.31571428571428567,86.66666666666667,-0.01624379855121305,0.13077692569071295,0.18208976038270855,0.1893758515157978,0.2551777440839207,-0.6849037669615015,0.07250000000000001,0.0,0.12008367814852239,0.5,0.3184990125082291
2018-02-05,86.63836669921875,19717900.0,0.0,0.03081741600330304,26.812499523162842,1.42,1.85,0.5,0.3142857142857143,85.0,-0.016512016419607645,0.14011326728447854,0.18208976038270855,0.1893758515157978,0.2562047731353065,-0.6849037669615015,0.06000000000000005,0.0,0.12008367814852239,0.5,0.3178209348255431
2018-02-06,89.274169921875,20798100.0,0.0,0.03081741600330304,29.979999542236328,1.42,1.87,0.5,0.3128571428571428,90.0,0.03042304839156218,0.16467774180689365,0.18208976038270855,0.1893758515157978,0.2589656610605343,-0.6849037669615015,0.08000000000000007,0.0,0.12008367814852239,0.5,0.3168926925608953
2018-02-07,89.87935638427734,21878300.0,0.0,0.03081741600330304,27.729999542236328,1.42,1.91,0.5,0.3114285714285714,90.0,0.0067789648778806555,0.1654731548629348,0.18208976038270855,0.1893758515157978,0.4054060281704681,-0.6849037669615015,0.11999999999999988,0.0,0.12008367814852239,0.5,0.3157142857142857
2018-02-08,85.90577697753906,21111300.0,0.0,0.03081741600330304,33.459999084472656,1.42,1.91,0.5,0.31,85.0,-0.04421014531689926,0.21294120956189824,0.18208976038270855,0.1893758515157978,0.18165099170462565,-0.6849037669615015,0.11999999999999988,0.0,0.12008367814852239,0.5,0.3142857142857142
2018-02-09,87.62580871582031,20344300.0,0.0,0.03081741600330304,29.059999465942383,1.42,1.89,0.5,0.3085714285714285,90.0,0.020022305819211272,0.21851999554314855,0.18208976038270855,0.1893758515157978,0.5857965322693947,-0.6849037669615015,0.09999999999999987,0.0,0.12008367814852239,0.5,0.3128571428571428
2018-02-10,88.07704162597656,19577300.0,0.0,0.03081741600330304,27.90999984741211,1.42,1.9033333333333333,0.5,0.30714285714285705,90.0,0.0051495434595034695,0.2184776167275916,0.18208976038270855,0.1893758515157978,0.30232253984309826,-0.6849037669615015,0.11333333333333329,0.0,0.12008367814852239,0.5,0.3114285714285714
2018-02-11,88.52827453613281,18810300.0,0.0,0.03081741600330304,26.760000228881836,1.42,1.9166666666666665,0.5,0.30571428571428566,90.0,0.005123161516623398,0.21349176596285757,0.18208976038270855,0.1893758515157978,0.1683754273957062,-0.6849037669615015,0.12666666666666648,0.0,0.12008367814852239,0.5,0.30999999999999994
2018-02-12,88.97950744628906,18043300.0,0.0,0.03081741600330304,25.610000610351562,1.42,1.93,0.5,0.3042857142857142,90.0,0.005097048513829083,0.21408509489245595,0.18208976038270855,0.1893758515157978,0.16401154909660584,-0.6849037669615015,0.1499999999999999,0.0,0.12008367814852239,0.5,0.30857142857142855
2018-02-13,89.52897644042969,16358200.0,0.0,0.03081741600330304,24.969999313354492,1.42,1.95,0.5,0.3028571428571428,90.0,0.006175230790890884,0.2148737383005748,0.18208976038270855,0.1893758515157978,0.16378615421683398,-0.6849037669615015,0.15999999999999992,0.0,0.12008367814852239,0.5,0.30714285714285705
2018-02-14,91.5993881225586,15186900.0,0.0,0.03081741600330304,19.260000228881836,1.42,1.98,0.5,0.3014285714285714,90.0,0.023125604295348046,0.22482719111232277,0.18208976038270855,0.1893758515157978,0.1694456564409389,-0.6849037669615015,0.17999999999999994,0.0,0.12008367814852239,0.5,0.30571428571428566
2018-02-15,91.98159790039062,12130200.0,0.0,0.03081741600330304,19.1299991607666,1.42,1.99,0.5,0.3,90.0,0.004172623700505973,0.2249780862025217,0.18208976038270855,0.1893758515157978,0.323551196954909,-0.6849037669615015,0.18999999999999995,0.0,0.12008367814852239,0.5,0.3042857142857142
2018-02-16,91.32067108154297,13214300.0,0.0,0.03081741600330304,19.459999084472656,1.42,2.0,0.5,0.2985714285714286,90.0,-0.007185424410254271,0.2255714797733573,0.18208976038270855,0.1893758515157978,0.1650169743396434,-0.6849037669615015,0.19999999999999996,0.0,0.12008367814852239,0.5,0.3028571428571428
2018-02-17,91.32664489746094,13276100.0,0.0,0.03081741600330304,19.744999408721924,1.42,2.0025,0.5,0.29714285714285715,90.0,6.541581273133978e-05,0.22550264068027484,0.18208976038270855,0.1893758515157978,0.17586939448055694,-0.6849037669615015,0.2024999999999999,0.0,0.12008367814852239,0.5,0.30142857142857143
2018-02-18,91.3326187133789,13337900.0,0.0,0.03081741600330304,20.02999973297119,1.42,2.005,0.5,0.2957142857142857,90.0,6.54115337825889e-05,0.22536866845752385,0.18208976038270855,0.1893758515157978,0.15122178027101574,-0.6849037669615015,0.20499999999999985,0.0,0.12008367814852239,0.5,0.3
2018-02-19,91.33859252929688,13399700.0,0.0,0.03081741600330304,20.31500005722046,1.42,2.0075,0.5,0.29428571428571426,90.0,6.540725539383452e-05,0.2251408171089017,0.18208976038270855,0.1893758515157978,0.15062515860409292,-0.6849037669615015,0.12749999999999995,0.0,0.12008367814852239,0.5,0.29857142857142854
2018-02-20,91.34456634521484,13461500.0,0.0,0.03081741600330304,20.600000381469727,1.42,2.01,0.5,0.2928571428571428,90.0,6.540297756463254e-05,0.2248960517263884,0.18208976038270855,0.1893758515157978,0.15061180406599195,-0.6849037669615015,0.10999999999999988,0.07999999999999985,0.12008367814852239,0.5,0.29714285714285715
2018-02-21,91.72677612304688,14212500.0,0.0,0.03081741600330304,20.020000457763672,1.42,2.03,0.5,0.2914285714285714,90.0,0.004184263970202329,0.22494261930633325,0.18208976038270855,0.1893758515157978,0.15061150544951488,-0.6849037669615015,0.1399999999999999,0.0,0.12008367814852239,0.5,0.2957142857142857
2018-02-22,91.55955505371094,17070400.0,0.0,0.03081741600330304,18.719999313354492,1.42,2.02,0.5,0.29,90.0,-0.0018230344115836017,0.22499271081881841,0.18208976038270855,0.1893758515157978,0.15941769882361279,-0.6849037669615015,0.14000000000000012,0.0,0.12008367814852239,0.5,0.2942857142857143
2018-02-23,93.41494750976562,12162500.0,0.0,0.03081741600330304,16.489999771118164,1.42,2.02,0.5,0.2885714285714286,95.0,0.020264323641222104,0.2295050873703638,0.18208976038270855,0.1893758515157978,0.1525307890053321,-0.6849037669615015,0.15000000000000013,0.0,0.12008367814852239,0.5,0.2928571428571428
2018-02-24,93.80248769124348,13612066.666666666,0.0,0.03081741600330304,16.2599999109904,1.42,2.0233333333333334,0.5,0.28714285714285714,95.0,0.0041485885482872575,0.22974969953867122,0.18208976038270855,0.1893758515157978,0.2928059590459751,-0.6849037669615015,0.16333333333333333,0.0,0.12008367814852239,0.5,0.2914285714285714
2018-02-25,94.19002787272136,15061633.333333334,0.0,0.03081741600330304,16.03000005086263,1.42,2.0266666666666664,0.5,0.28571428571428575,95.0,0.004131448866830478,0.22955764659151628,0.18208976038270855,0.1893758515157978,0.16363424573406635,-0.6849037669615015,0.1766666666666663,0.0,0.12008367814852239,0.5,0.29
2018-02-26,94.57756805419922,16511200.0,0.0,0.03081741600330304,15.800000190734863,1.42,2.03,0.5,0.2842857142857143,95.0,0.0041144502261061255,0.22976793338320894,0.18208976038270855,0.1893758515157978,0.1594899772209223,-0.6849037669615015,0.1599999999999997,0.0,0.12008367814852239,0.5,0.2885714285714286
2018-02-27,93.45477294921875,17563300.0,0.0,0.03081741600330304,18.59000015258789,1.42,2.08,0.5,0.2828571428571428,95.0,-0.011871685094895112,0.2326694354160238,0.18208976038270855,0.1893758515157978,0.15932771373466156,-0.6849037669615015,0.17000000000000015,0.0,0.12008367814852239,0.5,0.2871428571428571
2018-02-28,91.9736557006836,17735600.0,0.0,0.03081741600330304,19.850000381469727,1.35,2.07,0.5,0.2814285714285714,90.0,-0.015848492289847638,0.23741907950488586,0.18208976038270855,0.1893758515157978,0.21232834749226015,-0.6849037669615015,0.15999999999999992,-0.06999999999999984,0.12008367814852239,0.5,0.2857142857142857
2018-03-01,90.32528686523438,18690000.0,0.0,0.03081741600330304,22.469999313354492,1.42,2.05,0.5,0.28,90.0,-0.01792218459613726,0.24163185864381403,0.18208976038270855,0.1893758515157978,0.2513117079565716,-0.6849037669615015,0.15999999999999992,0.0,0.12008367814852239,0.5,0.2842857142857143
2018-03-02,90.23767852783203,18353700.0,0.0,0.03081741600330304,19.59000015258789,1.42,2.06,0.5,0.2812903225806452,90.0,-0.0009699203893264174,0.24110171312434306,0.18208976038270855,0.1893758515157978,0.2735216856957327,-0.6849037669615015,0.15666666666666673,0.0,0.12008367814852239,0.5,0.28324555628703096
2018-03-03,90.69953918457031,16880133.333333332,0.0,0.03081741600330304,19.303333282470703,1.42,2.06,0.5,0.28258064516129033,90.0,0.005118268380495117,0.2395015580381507,0.18208976038270855,0.1893758515157978,0.15490359922583447,-0.6849037669615015,0.14333333333333353,0.0,0.12008367814852239,0.5,0.28259381171823567
2018-03-04,91.1613998413086,15406566.666666668,0.0,0.03081741600330304,19.016666412353516,1.42,2.06,0.5,0.28387096774193543,90.0,0.005092205108103265,0.23111016256728736,0.1822834228893742,0.1893758515157978,0.16369090998115993,-0.6864315353459632,0.13000000000000012,0.0,0.12008367814852239,0.5,0.28233048057932847
2018-03-05,91.62326049804688,13933000.0,0.0,0.03081741600330304,18.729999542236328,1.42,2.06,0.5,0.2851612903225806,90.0,0.005066405929947004,0.22633261591912351,0.1804115678980386,0.1893758515157978,0.1637555681757135,-0.6937136809600488,0.1100000000000001,0.0,0.12008367814852239,0.5,0.28245556287030943
2018-03-06,91.70291900634766,10674400.0,0.0,0.03081741600330304,18.360000610351562,1.42,2.06,0.5,0.2864516129032258,90.0,0.000869413595060653,0.22042515451663774,0.17976284436270382,0.1893758515157978,0.16363257566005704,-0.6966758824034969,0.08000000000000007,0.0,0.12008367814852239,0.5,0.28296905859117844
2018-03-07,91.36050415039062,13006500.0,0.0,0.03081741600330304,17.760000228881836,1.42,2.05,0.5,0.2877419354838709,90.0,-0.003733958086255984,0.21436259749547792,0.18002482252599206,0.1893758515157978,0.15130381975837226,-0.6917059154409393,0.05999999999999983,0.0,0.12008367814852239,0.5,0.2838709677419355
2018-03-08,91.36844635009766,11173700.0,0.0,0.03081741600330304,16.540000915527344,1.42,2.05,0.5,0.2890322580645161,90.0,8.693252933400508e-05,0.1969941298430106,0.18003110823698687,0.1893758515157978,0.1577333285418332,-0.6874113810696383,0.04999999999999982,0.0,0.12008367814852239,0.5,0.28516129032258064
2018-03-09,93.99626159667969,15366600.0,0.0,0.03081741600330304,14.640000343322754,1.42,2.03,0.5,0.2903225806451612,95.0,0.02876064277719026,0.21206421948730952,0.1885872247218163,0.1893758515157978,0.1507759618607283,-0.6922142749712061,0.027499999999999858,0.0,0.12008367814852239,0.5,0.2864516129032258
2018-03-10,93.89539591471355,14357500.0,0.0,0.03081741600330304,15.020000139872232,1.42,2.0366666666666666,0.5,0.29161290322580635,95.0,-0.0010730818465838343,0.15970177597900873,0.18849865151147907,0.1893758515157978,0.3855044974685554,-0.6947411120921525,0.03166666666666673,0.0,0.12008367814852239,0.5,0.2877419354838709
2018-03-11,93.79453023274739,13348400.0,0.0,0.03081741600330304,15.399999936421713,1.42,2.043333333333333,0.5,0.29290322580645156,95.0,-0.0010742345882195359,0.15182143566921985,0.1874794715651096,0.1893758515157978,0.160239549558557,-0.6964279748311366,0.03583333333333316,0.0,0.12008367814852239,0.5,0.2890322580645161
2018-03-12,93.69366455078125,12339300.0,0.0,0.03081741600330304,15.779999732971191,1.42,2.05,0.5,0.2941935483870967,95.0,-0.0010753898091482306,0.15186906704722344,0.18732131610477532,0.1893758515157978,0.1514296867945906,-0.6972303408387679,0.040000000000000036,0.0,0.12008367814852239,0.5,0.2903225806451612
2018-03-13,92.57087707519531,13312300.0,0.0,0.03081741600330304,16.350000381469727,1.42,2.03,0.5,0.2954838709677419,95.0,-0.011983600822629725,0.15693856966111294,0.18641061334609046,0.1893758515157978,0.15122832112413262,-0.707307073812891,0.0,0.0,0.12008367814852239,0.5,0.29161290322580635
2018-03-14,91.53565216064453,12905100.0,0.0,0.03081741600330304,17.229999542236328,1.42,2.05,0.5,0.2967741935483871,90.0,-0.011183051811314959,0.16077716456107402,0.18794742149931873,0.1893758515157978,0.21319685547863687,-0.7074085228625461,0.029999999999999805,0.0,0.12008367814852239,0.5,0.29290322580645156
2018-03-15,91.7666015625,8748000.0,0.0,0.03081741600330304,16.59000015258789,1.43,2.07,0.5,0.2980645161290322,90.0,0.0025230540931762135,0.16009676913241086,0.1879813828466826,0.1893758515157978,0.20736749708190555,-0.7073959766028569,0.04999999999999982,0.010000000000000009,0.12008367814852239,0.5,0.29419354838709666
2018-03-16,91.92586517333984,19888900.0,0.0,0.03081741600330304,15.800000190734863,1.43,2.08,0.5,0.2993548387096774,90.0,0.0017355291372687098,0.14590414539295987,0.18798107730805147,0.1893758515157978,0.15534337755742544,-0.7067640028535921,0.05666666666666664,0.010000000000000009,0.12008367814852239,0.5,0.29548387096774187
2018-03-17,91.68431599934895,17664233.333333332,0.0,0.03081741600330304,16.8733336130778,1.43,2.08,0.5,0.30064516129032254,90.0,-0.0026276518968346707,0.14559581761471355,0.1880678937900093,0.1893758515157978,0.15227098626894797,-0.7069018820772192,0.05333333333333368,0.010000000000000009,0.12008367814852239,0.5,0.2967741935483871
2018-03-18,91.44276682535808,15439566.666666668,0.0,0.03081741600330304,17.946667035420734,1.43,2.08,0.5,0.30193548387096775,90.0,-0.002634574641889542,0.14425408028736414,0.18775330081499864,0.1893758515157978,0.15420339425904359,-0.7094371323585859,0.050000000000000266,0.010000000000000009,0.12008367814852239,0.5,0.2980645161290322
2018-03-19,91.20121765136719,13214900.0,0.0,0.03081741600330304,19.020000457763672,1.43,2.08,0.5,0.3032258064516129,90.0,-0.0026415339602772203,0.14446441382028816,0.18779416395349485,0.1893758515157978,0.15426485178688287,-0.7101973285541824,0.0,0.010000000000000009,0.12008367814852239,0.5,0.2993548387096774
2018-03-20,91.28881072998047,9921200.0,0.0,0.03081741600330304,18.200000762939453,1.44,2.08,0.5,0.304516129032258,90.0,0.0009604376001657311,0.144493661133676,0.18773379991676925,0.1893758515157978,0.15428493751482691,-0.7134515440905967,0.010000000000000231,0.08999999999999986,0.12008367814852239,0.5,0.30064516129032254
2018-03-21,91.36844635009766,13633000.0,0.0,0.03081741600330304,17.860000610351562,1.44,2.06,0.5,0.3058064516129032,90.0,0.0008723480948036322,0.14451651691266898,0.18758526026671346,0.1893758515157978,0.15117048371772784,-0.7133924555896012,0.010000000000000231,0.020000000000000018,0.12008367814852239,0.5,0.3019354838709677
2018-03-22,87.55412292480469,22550400.0,0.0,0.03081741600330304,23.34000015258789,1.68,2.05,0.5,0.3070967741935484,90.0,-0.04174661579203809,0.19017428747206286,0.20691047108438906,0.1893758515157978,0.1510165936865043,-0.7542896976462176,-0.010000000000000231,0.26,0.12008367814852239,0.5,0.3032258064516129
2018-03-23,85.21298217773438,23081500.0,0.0,0.03081741600330304,24.8700008392334,1.68,2.04,0.5,0.3083870967741935,85.0,-0.02673935468556965,0.20333900647489403,0.21368809253285573,0.1893758515157978,0.5545318273587351,-0.7489089250805071,-0.020000000000000018,0.26,0.12008367814852239,0.5,0.30451612903225805
2018-03-24,86.0889180501302,22126833.333333332,0.0,0.03081741600330304,23.59000078837077,1.68,2.046666666666667,0.5,0.30967741935483867,86.66666666666667,0.010279371171036278,0.2066370367319184,0.21494602159130818,0.1893758515157978,0.3796106236666453,-0.7515938811276518,-0.013333333333333197,0.26,0.12008367814852239,0.5,0.3058064516129032
2018-03-25,86.96485392252605,21172166.666666668,0.0,0.03081741600330304,22.310000737508137,1.68,2.0533333333333332,0.5,0.3109677419354838,88.33333333333333,0.010174780822379326,0.19927050149730993,0.21431212774048478,0.1893758515157978,0.204394764689226,-0.7621583324209196,-0.006666666666666821,0.26,0.12008367814852239,0.5,0.30709677419354836
2018-03-26,87.84078979492188,20217500.0,0.0,0.03081741600330304,21.030000686645508,1.68,2.06,0.5,0.312258064516129,90.0,0.010072297403916464,0.20165898215439967,0.21547967267520937,0.1893758515157978,0.19789252168154517,-0.764479056461698,0.0,0.26,0.12008367814852239,0.5,0.30838709677419346
2018-03-27,86.1366958618164,18039900.0,0.0,0.03081741600330304,22.5,1.68,2.1,0.5,0.3135483870967742,85.0,-0.019399802040532044,0.20685416373578597,0.21848362534696905,0.1893758515157978,0.1969337191241672,-0.7642044361361301,0.050000000000000266,0.26,0.12008367814852239,0.5,0.30967741935483867
2018-03-28,86.00131225585938,19189300.0,0.0,0.03081741600330304,22.8700008392334,1.68,2.12,0.5,0.3148387096774193,85.0,-0.0015717297326358626,0.20581607247226888,0.21847731810777457,0.1893758515157978,0.2883659671861079,-0.765481860044086,0.07000000000000028,0.26,0.12008367814852239,0.5,0.3109677419354839
2018-03-29,87.57006072998047,13274600.0,0.0,0.03081741600330304,19.969999313354492,1.68,2.09,0.5,0.3161290322580645,90.0,0.018240982991677646,0.21296104402046756,0.22202945469355517,0.1893758515157978,0.15627375321496412,-0.7748133083609875,0.06000000000000005,0.26,0.12008367814852239,0.5,0.312258064516129
2018-03-30,87.14801597595215,14661575.0,0.0,0.03081741600330304,20.88249969482422,1.68,2.0875,0.5,0.31651344086021505,88.75,-0.004819509664720667,0.20909666365828158,0.22216977041342442,0.1893758515157978,0.271850767932247,-0.7764685563212296,0.050833333333333286,0.26,0.12008367814852239,0.5,0.3134189708141321
2018-03-31,86.72597122192383,16048550.0,0.0,0.03081741600330304,21.795000076293945,1.68,2.085,0.5,0.31689784946236554,87.5,-0.004842849826263151,0.2035842640415895,0.22162625353165094,0.1893758515157978,0.1657800608708485,-0.7761119784160093,0.04166666666666696,0.26,0.12008367814852239,0.5,0.3144504608294931
2018-04-01,86.30392646789551,17435525.0,0.0,0.03081741600330304,22.707500457763672,1.68,2.0825,0.5,0.31728225806451604,86.25,-0.004866417153730596,0.2038349377901102,0.22144025126653036,0.1893758515157978,0.16273195552707181,-0.7758072376185046,0.032500000000000195,0.26,0.12008367814852239,0.5,0.31535253456221196
2018-04-02,85.88188171386719,18822500.0,0.0,0.03081741600330304,23.6200008392334,1.68,2.08,0.5,0.3176666666666666,85.0,-0.0048902149797936945,0.20308524851577636,0.22028589365062082,0.1893758515157978,0.16277415119771788,-0.7791191859484949,0.050000000000000266,0.26,0.12008367814852239,0.5,0.3161251920122887
2018-04-03,87.06043243408203,14050700.0,0.0,0.03081741600330304,21.100000381469727,1.69,2.09,0.5,0.3153333333333333,85.0,0.013722926148048487,0.2070817509032309,0.21793076656573465,0.19072985445159935,0.16288758730935088,-0.7737405634240727,0.040000000000000036,0.27,0.12008367814852239,0.5,0.31638018433179715
2018-04-04,88.38227844238281,15302600.0,0.0,0.03081741600330304,20.059999465942383,1.69,2.07,0.5,0.313,90.0,0.01518308571809146,0.21183042162632798,0.21790387834845665,0.1909111054092713,0.22774029523592626,-0.7680883730832075,0.0,0.26,0.12008367814852239,0.5,0.31611751152073725
2018-04-05,89.54277801513672,16627000.0,0.56,0.03081741600330304,18.940000534057617,1.69,2.07,0.5,0.3106666666666666,90.0,0.013130455485037551,0.21576697284898522,0.21692532754292806,0.19177531147450538,0.24269633307674407,-0.7626282193520909,-0.010000000000000231,0.26,0.12008367814852239,0.5,0.315337173579109
2018-04-06,87.309814453125,18906000.0,0.0,0.03081741600330304,21.489999771118164,1.69,2.06,0.5,0.3083333333333333,85.0,-0.024937394299228144,0.22703397726652397,0.22047947669649,0.19652546382967917,0.22393332469713556,-0.7644772358344832,-0.020000000000000018,0.26,0.12008367814852239,0.5,0.31416858678955445
2018-04-07,87.6593017578125,17928766.666666668,0.0,0.03081741600330304,21.583333333333332,1.69,2.066666666666667,0.5,0.30599999999999994,86.66666666666667,0.004002840996473855,0.2275550111260212,0.21171594910803246,0.19663124495881182,0.35097888239535435,-0.8835236230190916,-0.013333333333333197,0.26,0.12008367814852239,0.5,0.3126117511520737
2018-04-08,88.0087890625,16951533.333333332,0.0,0.03081741600330304,21.676666895548504,1.69,2.0733333333333333,0.5,0.30366666666666664,88.33333333333333,0.003986882141191028,0.2101787047525542,0.21139664369373806,0.19673414290166302,0.16561336604106122,-0.8836724155775595,-0.006666666666666821,0.26,0.12008367814852239,0.5,0.31066666666666665
2018-04-09,88.3582763671875,15974300.0,0.0,0.03081741600330304,21.770000457763672,1.69,2.08,0.5,0.3013333333333333,90.0,0.003971050032733681,0.21091766309886423,0.1897310218866739,0.19666631456556638,0.15896193184487328,-0.8561790533325063,0.0,0.25,0.12008367814852239,0.5,0.3083333333333333
2018-04-10,90.0469970703125,13951400.0,0.0,0.03081741600330304,20.469999313354492,1.69,2.09,0.5,0.299,90.0,0.019112196078918897,0.21949771604416424,0.1893505138686383,0.1983497499464767,0.15874839859900797,-0.849940949572034,0.029999999999999805,0.25,0.12008367814852239,0.5,0.306
2018-04-11,88.53435516357422,14503300.0,0.0,0.03081741600330304,20.239999771118164,1.69,2.09,0.5,0.2966666666666667,90.0,-0.01679836036683313,0.2240880453369513,0.1923999418707724,0.2002361430217538,0.2808518367768804,-0.8335532208970251,0.040000000000000036,0.010000000000000009,0.12008367814852239,0.5,0.30366666666666664
2018-04-12,90.73530578613281,16435500.0,0.0,0.03081741600330304,18.489999771118164,1.69,2.11,0.5,0.2943333333333333,90.0,0.02485984811762809,0.23453202330399356,0.19859615857082002,0.20258063440618182,0.2624708811918263,-0.8325250182728994,0.06999999999999984,0.010000000000000009,0.12008367814852239,0.5,0.3013333333333333
2018-04-13,88.27825164794922,16471750.0,0.0,0.03081741600330304,17.40999984741211,1.69,2.12,0.5,0.292,90.0,-0.027079361411697644,0.24533881647196945,0.20636796875766192,0.20776724817418712,0.3437462250546202,-0.7761065383939693,0.07333333333333325,0.010000000000000009,0.12008367814852239,0.5,0.299
2018-04-14,88.25423685709636,16508000.0,0.0,0.03081741600330304,17.1266663869222,1.69,2.12,0.5,0.28966666666666663,90.0,-0.0002720351887872674,0.24510352219884352,0.20595144209707217,0.207763771494491,0.37796880314269166,-0.7756360593491958,0.06666666666666687,0.010000000000000009,0.12008367814852239,0.5,0.2966666666666666
2018-04-15,88.23022206624348,16544250.0,0.0,0.03081741600330304,16.843332926432293,1.69,2.12,0.5,0.28733333333333333,90.0,-0.0002721092120683277,0.24495658657236202,0.20024610782026167,0.20776022939392472,0.15930862374343543,-0.7739361256141862,0.06000000000000005,0.010000000000000009,0.12008367814852239,0.5,0.29433333333333334
2018-04-16,88.20620727539062,16580500.0,0.0,0.03081741600330304,16.559999465942383,1.69,2.12,0.5,0.285,90.0,-0.0002721832756448217,0.24494627553540899,0.19999923713020293,0.20775662164558986,0.1508474856884225,-0.7744071065741651,0.020000000000000018,0.010000000000000009,0.12008367814852239,0.5,0.2919999999999999
2018-04-17,88.20620727539062,15501400.0,0.0,0.03081741600330304,15.25,1.69,2.16,0.5,0.2826666666666667,90.0,0.0,0.24493936310091444,0.19954173857014085,0.20746177578634328,0.15065307682275972,-0.7698719225279986,0.040000000000000036,0.010000000000000009,0.12008367814852239,0.5,0.2896666666666667
2018-04-18,87.4939193725586,16081400.0,0.0,0.03081741600330304,15.600000381469727,1.69,2.17,0.5,0.2803333333333333,85.0,-0.008075258248075201,0.24572966334816115,0.20013130989331004,0.2078312497818903,0.1506102034291448,-0.770645929404929,0.08000000000000007,0.010000000000000009,0.12008367814852239,0.5,0.2873333333333333
2018-04-19,89.41472625732422,17911000.0,0.0,0.03081741600330304,15.960000038146973,1.69,2.21,0.5,0.278,90.0,0.02195360430233584,0.25465114914119724,0.20534252639809486,0.2110520430969669,0.18160401218441824,-0.7423012252590183,0.12250000000000005,0.010000000000000009,0.12008367814852239,0.5,0.285
2018-04-20,89.21464538574219,15584400.0,0.0,0.03081741600330304,16.8799991607666,1.7,2.22,0.5,0.2756666666666666,90.0,-0.0022376724724988417,0.25464486309631984,0.20537678699614706,0.21097573932998706,0.3110914026764386,-0.7413832503685137,0.13500000000000023,0.020000000000000018,0.12008367814852239,0.5,0.2826666666666666
2018-04-21,89.07058461507161,14151533.333333334,0.0,0.03081741600330304,16.6999994913737,1.7,2.23,0.5,0.27333333333333326,90.0,-0.0016147659394676328,0.2216858078350071,0.20538969677649,0.21088018615025395,0.15850642693730524,-0.741681672475228,0.14749999999999996,0.020000000000000018,0.12008367814852239,0.5,0.2803333333333333
2018-04-22,88.92652384440105,12718666.666666666,0.0,0.03081741600330304,16.519999821980793,1.7,2.24,0.5,0.27099999999999996,90.0,-0.0016173776257687456,0.20577262881604613,0.2051791017091546,0.21078097074104118,0.15214051206088738,-0.7408900140547463,0.16000000000000014,0.020000000000000018,0.12008367814852239,0.5,0.27799999999999997
2018-04-23,88.78246307373047,11285800.0,0.0,0.03081741600330304,16.34000015258789,1.7,2.25,0.5,0.2686666666666666,90.0,-0.0016199977739222993,0.20422657818388906,0.20517398725756308,0.21078919034918464,0.1519996265622599,-0.7471422974326468,0.16000000000000014,0.010000000000000009,0.12008367814852239,0.5,0.2756666666666666
2018-04-24,88.36629486083984,16453100.0,0.0,0.03081741600330304,18.020000457763672,1.7,2.25,0.5,0.2663333333333333,90.0,-0.0046875046994924174,0.203004170946006,0.20079690843861905,0.20976609610322602,0.1520008590364044,-0.732539691918779,0.18000000000000016,0.010000000000000009,0.12008367814852239,0.5,0.2733333333333333
2018-04-25,88.03016662597656,13548200.0,0.0,0.03081741600330304,17.84000015258789,1.7,2.26,0.5,0.264,90.0,-0.0038038059125667933,0.20133755175008478,0.20060117438879968,0.20983709234517176,0.16171060747635438,-0.7315141553206449,0.18999999999999995,0.010000000000000009,0.12008367814852239,0.5,0.27099999999999996
2018-04-26,88.11817932128906,10299500.0,0.0,0.03081741600330304,16.239999771118164,1.7,2.25,0.5,0.2616666666666666,90.0,0.0009998015303827046,0.19251503538768794,0.20035855987974877,0.20961991998917365,0.1582261079829086,-0.7264524866803472,0.18999999999999995,0.010000000000000009,0.12008367814852239,0.5,0.26866666666666666
2018-04-27,87.55795288085938,9384000.0,0.0,0.03081741600330304,15.40999984741211,1.7,2.24,0.5,0.2593333333333333,90.0,-0.00635767153548461,0.19352168117816812,0.20034470764405893,0.20984581315870512,0.15130134172856116,-0.7193578521340623,0.17333333333333334,0.010000000000000009,0.12008367814852239,0.5,0.2663333333333333
2018-04-28,87.39253997802734,10837633.333333334,0.0,0.03081741600330304,15.583333333333334,1.6966666666666665,2.24,0.5,0.25699999999999995,88.33333333333333,-0.001889181934816464,0.18637129931732482,0.19911618380699905,0.20985598717679127,0.17046775330314407,-0.7194273374755976,0.16666666666666696,0.006666666666666599,0.12008367814852239,0.5,0.26399999999999996
2018-04-29,87.22712707519531,12291266.666666668,0.0,0.03081741600330304,15.756666819254557,1.6933333333333334,2.24,0.5,0.25466666666666665,86.66666666666667,-0.0018927576984674177,0.18591285031374966,0.19670499966848654,0.20986586223996545,0.15292363163443867,-0.7142004937226155,0.16000000000000014,0.0033333333333334103,0.12008367814852239,0.5,0.26166666666666666
2018-04-30,87.06171417236328,13744900.0,0.0,0.03081741600330304,15.930000305175781,1.69,2.24,0.5,0.2523333333333333,85.0,-0.0018963470238958502,0.18543467590659266,0.1934290066710918,0.20935270300257752,0.15251565400278244,-0.7023679668081397,0.15000000000000036,0.0,0.12008367814852239,0.5,0.2593333333333333
2018-05-01,87.06171417236328,10503400.0,0.0,0.03081741600330304,15.489999771118164,1.7,2.26,0.5,0.25,85.0,0.0,0.1848280606610301,0.19343157914558903,0.20915399403241025,0.15251353192568032,-0.7316755392114309,0.16999999999999993,0.010000000000000009,0.12008367814852239,0.5,0.257
2018-05-02,86.37342071533203,12162100.0,0.0,0.03081741600330304,15.970000267028809,1.7,2.24,0.5,0.2506451612903226,85.0,-0.007905810993665718,0.18577602680482846,0.19363599009381985,0.2086790272018477,0.1506520247501929,-0.7328301701756779,0.13000000000000034,0.010000000000000009,0.12008367814852239,0.5,0.2550921658986175
2018-05-03,85.82920837402344,15379100.0,0.0,0.03081741600330304,15.899999618530273,1.7,2.24,0.5,0.2512903225806451,85.0,-0.0063006922361243944,0.18219855225948475,0.19356333897556358,0.20568268423183642,0.18041901243528796,-0.7316866784346362,0.1200000000000001,0.010000000000000009,0.12008367814852239,0.5,0.25360983102918583
2018-05-04,86.78157043457031,11967900.0,0.0,0.03081741600330304,14.770000457763672,1.7,2.24,0.5,0.2519354838709677,85.0,0.011096013566811669,0.1795640533262667,0.1947474320803257,0.20491895915061994,0.17076581196454224,-0.7355102215534579,0.1200000000000001,0.010000000000000009,0.12008367814852239,0.5,0.25255299539170506
2018-05-05,87.03235371907552,11097500.0,0.0,0.03081741600330304,14.763333638509115,1.7,2.2433333333333336,0.5,0.25258064516129025,86.66666666666667,0.002889821920130986,0.17521246340479416,0.1948697022040482,0.2031804144239741,0.20469605811049132,-0.7345832380763341,0.12333333333333352,0.010000000000000009,0.12008367814852239,0.5,0.2519216589861751
2018-05-06,87.28313700358073,10227100.0,0.0,0.03081741600330304,14.756666819254557,1.7,2.2466666666666666,0.5,0.25322580645161286,88.33333333333333,0.0028814949129687406,0.1595737178459704,0.19492543939318785,0.20130493738669508,0.15625833394949015,-0.737044664566929,0.12666666666666648,0.010000000000000009,0.12008367814852239,0.5,0.25171582181259594
2018-05-07,87.53392028808594,9356700.0,0.0,0.03081741600330304,14.75,1.7,2.25,0.5,0.2538709677419354,90.0,0.0028732157563826632,0.15936141004931026,0.1950604710765724,0.1949189495526029,0.15497942110808216,-0.7407745321759837,0.08999999999999986,0.010000000000000009,0.12008367814852239,0.5,0.2519354838709677
2018-05-08,88.8304672241211,12543200.0,0.0,0.03081741600330304,14.710000038146973,1.7,2.26,0.5,0.254516129032258,90.0,0.01481193726692509,0.16465921243392453,0.18825873701846463,0.19617374565537807,0.1549267539230864,-0.7194031876207648,0.08999999999999986,0.010000000000000009,0.12008367814852239,0.5,0.25258064516129025
2018-05-09,90.76730346679688,11368100.0,0.0,0.03081741600330304,13.420000076293945,1.7,2.27,0.5,0.2551612903225806,90.0,0.02180373810022984,0.1755972044715629,0.1938279752304488,0.18417724178680617,0.23785274655926472,-0.7246718996174848,0.06000000000000005,0.010000000000000009,0.12008367814852239,0.5,0.25322580645161286
2018-05-10,91.47163391113281,9159700.0,0.0,0.03081741600330304,13.229999542236328,1.7,2.27,0.5,0.2558064516129032,90.0,0.007759737454287041,0.1684556105254407,0.19456748336161653,0.1817001132483995,0.31033947738640194,-0.7236643870214586,0.04999999999999982,0.0,0.12008367814852239,0.5,0.25387096774193546
2018-05-11,91.1274642944336,10253000.0,0.0,0.03081741600330304,12.649999618530273,1.7,2.28,0.5,0.2564516129032258,90.0,-0.00376258302145982,0.16073838004427465,0.19468467408479984,0.18166464447095207,0.18353846291477893,-0.7205314505668683,0.04999999999999982,0.0,0.12008367814852239,0.5,0.254516129032258
2018-05-12,91.13814036051433,9738900.0,0.0,0.03081741600330304,12.743333180745443,1.7,2.28,0.5,0.2570967741935484,90.0,0.00011715530727629542,0.14433598756441246,0.19318115946207948,0.18148844650880655,0.15860235790581917,-0.7193338032076054,0.03999999999999959,0.0,0.12008367814852239,0.5,0.25516129032258067
2018-05-13,91.14881642659505,9224800.0,0.0,0.03081741600330304,12.836666742960611,1.7,2.28,0.5,0.257741935483871,90.0,0.00011714158351794346,0.11829236266923335,0.1918198880535753,0.1813097111366326,0.15079952727557758,-0.7159854462033796,0.029999999999999805,0.0,0.12008367814852239,0.5,0.2558064516129032
2018-05-14,91.15949249267578,8710700.0,0.0,0.03081741600330304,12.930000305175781,1.7,2.28,0.5,0.2583870967741936,90.0,0.00011712786297479738,0.11825946209706885,0.19174448423566565,0.18103575706288888,0.15062061143351768,-0.7157315795046256,0.029999999999999805,0.0,0.12008367814852239,0.5,0.2564516129032258
2018-05-15,90.46318817138672,11536200.0,0.0,0.03081741600330304,14.630000114440918,1.7,2.31,0.5,0.2590322580645161,90.0,-0.007638308444345543,0.12090684362494747,0.19232535244332308,0.17738603316372073,0.15061661073586158,-0.7169311853399217,0.050000000000000266,0.0,0.12008367814852239,0.5,0.2570967741935484
2018-05-16,90.7112808227539,7571100.0,0.0,0.03081741600330304,13.420000076293945,1.7,2.32,0.5,0.2596774193548387,90.0,0.0027424707926186898,0.12098254866962095,0.19235830883876226,0.177304162589875,0.17858285375279143,-0.7171648776211005,0.06999999999999984,0.0,0.12008367814852239,0.5,0.257741935483871
2018-05-17,90.40718078613281,8617200.0,0.0,0.03081741600330304,13.430000305175781,1.7,2.32,0.5,0.2603225806451613,90.0,-0.0033523949156366584,0.12159760036682793,0.19240329318649524,0.1769868713750749,0.15512463315487504,-0.7191742478719114,0.07999999999999963,0.0,0.12008367814852239,0.5,0.2583870967741935
2018-05-18,88.9425277709961,11806300.0,0.0,0.03081741600330304,13.420000076293945,1.7,2.32,0.5,0.2609677419354839,90.0,-0.0162006270121563,0.1289602793744821,0.19517444136606252,0.1790555045075662,0.15646144647365162,-0.7124928285927982,0.07999999999999963,0.0033333333333334103,0.12008367814852239,0.5,0.25903225806451613
2018-05-19,89.21464284261067,11018166.666666666,0.0,0.03081741600330304,13.306666692097982,1.7,2.33,0.5,0.26161290322580644,90.0,0.0030594483700217,0.11265234957103654,0.1952847936405739,0.17914234064401435,0.253984924119515,-0.7132005493768124,0.08999999999999986,0.006666666666666599,0.12008367814852239,0.5,0.25967741935483873
2018-05-20,89.48675791422527,10230033.333333334,0.0,0.03081741600330304,13.193333307902018,1.7,2.34,0.5,0.26225806451612904,90.0,0.003050116695469507,0.11281093311966613,0.19539522457909703,0.1792270843678326,0.15836362887271788,-0.7128309051521272,0.09999999999999964,0.010000000000000009,0.12008367814852239,0.5,0.2603225806451613
2018-05-21,89.75887298583984,9441900.0,0.0,0.03081741600330304,13.079999923706055,1.7,2.35,0.5,0.2629032258064516,90.0,0.0030408417732086246,0.11300107081156377,0.17446666138898767,0.1793097574809092,0.155529363830945,-0.6191831833347891,0.0900000000000003,0.0,0.12008367814852239,0.5,0.26096774193548383
2018-05-22,90.44718933105469,11507600.0,0.0,0.03081741600330304,13.220000267028809,1.7,2.34,0.5,0.2635483870967742,90.0,0.007668504765244055,0.11483673295992547,0.16535221364230498,0.17964214520092234,0.1554371312293756,-0.5860636433315487,0.09999999999999964,0.0,0.12008367814852239,0.5,0.26161290322580644
2018-05-23,90.031005859375,11453900.0,0.0,0.03081741600330304,12.579999923706055,1.7,2.29,0.5,0.2641935483870967,90.0,-0.00460139750895272,0.11565575613482296,0.16460786872953664,0.17977594899605745,0.17848460408162556,-0.5724427571001336,0.04999999999999982,0.0,0.12008367814852239,0.5,0.26225806451612904
2018-05-24,89.02255249023438,14084800.0,0.0,0.03081741600330304,12.529999732971191,1.7,2.28,0.5,0.2648387096774193,90.0,-0.011201178521939359,0.1196981598969266,0.16523848555751655,0.17741200970331913,0.16192490894218312,-0.5610716929916292,0.03999999999999959,0.0,0.12008367814852239,0.5,0.2629032258064516
2018-05-25,88.56636047363281,8283500.0,0.0,0.03081741600330304,13.220000267028809,1.7,2.27,0.5,0.2654838709677419,90.0,-0.005124454465081807,0.12014982909807102,0.16438253488560164,0.17739899980725832,0.2064855540414574,-0.5557802468834806,0.026666666666666394,0.0,0.12008367814852239,0.5,0.2635483870967742
2018-05-26,87.61995315551758,10124960.0,0.0,0.03081741600330304,14.170000314712524,1.7,2.245,0.5,0.2661290322580645,88.75,-0.010685855363752772,0.12422411472544956,0.16080871773073285,0.178012355193119,0.16511548147752772,-0.540116344075898,-0.0016666666666664831,0.0,0.12008367814852239,0.5,0.26419354838709674
2018-05-27,86.67354583740234,11966420.0,0.0,0.03081741600330304,15.12000036239624,1.7,2.2199999999999998,0.5,0.26677419354838705,87.5,-0.010801276239390867,0.12681667173410058,0.16238551607449578,0.1786042270635365,0.2021474383354125,-0.5496893156627182,-0.03000000000000025,0.0,0.12008367814852239,0.5,0.2648387096774193
2018-05-28,85.72713851928711,13807880.0,0.0,0.03081741600330304,16.070000410079956,1.7,2.195,0.5,0.2674193548387096,86.25,-0.0109192177263715,0.13046650790948638,0.15956304253233022,0.17844383142239012,0.2038680621363664,-0.5234870571346361,-0.06499999999999995,0.0,0.12008367814852239,0.5,0.2654838709677419
2018-05-29,84.78073120117188,15649340.0,0.0,0.03081741600330304,17.020000457763672,1.7,2.17,0.5,0.2680645161290322,85.0,-0.011039763305552452,0.13391797622763446,0.16082677422978792,0.17746614291735224,0.2049040301707477,-0.5313880724305969,-0.10000000000000009,0.0,0.12008367814852239,0.5,0.26612903225806445
2018-05-30,86.71755981445312,17490800.0,0.0,0.03081741600330304,14.9399995803833,1.7,2.23,0.5,0.2687096774193548,85.0,0.022845151083746185,0.15022060412084495,0.16732554108790326,0.17935778957675869,0.20595302777397595,-0.5673003453275549,-0.040000000000000036,0.0,0.12008367814852239,0.5,0.26677419354838705
2018-05-31,85.64510345458984,19808200.0,0.0,0.03081741600330304,15.430000305175781,1.7,2.23,0.5,0.2693548387096774,85.0,-0.012367234066064436,0.1543972608842168,0.16897767798068758,0.1804756651403143,0.32099822952717644,-0.570351867951497,-0.04999999999999982,0.0,0.12008367814852239,0.5,0.26741935483870966
2018-06-01,86.75758361816406,13594200.0,0.0,0.03081741600330304,13.460000038146973,1.7,2.28,0.5,0.27,85.0,0.012989419344493713,0.15751400400582646,0.17076027307033126,0.18163974845367342,0.22075790278093005,-0.5831129014757106,0.0,0.0,0.12008367814852239,0.5,0.2680645161290322
2018-06-02,86.7709223429362,12201266.666666666,0.0,0.03081741600330304,13.21999994913737,1.7,2.2866666666666666,0.5,0.272,85.0,0.00015374707565452006,0.15631674910057064,0.16844068696529294,0.18139868095217018,0.22215566864505762,-0.568162032857676,0.006666666666666821,0.0,0.12008367814852239,0.5,0.2689032258064516
2018-06-03,86.78426106770833,10808333.333333334,0.0,0.03081741600330304,12.979999860127768,1.7,2.293333333333333,0.5,0.274,85.0,0.00015372344112485337,0.15300813850003758,0.16546776279534445,0.181155353671854,0.15258634060756532,-0.5574682396721131,0.013333333333333197,0.0,0.12008367814852239,0.5,0.2699354838709677
2018-06-04,86.79759979248047,9415400.0,0.0,0.03081741600330304,12.739999771118164,1.7,2.3,0.5,0.276,85.0,0.0001536998138607082,0.15276525820086054,0.16311813630719635,0.18114285049512105,0.1506659533536246,-0.5458726094369843,-0.010000000000000231,0.0,0.12008367814852239,0.5,0.2711612903225807
2018-06-05,86.30937957763672,10415200.0,0.0,0.03081741600330304,12.399999618530273,1.7,2.32,0.5,0.278,85.0,-0.005624812391252898,0.15332129236612896,0.1551743002458442,0.18126365223839297,0.15062277263445872,-0.47715817710629477,0.0,0.0,0.12008367814852239,0.5,0.2725806451612903
2018-06-06,88.32625579833984,15453600.0,0.0,0.03081741600330304,11.640000343322754,1.7,2.32,0.5,0.28,90.0,0.02336798422805142,0.16758688789036605,0.1621580772128619,0.18556121590024158,0.16633331849551217,-0.48654222389985496,0.0,0.0,0.12008367814852239,0.5,0.2741935483870968
2018-06-07,88.67842102050781,13444400.0,0.0,0.03081741600330304,12.130000114440918,1.7,2.31,0.5,0.282,90.0,0.003987095558222409,0.16237928086846526,0.1621580987843305,0.17925034237435583,0.3261399438859142,-0.48086007300300465,-0.009999999999999787,0.0,0.12008367814852239,0.5,0.27599999999999997
2018-06-08,88.92655181884766,10383200.0,0.0,0.03081741600330304,12.180000305175781,1.7,2.3,0.5,0.284,90.0,0.0027980967126428613,0.14923590642422652,0.1620576245293145,0.17934110167216213,0.16441563474007828,-0.48216645041323153,-0.03000000000000025,0.0,0.12008367814852239,0.5,0.27799999999999997
2018-06-09,88.85183970133464,11136433.333333334,0.0,0.03081741600330304,12.236666997273764,1.7,2.3066666666666666,0.5,0.286,90.0,-0.0008401553415139373,0.14708940934648712,0.15724201270107724,0.1793397890221342,0.1549295896726298,-0.4576289796617873,-0.033333333333333215,0.0,0.12008367814852239,0.5,0.27999999999999997
2018-06-10,88.77712758382161,11889666.666666666,0.0,0.03081741600330304,12.293333689371744,1.7,2.313333333333333,0.5,0.288,90.0,-0.0008408617960434794,0.14684949087457086,0.15334412483972848,0.1793384607329612,0.15107374611112107,-0.47307047311187117,-0.03666666666666707,0.0,0.12008367814852239,0.5,0.282
2018-06-11,88.7024154663086,12642900.0,0.0,0.03081741600330304,12.350000381469727,1.7,2.32,0.5,0.29,90.0,-0.0008415694396337603,0.14681971556156412,0.14458888446704551,0.1782885968772453,0.15098710714593297,-0.4204057838116614,-0.020000000000000018,0.0,0.12008367814852239,0.5,0.284
2018-06-12,88.19021606445312,15294100.0,0.0,0.03081741600330304,12.34000015258789,1.7,2.31,0.5,0.292,90.0,-0.005774356866865893,0.1474601747165516,0.13366626071976925,0.17758770257123388,0.15098578956103875,-0.5375239656431486,0.020000000000000018,0.0,0.12008367814852239,0.5,0.286
2018-06-13,88.01412963867188,14979700.0,0.0,0.03081741600330304,12.9399995803833,1.7,2.35,0.5,0.294,90.0,-0.0019966662248854794,0.14743593372337654,0.13372717563884481,0.1775373077591864,0.167148200945999,-0.5375294946092712,0.07000000000000028,0.0,0.12008367814852239,0.5,0.288
2018-06-14,86.46145629882812,20487300.0,0.0,0.03081741600330304,12.119999885559082,1.9,2.35,0.5,0.296,85.0,-0.017641182685303014,0.15408915887045913,0.1385895111072572,0.17984618183437037,0.15305623977824745,-0.4799937892338178,0.08000000000000007,0.19999999999999996,0.12008367814852239,0.5,0.29
2018-06-15,86.35743713378906,17812175.0,0.0,0.03081741600330304,11.979999542236328,1.9,2.35,0.5,0.298,85.0,-0.0012030697780470723,0.1535677261522404,0.13860078598838618,0.17981821513298774,0.2689212982807901,-0.48006168339300775,0.10499999999999998,0.19999999999999996,0.12008367814852239,0.5,0.292
2018-06-16,86.43212636311848,15137050.0,0.0,0.03081741600330304,12.089999834696451,1.9,2.35,0.5,0.3,85.0,0.0008648847373007307,0.15364474512286277,0.1386215137044947,0.17980491426648415,0.15498020990350528,-0.4900662229533871,0.13000000000000034,0.19999999999999996,0.12008367814852239,0.5,0.294
2018-06-17,86.50681559244792,12461925.0,0.0,0.03081741600330304,12.200000127156576,1.9,2.35,0.5,0.302,85.0,0.0008641373580888789,0.14716414963213695,0.1376900304962311,0.17978922288797528,0.1510961190974406,-0.48534200364551083,0.15500000000000025,0.19999999999999996,0.12008367814852239,0.5,0.296
2018-06-18,86.58150482177734,9786800.0,0.0,0.03081741600330304,12.3100004196167,1.9,2.35,0.5,0.304,85.0,0.0008633912694382406,0.14678563393014848,0.12993398809139237,0.17978693363650053,0.15100754672681752,-0.5416993675529761,0.18000000000000016,0.19999999999999996,0.12008367814852239,0.5,0.298
2018-06-19,86.07728576660156,12707200.0,0.0,0.03081741600330304,13.350000381469727,1.91,2.34,0.5,0.306,85.0,-0.005823634692116775,0.14691753973986987,0.1303444761982727,0.17998333401630495,0.15100490003268283,-0.5497251590524553,0.10999999999999988,0.20999999999999996,0.12008367814852239,0.5,0.3
2018-06-20,86.06928253173828,8876900.0,0.0,0.03081741600330304,12.789999961853027,1.92,2.36,0.5,0.308,85.0,-9.297731442159396e-05,0.1463949365204638,0.13033097214493816,0.1653722117799814,0.16741849275625675,-0.5487321912554781,0.1299999999999999,0.21999999999999997,0.12008367814852239,0.5,0.302
2018-06-21,86.0452651977539,11048700.0,0.0,0.03081741600330304,14.640000343322754,1.92,2.34,0.5,0.31,85.0,-0.00027904652249799433,0.14392476207811059,0.13031390339407734,0.15897941136826654,0.15100962398238357,-0.5182751423420578,0.06000000000000005,0.21999999999999997,0.12008367814852239,0.5,0.304
2018-06-22,84.63667297363281,19478900.0,0.0,0.03081741600330304,13.770000457763672,1.92,2.33,0.5,0.312,85.0,-0.01637036298143535,0.15004062341233781,0.13434496538074112,0.16044808880583997,0.15065867263371477,-0.46392227053633495,0.043333333333333446,0.21999999999999997,0.12008367814852239,0.5,0.306
2018-06-23,84.38056182861328,18621800.0,0.0,0.03081741600330304,14.956666946411133,1.92,2.3333333333333335,0.5,0.314,85.0,-0.003026006765404432,0.14752789361972232,0.1341814635716732,0.15956157068752702,0.25564826560162335,-0.463884923646799,0.04000000000000048,0.21999999999999997,0.12008367814852239,0.5,0.308
2018-06-24,84.12445068359375,17764700.0,0.0,0.03081741600330304,16.143333435058594,1.92,2.3366666666666664,0.5,0.316,85.0,-0.00303519127473606,0.14723864069630774,0.13411607985663312,0.15865531837384356,0.15835063704498442,-0.46255438065583715,0.036666666666666625,0.21999999999999997,0.12008367814852239,0.5,0.31
2018-06-25,83.86833953857422,16907600.0,0.0,0.03081741600330304,17.329999923706055,1.92,2.34,0.5,0.318,85.0,-0.003044431707290518,0.1448076359165699,0.13414634606768577,0.15539480131630742,0.15551170053269053,-0.46962463630014295,0.020000000000000018,0.21999999999999997,0.12008367814852239,0.5,0.312
2018-06-26,83.92436981201172,17086800.0,0.0,0.03081741600330304,15.920000076293945,1.92,2.33,0.5,0.32,85.0,0.0006680741951703428,0.14213379737977733,0.13367667525889007,0.15538792208601845,0.15547612236660477,-0.48003984956505136,0.010000000000000231,0.21999999999999997,0.12008367814852239,0.5,0.314
2018-06-27,82.6278076171875,16276800.0,0.0,0.03081741600330304,17.90999984741211,1.91,2.33,0.5,0.322,85.0,-0.015449174032864166,0.1454964930161084,0.13709021336820598,0.15433473747083498,0.15095123514780912,-0.5140302114263426,0.020000000000000018,0.20999999999999996,0.12008367814852239,0.5,0.316
2018-06-28,83.98037719726562,14491300.0,0.0,0.03081741600330304,16.850000381469727,1.91,2.33,0.5,0.324,85.0,0.016369423552232476,0.1508507951001367,0.14151239689873585,0.1567247478510859,0.24628265454698056,-0.533003017873863,0.03000000000000025,0.20999999999999996,0.12008367814852239,0.5,0.318
2018-06-29,83.3961181640625,18972400.0,0.0,0.03081741600330304,16.09000015258789,1.91,2.33,0.5,0.326,85.0,-0.006957089890543444,0.1353886858011187,0.14208890000723842,0.15693573571766983,0.25460679112633844,-0.5156162105449864,0.023333333333333428,0.20999999999999996,0.12008367814852239,0.5,0.32
2018-06-30,83.63089243570964,16358266.666666668,0.0,0.03081741600330304,15.926666895548502,1.91,2.3333333333333335,0.5,0.3264731182795699,85.0,0.0028151702599068518,0.13164655827274363,0.1422661743178301,0.15684674745654648,0.1768010477174966,-0.5166894820581248,0.020000000000000462,0.20999999999999996,0.12008367814852239,0.5,0.3217818740399386
2018-07-01,83.86566670735677,13744133.333333334,0.0,0.03081741600330304,15.763333638509115,1.91,2.3366666666666664,0.5,0.32694623655913974,85.0,0.002807267324423268,0.12563008740368992,0.14162420050314806,0.15674340561570002,0.15528209234818816,-0.5135324706702674,0.016666666666666607,0.20999999999999996,0.12008367814852239,0.5,0.3233456221198157
2018-07-02,84.1004409790039,11130000.0,0.0,0.03081741600330304,15.600000381469727,1.91,2.34,0.5,0.3274193548387096,85.0,0.002799408636031897,0.12609711686241,0.14125325550477985,0.15506367825586848,0.15474485295087637,-0.516816636681263,0.029999999999999805,0.20999999999999996,0.12008367814852239,0.5,0.3246912442396313
2018-07-03,82.9239273071289,8311700.0,0.0,0.03081741600330304,16.139999389648438,1.91,2.33,0.5,0.3248387096774193,85.0,-0.013989387667642794,0.1315610487426031,0.14199437371641374,0.15451072667990923,0.15471062211982362,-0.5067832541229683,-0.020000000000000018,0.20999999999999996,0.12008367814852239,0.5,0.32538248847926265
2018-07-04,83.19349670410156,9517550.0,0.28,0.03081741600330304,15.554999828338623,1.91,2.325,0.5,0.322258064516129,85.0,0.0032508035464147156,0.13220577605987374,0.14203572423828878,0.15290267070308303,0.23194472455126056,-0.5096765387224298,-0.02499999999999991,0.010000000000000009,0.12008367814852239,0.5,0.32541935483870965
2018-07-05,83.46306610107422,10723400.0,0.56,0.03081741600330304,14.970000267028809,1.91,2.32,0.5,0.3196774193548387,85.0,0.0032402700649960536,0.1322424666106367,0.14207664508254558,0.14734115006243245,0.15820252435929094,-0.5125938986220245,-0.03000000000000025,0.010000000000000009,0.12008367814852239,0.5,0.3248018433179723
2018-07-06,83.7366714477539,12173700.0,0.0,0.03081741600330304,13.369999885559082,1.91,2.34,0.5,0.3170967741935484,85.0,0.0032781607417626812,0.11155980587201131,0.14212291913599864,0.1472837144651994,0.15612403262532645,-0.5112475368668977,-0.010000000000000231,0.010000000000000009,0.12008367814852239,0.5,0.3235299539170507
2018-07-07,84.60037231445312,12749400.0,0.0,0.03081741600330304,13.143333117167154,1.91,2.34,0.5,0.31451612903225806,85.0,0.010314487688206198,0.11578345243111657,0.14034194174530662,0.14819810373602568,0.15620056613218794,-0.5219777050668941,-0.010000000000000231,0.010000000000000009,0.12008367814852239,0.5,0.32182181259600606
2018-07-08,85.46407318115234,13325100.0,0.0,0.03081741600330304,12.916666348775228,1.91,2.34,0.5,0.31193548387096776,85.0,0.010209185173428281,0.12008169941624096,0.13439069494819417,0.14907891494503553,0.1980272584656739,-0.49239324772337906,-0.010000000000000231,0.010000000000000009,0.12008367814852239,0.5,0.3196774193548387
2018-07-09,86.32777404785156,13900800.0,0.0,0.03081741600330304,12.6899995803833,1.91,2.34,0.5,0.3093548387096774,85.0,0.010106011035402984,0.12453260516090332,0.13511868606223776,0.14654313522342038,0.19802120145421456,-0.49162384187962327,0.0,0.0,0.12008367814852239,0.5,0.31709677419354837
2018-07-10,85.79666900634766,14575900.0,0.0,0.03081741600330304,12.640000343322754,1.91,2.36,0.5,0.3067741935483871,85.0,-0.006152192007285118,0.12544297977151447,0.13542092360682048,0.14420482034393542,0.19720290929443898,-0.49576566451467474,0.0,-0.010000000000000009,0.12008367814852239,0.5,0.31451612903225806
2018-07-11,85.61161041259766,10186500.0,0.0,0.03081741600330304,13.630000114440918,1.91,2.36,0.5,0.3041935483870968,85.0,-0.002156943805549205,0.1254740343643586,0.13542073990601383,0.1379334413173415,0.17032370679174394,-0.492913420159431,0.020000000000000018,-0.010000000000000009,0.12008367814852239,0.5,0.31193548387096776
2018-07-12,85.98177337646484,12456800.0,0.0,0.03081741600330304,12.579999923706055,1.91,2.39,0.5,0.3016129032258064,85.0,0.004323747235722042,0.12566666025794457,0.1358467926293817,0.13049456819808958,0.15347556698159406,-0.4982682099190468,0.06000000000000005,-0.010000000000000009,0.12008367814852239,0.5,0.30935483870967745
2018-07-13,85.58747863769531,21289100.0,0.0,0.03081741600330304,12.180000305175781,1.91,2.37,0.5,0.2990322580645161,85.0,-0.004585794445563951,0.12609860893039748,0.1360286115853148,0.13069307957002346,0.16005671942496016,-0.49378892548192277,0.036666666666666625,-0.010000000000000009,0.12008367814852239,0.5,0.3067741935483871
2018-07-14,86.71941630045573,19672300.0,0.0,0.03081741600330304,12.396666844685873,1.91,2.376666666666667,0.5,0.29645161290322575,86.66666666666667,0.013225505421792905,0.12195070291699772,0.1383691276515417,0.13262539216959576,0.16142400965546796,-0.4671733258338697,0.04000000000000048,-0.010000000000000009,0.12008367814852239,0.5,0.3041935483870967
2018-07-15,87.85135396321614,18055500.0,0.0,0.03081741600330304,12.613333384195963,1.91,2.3833333333333333,0.5,0.29387096774193544,88.33333333333333,0.013052874558548533,0.12742908117599366,0.14101919688134126,0.13444089240490342,0.2231529022864873,-0.44917427957055606,0.043333333333333446,-0.010000000000000009,0.12008367814852239,0.5,0.3016129032258064
2018-07-16,88.98329162597656,16438700.0,0.0,0.03081741600330304,12.829999923706055,1.91,2.39,0.5,0.2912903225806451,90.0,0.012884692286408761,0.13227255110757605,0.14350407522651384,0.1361489044317388,0.22277959308173872,-0.43398366400786775,0.06000000000000005,-0.010000000000000009,0.12008367814852239,0.5,0.2990322580645161
2018-07-17,88.91890716552734,14821900.0,0.0,0.03081741600330304,12.0600004196167,1.91,2.39,0.5,0.2887096774193548,90.0,-0.0007235567405153853,0.1323635920758386,0.13954977871269916,0.13544768626814072,0.2212619650693306,-0.44176049150583985,0.06000000000000005,0.0,0.12008367814852239,0.5,0.29645161290322575
2018-07-18,89.74774169921875,14244900.0,0.0,0.03081741600330304,12.100000381469727,1.91,2.43,0.5,0.2861290322580645,90.0,0.009321240668741959,0.13456261075989057,0.14071046948973356,0.13138609698118353,0.15281393142055977,-0.4361689425721471,0.10000000000000009,0.0,0.12008367814852239,0.5,0.29387096774193544
2018-07-19,88.42803192138672,16775300.0,0.0,0.03081741600330304,12.869999885559082,1.91,2.4,0.5,0.2835483870967742,90.0,-0.014704657218617467,0.14099996173963183,0.14383871553055252,0.13366909943598965,0.19021341338267173,-0.44901021052611945,0.06999999999999984,0.0,0.12008367814852239,0.5,0.2912903225806452
2018-07-20,89.54656982421875,13578100.0,0.0,0.03081741600330304,12.859999656677246,1.91,2.41,0.5,0.2809677419354839,90.0,0.01264913261697842,0.14494752482775955,0.1460641388437042,0.13531067067032737,0.23949319320071785,-0.44162149179180454,0.07666666666666666,0.0,0.12008367814852239,0.5,0.2887096774193548
2018-07-21,90.10181172688802,15098733.333333334,0.0,0.03081741600330304,12.779999732971191,1.91,2.4133333333333336,0.5,0.27838709677419354,90.0,0.006200593766564344,0.14553631962392422,0.14576705619629612,0.13566583887540154,0.2195566524495583,-0.4461599188220415,0.0766666666666671,0.0,0.12008367814852239,0.5,0.2861290322580645
2018-07-22,90.6570536295573,16619366.666666666,0.0,0.03081741600330304,12.699999809265137,1.91,2.4166666666666665,0.5,0.27580645161290324,90.0,0.006162383330895693,0.1356035500299279,0.14600003917867888,0.1360012168772783,0.17099154367054573,-0.45541459480737007,0.07666666666666666,0.0,0.12008367814852239,0.5,0.28354838709677416
2018-07-23,91.21229553222656,18140000.0,0.0,0.03081741600330304,12.619999885559082,1.91,2.42,0.5,0.2732258064516129,90.0,0.006124640945624593,0.13507257343776025,0.14454992701295447,0.13609375625087636,0.169532047492453,-0.46240227051827,0.08999999999999986,0.0,0.12008367814852239,0.5,0.28096774193548385
2018-07-24,91.8560562133789,14000400.0,0.0,0.03081741600330304,12.40999984741211,1.91,2.42,0.5,0.2706451612903225,90.0,0.007057827866254085,0.13457504593721809,0.14470853444726928,0.13636389365493623,0.16928686336698479,-0.4585725090452914,0.09499999999999975,0.0,0.12008367814852239,0.5,0.27838709677419354
2018-07-25,92.68489837646484,13329100.0,0.0,0.03081741600330304,12.289999961853027,1.91,2.42,0.5,0.2680645161290322,95.0,0.009023271815203682,0.13444717085112068,0.14374317067328526,0.13710354029426972,0.1748258219925792,-0.44308424580842487,0.10000000000000009,0.0,0.12008367814852239,0.5,0.2758064516129032
2018-07-26,92.41932678222656,11897800.0,0.0,0.03081741600330304,12.140000343322754,1.91,2.41,0.5,0.2654838709677419,90.0,-0.0028653167764136622,0.13544342002010432,0.1418627649362771,0.13672590396496376,0.18840844135553514,-0.4256888795118357,0.07000000000000028,0.0,0.12008367814852239,0.5,0.27322580645161293
2018-07-27,93.36888885498047,12802700.0,0.0,0.03081741600330304,13.029999732971191,1.91,2.43,0.5,0.2629032258064516,95.0,0.010274496751003337,0.12455137061375418,0.14082161995559558,0.13760054374496108,0.15575306791356394,-0.379705468973301,0.0900000000000003,0.0,0.12008367814852239,0.5,0.27064516129032257
2018-07-28,93.55664316813152,13005666.666666666,0.0,0.03081741600330304,13.43999989827474,1.91,2.43,0.5,0.2603225806451613,95.0,0.002010887303614206,0.11918845663047548,0.13838348477831117,0.13754434624968126,0.19769845460165597,-0.3585691134325776,0.0900000000000003,0.0,0.12008367814852239,0.5,0.2680645161290322
2018-07-29,93.74439748128255,13208633.333333334,0.0,0.03081741600330304,13.850000063578287,1.91,2.43,0.5,0.2577419354838709,95.0,0.0020068517509079786,0.115029326634818,0.1313255168866385,0.13748433960575002,0.15388827206196531,-0.2803719956899742,0.0900000000000003,0.0,0.12008367814852239,0.5,0.2654838709677419
2018-07-30,93.9321517944336,13411600.0,0.0,0.03081741600330304,14.260000228881836,1.91,2.43,0.5,0.2551612903225806,95.0,0.0020028323632730327,0.11511986294476476,0.1281676712544901,0.13749124485700417,0.15275796638737701,-0.26687673036298004,0.07000000000000028,0.0,0.12008367814852239,0.5,0.2629032258064516
2018-07-31,92.49980163574219,15843800.0,0.0,0.03081741600330304,12.829999923706055,1.91,2.44,0.5,0.2525806451612903,90.0,-0.015248774049444136,0.12791855259459492,0.1305332576268674,0.13938363501464837,0.15272438297549681,-0.13696791135618286,0.08000000000000007,0.0,0.12008367814852239,0.5,0.26032258064516123
2018-08-01,93.07112884521484,13531600.0,0.0,0.03081741600330304,13.149999618530273,1.91,2.45,0.5,0.25,95.0,0.006176523618099283,0.12818187138556292,0.13093290476936853,0.13915219585147812,0.2442969533637821,-0.13238636217687066,0.06000000000000005,0.0,0.12008367814852239,0.5,0.257741935483871
2018-08-02,93.4654312133789,11058100.0,0.0,0.03081741600330304,12.1899995803833,1.91,2.45,0.5,0.2487096774193548,95.0,0.004236570170109477,0.11699846129735417,0.1310642076521579,0.13821140892126355,0.17160484181671662,-0.1392476286806092,0.08000000000000007,0.0,0.12008367814852239,0.5,0.25534562211981565
2018-08-03,94.22184753417969,11016100.0,0.0,0.03081741600330304,11.640000343322754,1.91,2.43,0.5,0.2474193548387097,95.0,0.0080930062696003,0.117563480218574,0.13178500395598305,0.13870031079275622,0.16010515537092354,-0.14876515288136444,0.05333333333333323,0.0,0.12008367814852239,0.5,0.2531336405529954
2018-08-04,94.22990163167317,10629866.666666666,0.0,0.03081741600330304,11.516667048136393,1.91,2.4333333333333336,0.5,0.24612903225806454,95.0,8.548014822751249e-05,0.11812937338370477,0.13100448892515865,0.13866525440066393,0.1814534601084032,-0.1558911833189024,0.050000000000000266,0.0,0.12008367814852239,0.5,0.25110599078341017
2018-08-05,94.23795572916667,10243633.333333334,0.0,0.03081741600330304,11.393333752950033,1.91,2.4366666666666665,0.5,0.24483870967741936,95.0,8.547284199633687e-05,0.11867025447460638,0.12301708999091002,0.1386287665648411,0.1513706446852225,-0.11758501700990868,0.04666666666666641,0.0,0.12008367814852239,0.5,0.2492626728110599
2018-08-06,94.24600982666016,9857400.0,0.0,0.03081741600330304,11.270000457763672,1.91,2.44,0.5,0.2435483870967742,95.0,8.546553701394011e-05,0.11761868234926891,0.1228838548582894,0.13662716886399434,0.1506300722745165,-0.12227449957030051,0.04999999999999982,0.0,0.12008367814852239,0.5,0.2476036866359447
2018-08-07,94.59202575683594,10562100.0,0.0,0.03081741600330304,10.930000305175781,1.91,2.45,0.5,0.242258064516129,95.0,0.0036714119866949613,0.1159664315634055,0.12295062303143524,0.13207681043148134,0.15061348723147217,-0.12495432776582224,0.020000000000000018,0.0,0.12008367814852239,0.5,0.24612903225806448
2018-08-08,94.78512573242188,8997100.0,0.0,0.03081741600330304,10.850000381469727,1.91,2.44,0.5,0.2409677419354838,95.0,0.002041398035838027,0.11427323383762361,0.12290519863630477,0.13153189836641774,0.15743790052465828,-0.12472828029609426,0.040000000000000036,0.0,0.12008367814852239,0.5,0.24483870967741933
2018-08-09,94.0528793334961,9694200.0,0.0,0.03081741600330304,11.270000457763672,1.91,2.44,0.5,0.2396774193548387,95.0,-0.007725330248470774,0.11547779365386722,0.12417642992847476,0.1320572838892679,0.15291017072780663,-0.13419717402234552,0.029999999999999805,0.0,0.12008367814852239,0.5,0.2435483870967742
2018-08-10,93.1274642944336,12630600.0,0.0,0.03081741600330304,13.15999984741211,1.91,2.42,0.5,0.2383870967741935,95.0,-0.009839305777988305,0.12057480661575119,0.12610665928521614,0.13316407576307027,0.17921839015124438,-0.18166673591291072,0.0066666666666663765,0.0,0.12008367814852239,0.5,0.24225806451612902
2018-08-11,92.63392639160156,11865833.333333334,0.0,0.03081741600330304,13.699999809265137,1.91,2.42,0.5,0.23709677419354833,93.33333333333333,-0.005299595630260612,0.12273706356090992,0.12600365398325258,0.13348793947657933,0.19546888316501965,-0.19051122152421007,0.0033333333333334103,0.0,0.12008367814852239,0.5,0.24096774193548384
2018-08-12,92.14038848876953,11101066.666666666,0.0,0.03081741600330304,14.239999771118164,1.91,2.42,0.5,0.23580645161290317,91.66666666666667,-0.005327830980041193,0.12312928872291527,0.12650831474128493,0.13380735666248209,0.16568769178298867,-0.19426403752052904,0.0,0.0,0.12008367814852239,0.5,0.23967741935483863
2018-08-13,91.6468505859375,10336300.0,0.0,0.03081741600330304,14.779999732971191,1.91,2.42,0.5,0.234516129032258,90.0,-0.005356368807715506,0.12084380348651258,0.12117103123059558,0.13348371059789452,0.1651046003593128,-0.2597956563891145,0.0,0.0,0.12008367814852239,0.5,0.2383870967741935
2018-08-14,92.25839233398438,10597600.0,0.0,0.03081741600330304,13.3100004196167,1.91,2.44,0.5,0.2332258064516129,90.0,0.00667280702104911,0.11711898709548788,0.12163726814093294,0.1338589581153885,0.16523729186242977,-0.27559518556378537,0.020000000000000018,0.0,0.12008367814852239,0.5,0.23709677419354835
2018-08-15,91.49394226074219,10152100.0,0.0,0.03081741600330304,14.640000343322754,1.91,2.45,0.5,0.2319354838709677,90.0,-0.0082859678550955,0.11560239773081378,0.12316070824418415,0.1344872536385871,0.1723781630419726,-0.29903438892773015,0.040000000000000036,0.0,0.12008367814852239,0.5,0.2358064516129032
2018-08-16,92.3549575805664,10118600.0,0.0,0.03081741600330304,13.449999809265137,1.92,2.45,0.5,0.2306451612903225,90.0,0.009410626523999488,0.1180237213977744,0.12436259643353895,0.13243778492078911,0.18353130174736523,-0.3174147249681376,0.020000000000000018,0.010000000000000009,0.12008367814852239,0.5,0.234516129032258
2018-08-17,92.3549575805664,8505100.0,0.0,0.03081741600330304,12.640000343322754,1.92,2.44,0.5,0.2293548387096774,90.0,0.0,0.11558729862406616,0.12438190746037084,0.13236422320163732,0.19149553955366497,-0.3123388797025995,0.009999999999999787,0.010000000000000009,0.12008367814852239,0.5,0.23322580645161287
2018-08-18,92.31472524007161,8542966.666666666,0.0,0.03081741600330304,12.59000015258789,1.92,2.4366666666666665,0.5,0.22806451612903222,90.0,-0.0004356272965606589,0.10562539372825075,0.123588880103699,0.13229421716862694,0.1516429594290489,-0.2990834288530504,0.0066666666666663765,0.010000000000000009,0.12008367814852239,0.5,0.23193548387096768
2018-08-19,92.27449289957683,8580833.333333334,0.0,0.03081741600330304,12.539999961853027,1.92,2.4333333333333336,0.5,0.22677419354838707,90.0,-0.0004358171504075248,0.10030205790278725,0.12360579771880091,0.13222183492805992,0.15073106655173585,-0.30187895477028287,0.0033333333333334103,0.010000000000000009,0.12008367814852239,0.5,0.23064516129032256
2018-08-20,92.23426055908203,8618700.0,0.0,0.03081741600330304,12.489999771118164,1.92,2.43,0.5,0.2254838709677419,90.0,-0.0004360071698099599,0.0991588581509903,0.12361402572625088,0.13164310224010345,0.1507107198291035,-0.3087032154057146,-0.009999999999999787,0.010000000000000009,0.12008367814852239,0.5,0.22935483870967738
2018-08-21,92.79754638671875,10976700.0,0.0,0.03081741600330304,12.859999656677246,1.92,2.45,0.5,0.2241935483870967,95.0,0.006107121412611161,0.09913316533534139,0.1183863695147524,0.13174925812471963,0.15071035143651004,-0.3638964950205723,0.0,0.010000000000000009,0.12008367814852239,0.5,0.22806451612903222
2018-08-22,92.51589965820312,8314700.0,0.0,0.03081741600330304,12.25,1.92,2.43,0.5,0.2229032258064516,95.0,-0.0030350665452070213,0.09840280696350219,0.11838786756648614,0.1304107506817977,0.16879022838139401,-0.3453526154277509,-0.020000000000000018,0.010000000000000009,0.12008367814852239,0.5,0.22677419354838707
2018-08-23,92.3227767944336,9265400.0,0.0,0.03081741600330304,12.40999984741211,1.92,2.43,0.5,0.2216129032258064,90.0,-0.0020874559344179477,0.09665466948350056,0.11824700570109817,0.1301419088896887,0.15575640777176256,-0.3385736205774518,0.0,0.010000000000000009,0.12008367814852239,0.5,0.2254838709677419
2018-08-24,92.28253936767578,8845700.0,0.0,0.03081741600330304,11.989999771118164,1.92,2.44,0.5,0.2203225806451612,90.0,-0.00043583423457249637,0.09297611993197606,0.11793376891231389,0.12876476707121293,0.1529781013924956,-0.32690429537521065,0.0066666666666663765,0.010000000000000009,0.12008367814852239,0.5,0.2241935483870967
2018-08-25,92.82705179850261,10486466.666666666,0.0,0.03081741600330304,12.046666463216146,1.92,2.45,0.5,0.21903225806451607,91.66666666666667,0.005900492493573051,0.09420001654256806,0.1182428643851683,0.12759695615827185,0.150761294034078,-0.33813637626651966,0.013333333333333641,0.010000000000000009,0.12008367814852239,0.5,0.22290322580645155
2018-08-26,93.37156422932942,12127233.333333332,0.0,0.03081741600330304,12.103333155314127,1.92,2.46,0.5,0.2177419354838709,93.33333333333333,0.005865880907311105,0.09093140746712002,0.11292461318403166,0.1263130644546361,0.16764647983030412,-0.24863355890598868,0.020000000000000018,0.010000000000000009,0.12008367814852239,0.5,0.22161290322580643
2018-08-27,93.91607666015625,13768000.0,0.0,0.03081741600330304,12.15999984741211,1.92,2.47,0.5,0.2164516129032258,95.0,0.005831673007956173,0.0923201046991616,0.10928857741376403,0.12490744659809012,0.16781600061720436,-0.20587777276674682,0.020000000000000018,0.010000000000000009,0.12008367814852239,0.5,0.22032258064516122
2018-08-28,93.4573974609375,8302600.0,0.0,0.03081741600330304,12.5,1.92,2.47,0.5,0.2151612903225806,95.0,-0.0048839263258251275,0.09326252878940952,0.10864936301153337,0.11990941557369895,0.1676345764562041,-0.24332995406182656,0.03000000000000025,0.010000000000000009,0.12008367814852239,0.5,0.21903225806451607
2018-08-29,93.15162658691406,7221700.0,0.0,0.03081741600330304,12.25,1.92,2.48,0.5,0.2138709677419354,95.0,-0.00327176748262481,0.09348257105005357,0.10914620896868171,0.11800158410361541,0.16296791302953736,-0.23791827304208674,0.040000000000000036,0.010000000000000009,0.12008367814852239,0.5,0.2177419354838709
2018-08-30,92.69293212890625,8991800.0,0.0,0.03081741600330304,13.529999732971191,1.92,2.47,0.5,0.2125806451612903,95.0,-0.004924170138669859,0.08317350351845845,0.10999066542386486,0.1166450570248183,0.15637085183894242,-0.26041485692632255,0.050000000000000266,0.010000000000000009,0.12008367814852239,0.5,0.21645161290322573
2018-08-31,92.20205688476562,13065700.0,0.0,0.03081741600330304,12.859999656677246,1.91,2.46,0.5,0.2112903225806451,90.0,-0.0052957138464233555,0.08251741105594035,0.11088641615893477,0.11707963923721319,0.16290887022261227,-0.23988648779479996,0.040000000000000036,0.0,0.12008367814852239,0.5,0.2151612903225806
2018-09-01,92.31672477722168,12342825.0,0.0,0.03081741600330304,12.934999704360962,1.9124999999999999,2.4675000000000002,0.5,0.21371774193548382,91.25,0.0012436587244399888,0.08153794381154558,0.10600560202947527,0.11708010500850605,0.16487953742574263,-0.21682659711192137,0.04750000000000032,0.0024999999999999467,0.12008367814852239,0.5,0.21440207373271883
2018-09-02,92.43139266967773,11619950.0,0.0,0.03081741600330304,13.009999752044678,1.9149999999999998,2.475,0.5,0.21614516129032255,92.5,0.001242113958578761,0.07768483723540971,0.10596749778251423,0.117080231421976,0.15174209051211804,-0.21525456669051005,0.05500000000000016,0.004999999999999893,0.12008367814852239,0.5,0.2141739631336405
2018-09-03,92.54606056213379,10897075.0,0.0,0.03081741600330304,13.084999799728394,1.9175,2.4825,0.5,0.21857258064516127,93.75,0.0012405730255071745,0.07785031173508764,0.1059273532377112,0.11659042755672676,0.15143363259502893,-0.21358707516833825,0.04249999999999998,0.007500000000000062,0.12008367814852239,0.5,0.2144769585253456
2018-09-04,92.66072845458984,10174200.0,0.0,0.03081741600330304,13.15999984741211,1.92,2.49,0.5,0.221,95.0,0.0012390359109781812,0.07801018033950116,0.10588215945438473,0.1103078383154101,0.15142476024259025,-0.21523930239245104,0.040000000000000036,0.010000000000000009,0.12008367814852239,0.5,0.21531105990783406
2018-09-05,92.21009826660156,11462400.0,0.0,0.03081741600330304,13.90999984741211,1.92,2.49,0.5,0.2246666666666666,90.0,-0.004863227340254683,0.07897098768033149,0.10518891643176888,0.11051924808822744,0.1514225944674864,-0.22571908295296278,0.040000000000000036,0.0,0.12008367814852239,0.5,0.2168533026113671
2018-09-06,91.81581115722656,9877600.0,0.0,0.03081741600330304,14.649999618530273,1.92,2.5,0.5,0.2283333333333333,90.0,-0.004275964528689946,0.07848818320356267,0.10423397425221402,0.1107258280648611,0.16251511789725387,-0.23310398945643326,0.06000000000000005,0.0,0.12008367814852239,0.5,0.21910368663594468
2018-09-07,91.99285888671875,10955600.0,0.0,0.03081741600330304,14.880000114440918,1.92,2.53,0.5,0.2319999999999999,90.0,0.001928292385164454,0.07845096055558007,0.1026010773135896,0.11073802058188366,0.1601327640826843,-0.22662223923867003,0.09333333333333327,0.0,0.12008367814852239,0.5,0.22206221198156675
2018-09-08,91.82923380533855,10062700.0,0.0,0.03081741600330304,14.640000025431315,1.92,2.533333333333333,0.5,0.2356666666666666,90.0,-0.0017786715551659782,0.07584598988879725,0.10166980189376745,0.1107786272043114,0.1527433155090429,-0.22763120841187032,0.09999999999999964,0.0,0.12008367814852239,0.5,0.22519777265745006
2018-09-09,91.66560872395833,9169800.0,0.0,0.03081741600330304,14.399999936421713,1.92,2.5366666666666666,0.5,0.2393333333333333,90.0,-0.0017818408648282436,0.07087981651032323,0.10162073278479371,0.11081912094146193,0.15229578687291975,-0.21511713712737643,0.10666666666666647,0.0,0.12008367814852239,0.5,0.2285103686635944
2018-09-10,91.50198364257812,8276900.0,0.0,0.03081741600330304,14.15999984741211,1.92,2.54,0.5,0.243,90.0,-0.0017850214890618998,0.06953456581028213,0.10157559747416928,0.11039100236508506,0.1522915935543398,-0.20209223145689084,0.08999999999999986,0.0,0.12008367814852239,0.5,0.23199999999999996
2018-09-11,92.08136749267578,9333800.0,0.0,0.03081741600330304,13.220000267028809,1.92,2.55,0.5,0.2466666666666666,90.0,0.006331926664681076,0.0705474459012368,0.10145159384536288,0.11075297130805074,0.15229734941473758,-0.23095565033880316,0.11999999999999966,0.0,0.12008367814852239,0.5,0.23566666666666664
2018-09-12,90.9950180053711,10800800.0,0.0,0.03081741600330304,13.140000343322754,1.92,2.56,0.5,0.2503333333333333,90.0,-0.0117977123590296,0.07704253897189746,0.10184565723774569,0.10839775221815857,0.1701023813437872,-0.2355219609591215,0.1299999999999999,0.0,0.12008367814852239,0.5,0.23933333333333331
2018-09-13,91.34909057617188,12470800.0,0.0,0.03081741600330304,12.369999885559082,1.92,2.55,0.5,0.254,90.0,0.00389112039935946,0.07529009837178834,0.09886861205100288,0.10849654598657305,0.21185710901527646,-0.2617960879549939,0.10999999999999988,0.0,0.12008367814852239,0.5,0.24299999999999994
2018-09-14,91.33300018310547,10337900.0,0.0,0.03081741600330304,12.069999694824219,1.92,2.56,0.5,0.2576666666666666,90.0,-0.00017614179807279307,0.07137785951624982,0.09557841416255212,0.10850399839017025,0.159816612571646,-0.28218104446480446,0.10999999999999988,0.0,0.12008367814852239,0.5,0.24666666666666665
2018-09-15,91.4241943359375,10079033.333333334,0.0,0.03081741600330304,12.606666564941406,1.92,2.5633333333333335,0.5,0.26133333333333325,90.0,0.0009984797679831736,0.06566778040506144,0.09555443101514648,0.10850510978328688,0.1508371475086939,-0.28690750067348336,0.1033333333333335,0.0,0.12008367814852239,0.5,0.2503333333333333
2018-09-16,91.51538848876953,9820166.666666666,0.0,0.03081741600330304,13.143333435058594,1.92,2.5666666666666664,0.5,0.26499999999999996,90.0,0.0009974838005892828,0.06577580956667599,0.09378218161590669,0.10850621084808461,0.15113130351423404,-0.2901986681427639,0.09666666666666623,0.0,0.12008367814852239,0.5,0.25399999999999995
2018-09-17,91.60658264160156,9561300.0,0.0,0.03081741600330304,13.680000305175781,1.92,2.57,0.5,0.2686666666666666,90.0,0.0009964898181382686,0.06588177401668169,0.08831946527188807,0.10795603374396742,0.15113683926092827,-0.2517555229775403,0.09999999999999964,0.0,0.12008367814852239,0.5,0.2576666666666666
2018-09-18,91.97674560546875,7944200.0,0.0,0.03081741600330304,12.789999961853027,1.92,2.58,0.5,0.2723333333333333,90.0,0.00404079000867652,0.06703894899476907,0.08504513296079064,0.10809176528515071,0.1511359374445581,-0.27180246830957255,0.10000000000000009,0.0,0.12008367814852239,0.5,0.2613333333333333
2018-09-19,94.6483383178711,16052800.0,0.0,0.03081741600330304,11.75,1.92,2.58,0.5,0.276,95.0,0.029046393137913906,0.10689346740291181,0.10222335108095626,0.1177193492281702,0.15885161842616058,-0.3381350810987919,0.10999999999999988,0.0,0.12008367814852239,0.5,0.26499999999999996
2018-09-20,95.46107482910156,15590000.0,0.0,0.03081741600330304,11.800000190734863,1.92,2.58,0.5,0.2796666666666667,95.0,0.008586907342218009,0.10817003322928112,0.1028755610662641,0.11455760056089977,0.38877821729455186,-0.33252464222447936,0.1200000000000001,0.010000000000000009,0.12008367814852239,0.5,0.26866666666666666
2018-09-21,94.83341979980469,14815625.0,0.0,0.03081741600330304,11.680000305175781,1.92,2.58,0.5,0.2833333333333333,95.0,-0.006574983891816988,0.10978732212231924,0.1034016527815112,0.11509673281823067,0.1923628312754435,-0.3262549432504687,0.11249999999999982,0.007500000000000062,0.12008367814852239,0.5,0.27233333333333326
2018-09-22,94.5303243001302,14041250.0,0.0,0.03081741600330304,11.853333473205566,1.9233333333333333,2.586666666666667,0.5,0.287,95.0,-0.0031960831984580995,0.11009057612521769,0.10282837358106356,0.11511426970947213,0.17268170861157509,-0.3257413808292131,0.1116666666666668,0.008333333333333526,0.12008367814852239,0.5,0.27599999999999997
2018-09-23,94.22722880045573,13266875.0,0.0,0.03081741600330304,12.026666641235352,1.9266666666666665,2.5933333333333333,0.5,0.29066666666666663,95.0,-0.003206330898772314,0.11065111155645269,0.10154958600080763,0.11513194572272384,0.15635737450899256,-0.32835540844420796,0.11083333333333334,0.009166666666666545,0.12008367814852239,0.5,0.2796666666666666
2018-09-24,93.92413330078125,12492500.0,0.0,0.03081741600330304,12.199999809265137,1.93,2.6,0.5,0.2943333333333333,95.0,-0.0032166445255048526,0.11008674849245664,0.10159874969504339,0.11537556170212455,0.15600631447147145,-0.3325904923696928,0.10999999999999988,0.010000000000000009,0.12008367814852239,0.5,0.2833333333333333
2018-09-25,93.65858459472656,9308300.0,0.0,0.03081741600330304,12.420000076293945,1.93,2.59,0.5,0.298,95.0,-0.002827268101631586,0.10921882721663215,0.09964000874325499,0.11203789048313113,0.15603187684168962,-0.3859052221838388,0.09999999999999964,0.010000000000000009,0.12008367814852239,0.5,0.287
2018-09-26,92.5561294555664,14023600.0,0.0,0.03081741600330304,12.890000343322754,1.93,2.58,0.5,0.3016666666666666,95.0,-0.01177099935826098,0.11311224956546555,0.10248019846530149,0.11135339589126718,0.1548413388098385,-0.401878872449121,0.08000000000000007,0.010000000000000009,0.12008367814852239,0.5,0.29066666666666663
2018-09-27,92.1537857055664,13283000.0,0.0,0.03081741600330304,12.40999984741211,2.18,2.58,0.5,0.3053333333333333,90.0,-0.004347024366367358,0.11294019417339024,0.10273007537012661,0.11090101940521298,0.21135818047614158,-0.3966566690382322,0.050000000000000266,0.26000000000000023,0.12008367814852239,0.5,0.2943333333333333
2018-09-28,90.80191040039062,15815100.0,0.0,0.03081741600330304,12.119999885559082,2.18,2.59,0.5,0.309,90.0,-0.014669775037729371,0.12011701340701916,0.10680956177730748,0.1139993034684287,0.16170038693372413,-0.37186913995494925,0.05666666666666664,0.26000000000000023,0.12008367814852239,0.5,0.298
2018-09-29,90.97894032796223,13925500.0,0.0,0.03081741600330304,12.079999923706055,2.18,2.5933333333333333,0.5,0.31266666666666665,90.0,0.0019496277863648714,0.11973920802310435,0.10236295703536276,0.1139681407650459,0.23868129105924224,-0.4972246149151955,0.05666666666666664,0.26000000000000023,0.12008367814852239,0.5,0.30166666666666664
2018-09-30,91.15597025553386,12035900.0,0.0,0.03081741600330304,12.039999961853027,2.18,2.5966666666666667,0.5,0.31633333333333336,90.0,0.0019458341340694574,0.11911553200041824,0.10159312734265953,0.11393703940122778,0.15505871117615103,-0.5121017967470151,0.05666666666666664,0.26000000000000023,0.12008367814852239,0.5,0.30533333333333335
2018-10-01,91.33300018310547,10146300.0,0.0,0.03081741600330304,12.0,2.18,2.6,0.5,0.32,90.0,0.001942055216738403,0.11921520465458957,0.10126084927867354,0.11109005406574889,0.15266109206393688,-0.5055939554989,0.050000000000000266,0.26000000000000023,0.12008367814852239,0.5,0.309
2018-10-02,91.71119689941406,13753100.0,0.0,0.03081741600330304,12.050000190734863,2.18,2.61,0.5,0.317741935483871,90.0,0.00414085506389128,0.1198448167769994,0.1001757796559422,0.11114904759378554,0.1525995863402951,-0.49238023551449983,0.04999999999999982,0.26000000000000023,0.12008367814852239,0.5,0.31182027649769584
2018-10-03,92.57221984863281,17142000.0,0.0,0.03081741600330304,11.609999656677246,2.18,2.62,0.5,0.3154838709677419,95.0,0.009388416881780381,0.12298748049874195,0.10216468895624255,0.11195124281404928,0.1592834465367542,-0.4997431172461815,0.07000000000000028,0.26000000000000023,0.12008367814852239,0.5,0.31379416282642086
2018-10-04,93.4068603515625,16357400.0,0.8,0.03081741600330304,14.220000267028809,2.18,2.63,0.5,0.3132258064516129,95.0,0.00901610120503138,0.12567439971584063,0.10391598145256568,0.11266175411618772,0.19084122503960305,-0.335185615825165,0.06999999999999984,0.26000000000000023,0.12008367814852239,0.5,0.3149216589861751
2018-10-05,92.8801498413086,13777600.0,0.0,0.03081741600330304,14.819999694824219,2.18,2.64,0.5,0.3109677419354839,95.0,-0.0056388846415722504,0.12597162338813397,0.10452509565980353,0.1121897327239192,0.18870232846789492,-0.3427085423504715,0.07666666666666666,0.26000000000000023,0.12008367814852239,0.5,0.3152027649769585
2018-10-06,93.06921895345052,13975366.666666666,0.0,0.03081741600330304,15.109999656677246,2.18,2.6425,0.5,0.30870967741935484,95.0,0.0020356245383428284,0.1253281865798854,0.10431786551073118,0.11113849913391247,0.16727356684620906,-0.3361065968925182,0.07583333333333364,0.26000000000000023,0.12008367814852239,0.5,0.31463748079877113
2018-10-07,93.25828806559245,14173133.333333334,0.0,0.03081741600330304,15.399999618530273,2.18,2.645,0.5,0.3064516129032258,95.0,0.002031489189100233,0.1253390708210301,0.1043169322718056,0.11008253838650077,0.15313127171739135,-0.33272204269027766,0.07500000000000018,0.26000000000000023,0.12008367814852239,0.5,0.31322580645161285
2018-10-08,93.44735717773438,14370900.0,0.0,0.03081741600330304,15.6899995803833,2.18,2.6475,0.5,0.3041935483870968,95.0,0.002027370607628365,0.1252344700076359,0.1032397955875002,0.1094532219636505,0.1527918235167917,-0.3247674671176106,0.0674999999999999,0.26000000000000023,0.12008367814852239,0.5,0.3109677419354839
2018-10-09,92.79910278320312,14069500.0,0.0,0.03081741600330304,15.949999809265137,2.18,2.65,0.5,0.3019354838709677,95.0,-0.006937107844562029,0.12697149071668798,0.10222479566514063,0.11013219659724698,0.15277568939854486,-0.28139051042574825,0.06999999999999984,0.26000000000000023,0.12008367814852239,0.5,0.30870967741935484
2018-10-10,90.32762145996094,23086400.0,0.0,0.03081741600330304,22.959999084472656,2.18,2.67,0.5,0.2996774193548387,90.0,-0.026632599336828156,0.14973720033228202,0.11574620782826292,0.11944678461561968,0.17403447541099368,-0.5295884934026684,0.08999999999999986,0.26000000000000023,0.12008367814852239,0.5,0.3064516129032258
2018-10-11,87.62108612060547,22249760.0,0.0,0.03081741600330304,24.979999542236328,2.18,2.66,0.5,0.2974193548387097,90.0,-0.029963540449863157,0.171613965706916,0.13074162347315665,0.12995115639472576,0.3701113550276668,-0.556188372274893,0.08000000000000007,0.26000000000000023,0.12008367814852239,0.5,0.3041935483870968
2018-10-12,86.66490173339844,21413120.0,0.0,0.03081741600330304,21.309999465942383,2.18,2.66,0.5,0.2951612903225806,85.0,-0.010912720094463313,0.1711700940423736,0.13206845177805268,0.12944789304472806,0.4125445942085695,-0.43738912445305267,0.07333333333333325,0.2566666666666668,0.12008367814852239,0.5,0.3019354838709677
2018-10-13,86.50013987223308,20576480.0,0.0,0.03081741600330304,21.306666056315105,2.18,2.6633333333333336,0.5,0.29290322580645156,85.0,-0.0019011371139865396,0.17037157170187198,0.1311310347357348,0.1276059141333883,0.21174610765116342,-0.4260522671700065,0.07000000000000028,0.25333333333333363,0.12008367814852239,0.5,0.2996774193548387
2018-10-14,86.3353780110677,19739840.0,0.0,0.03081741600330304,21.303332646687824,2.18,2.6666666666666665,0.5,0.29064516129032253,85.0,-0.0019047583207234542,0.17030046019552908,0.13027317582926493,0.12573118045061857,0.15409472105920174,-0.4171234873842125,0.06666666666666643,0.2500000000000002,0.12008367814852239,0.5,0.2974193548387096
2018-10-15,86.17061614990234,18903200.0,0.0,0.03081741600330304,21.299999237060547,2.18,2.67,0.5,0.2883870967741935,85.0,-0.0019083933488336369,0.17008246483171202,0.128490205763411,0.12575722127791208,0.15256544363976604,-0.4029420055615743,0.08000000000000007,0.2500000000000002,0.12008367814852239,0.5,0.2951612903225806
2018-10-16,88.0181655883789,19302800.0,0.0,0.03081741600330304,17.6200008392334,2.18,2.66,0.5,0.2861290322580645,90.0,0.02144059681855559,0.1827697205718007,0.13641557320069825,0.1298633392338284,0.15253824466386284,-0.48007672916383953,0.08000000000000007,0.2500000000000002,0.12008367814852239,0.5,0.2929032258064516
2018-10-17,88.99867248535156,18794500.0,0.0,0.03081741600330304,17.399999618530273,2.19,2.66,0.5,0.2838709677419355,90.0,0.011139824267163645,0.18617395779705498,0.13857126064476732,0.12884576894791547,0.3052616027522345,-0.47775838771091295,0.08000000000000007,0.009999999999999787,0.12008367814852239,0.5,0.29064516129032253
2018-10-18,87.58868408203125,17582500.0,0.0,0.03081741600330304,20.059999465942383,2.19,2.67,0.5,0.2816129032258064,90.0,-0.01584280263902127,0.19048619671648995,0.1420998921738259,0.12985335501212067,0.2085202681366815,-0.5066093828903618,0.08000000000000007,0.009999999999999787,0.12008367814852239,0.5,0.28838709677419355
2018-10-19,87.44281768798828,15234500.0,0.0,0.03081741600330304,19.889999389648438,2.19,2.67,0.5,0.2793548387096774,85.0,-0.0016653566105223616,0.1675147604795375,0.14210627539977924,0.12941682293539128,0.25118289862651866,-0.5060071607839807,0.07666666666666666,0.009999999999999787,0.12008367814852239,0.5,0.2861290322580645
2018-10-20,87.02415466308594,15556033.333333334,0.0,0.03081741600330304,19.806666056315105,2.19,2.6733333333333333,0.5,0.2770967741935484,85.0,-0.004787849202163241,0.1642013679573247,0.14157367900284412,0.12916142961800142,0.15498686445494683,-0.5093918813843469,0.07666666666666666,0.009999999999999787,0.12008367814852239,0.5,0.28387096774193543
2018-10-21,86.6054916381836,15877566.666666666,0.0,0.03081741600330304,19.72333272298177,2.19,2.6766666666666667,0.5,0.27483870967741936,85.0,-0.004810882984421894,0.16395191998435912,0.14172665350802874,0.12888397756974693,0.16223681696725534,-0.5110128374987255,0.07666666666666666,0.009999999999999787,0.12008367814852239,0.5,0.28161290322580645
2018-10-22,86.18682861328125,16199100.0,0.0,0.03081741600330304,19.639999389648438,2.19,2.68,0.5,0.2725806451612903,85.0,-0.00483413946371225,0.1640365246651346,0.1419212622649671,0.12843028628828457,0.16250242916314825,-0.5090593063419433,0.07000000000000028,0.009999999999999787,0.12008367814852239,0.5,0.2793548387096774
2018-10-23,85.28734588623047,21407500.0,0.0,0.03081741600330304,20.709999084472656,2.2,2.67,0.5,0.2703225806451613,85.0,-0.01043642911014564,0.16543809406007723,0.1431966979095831,0.12840375288336464,0.16261720491763676,-0.5148121917409789,0.04999999999999982,0.020000000000000018,0.12008367814852239,0.5,0.2770967741935484
2018-10-24,83.69911193847656,23168900.0,0.0,0.03081741600330304,25.229999542236328,2.2,2.64,0.5,0.2680645161290322,85.0,-0.01862215233983877,0.17140697433089747,0.1467867389188227,0.13180809260757584,0.20001714496784012,-0.5562383218434009,0.010000000000000231,0.020000000000000018,0.12008367814852239,0.5,0.27483870967741936
2018-10-25,84.9713134765625,17464700.0,0.0,0.03081741600330304,24.219999313354492,2.2,2.66,0.5,0.2658064516129032,85.0,0.015199701748580985,0.17997639372726834,0.1500075623670621,0.13323454388230468,0.28002833212677747,-0.56492072416961,0.020000000000000018,0.020000000000000018,0.12008367814852239,0.5,0.2725806451612903
2018-10-26,83.80443572998047,19174900.0,0.0,0.03081741600330304,24.15999984741211,2.2,2.63,0.5,0.2635483870967742,85.0,-0.013732608086656106,0.18089085911000655,0.1512727035901604,0.13483179032592094,0.24407353359665537,-0.5548790632390144,-0.012500000000000178,0.020000000000000018,0.12008367814852239,0.5,0.2703225806451613
2018-10-27,84.1906967163086,18931666.666666668,0.0,0.03081741600330304,24.34000015258789,2.2,2.6333333333333333,0.5,0.26129032258064516,85.0,0.004609075676765606,0.1822975525339942,0.15171993269735995,0.13507723110492603,0.2312052329354981,-0.5529017663847602,-0.011666666666666714,0.020000000000000018,0.12008367814852239,0.5,0.26806451612903226
2018-10-28,84.57695770263672,18688433.333333332,0.0,0.03081741600330304,24.520000457763672,2.2,2.6366666666666667,0.5,0.25903225806451613,85.0,0.004587929562213766,0.18005966887237818,0.1522331804184023,0.13531839460753478,0.16334820244834375,-0.5525308838043598,-0.01083333333333325,0.020000000000000018,0.12008367814852239,0.5,0.2658064516129032
2018-10-29,84.96321868896484,18445200.0,0.0,0.03081741600330304,24.700000762939453,2.2,2.64,0.5,0.2567741935483871,85.0,0.004566976595282268,0.18076033376031375,0.15258978284818733,0.13349274931406202,0.16141352412081156,-0.5494731106930593,-0.009999999999999787,0.020000000000000018,0.12008367814852239,0.5,0.2635483870967742
2018-10-30,86.46231079101562,18019700.0,0.0,0.03081741600330304,23.350000381469727,2.2,2.66,0.5,0.254516129032258,85.0,0.01764401261137105,0.18932980383945255,0.15721146889652393,0.13651256640021228,0.1612775581446669,-0.5677538526925137,-0.009999999999999787,0.020000000000000018,0.12008367814852239,0.5,0.26129032258064516
2018-10-31,88.34231567382812,20860000.0,0.0,0.03081741600330304,21.229999542236328,2.2,2.69,0.5,0.252258064516129,90.0,0.021743634487824126,0.2008039267483973,0.16383338667089023,0.14130078053579503,0.265840827065735,-0.5901975916519077,0.029999999999999805,0.020000000000000018,0.12008367814852239,0.5,0.2590322580645161
2018-11-01,88.30988311767578,13065000.0,0.0,0.03081741600330304,19.34000015258789,2.2,2.67,0.5,0.25,90.0,-0.0003671236813860279,0.20020579100866828,0.16378373166963303,0.14053541602273084,0.31020732464032313,-0.5820861491115925,0.009999999999999787,0.020000000000000018,0.12008367814852239,0.5,0.2567741935483871
2018-11-02,87.82367706298828,19009200.0,0.0,0.03081741600330304,19.510000228881836,2.19,2.7,0.5,0.2516666666666667,90.0,-0.005505681102981552,0.1979872633386525,0.1640169890723083,0.14075737419757264,0.15603559064393865,-0.581508417004754,0.036666666666666625,0.009999999999999787,0.12008367814852239,0.5,0.2550768049155146
2018-11-03,88.0154546101888,16098266.666666668,0.0,0.03081741600330304,19.65999984741211,2.1933333333333334,2.7033333333333336,0.5,0.25333333333333335,90.0,0.002183665653887168,0.1957539230609917,0.16408020775378285,0.1408376236070008,0.1658144031715103,-0.5810672517065846,0.03666666666666707,0.013333333333333197,0.12008367814852239,0.5,0.25394009216589863
2018-11-04,88.20723215738933,13187333.333333334,0.0,0.03081741600330304,19.809999465942383,2.1966666666666668,2.7066666666666666,0.5,0.25499999999999995,90.0,0.0021789076480931424,0.19579287920541105,0.1639790644017131,0.14091656875193345,0.15341400138842579,-0.5793013005497994,0.036666666666666625,0.016666666666666607,0.12008367814852239,0.5,0.25336405529953915
2018-11-05,88.39900970458984,10276400.0,0.0,0.03081741600330304,19.959999084472656,2.2,2.71,0.5,0.2566666666666666,90.0,0.002174170331728842,0.19581632396358456,0.16391669111301402,0.14080666863859198,0.15311495490996052,-0.577702244034862,0.04999999999999982,0.020000000000000018,0.12008367814852239,0.5,0.2533486943164362
2018-11-06,88.81228637695312,10825000.0,0.0,0.03081741600330304,19.90999984741211,2.2,2.72,0.5,0.2583333333333333,90.0,0.004675127852046712,0.1964022877262114,0.16419500362469353,0.14102236659358827,0.15309775407354717,-0.5779115380229503,0.06000000000000005,0.010000000000000231,0.12008367814852239,0.5,0.25389400921658983
2018-11-07,90.33570861816406,12679600.0,0.0,0.03081741600330304,16.360000610351562,2.2,2.74,0.5,0.26,90.0,0.01715328253959081,0.20349642175274438,0.1680802286769063,0.14359031275435144,0.16157817715776174,-0.6034221658886957,0.07000000000000028,0.010000000000000231,0.12008367814852239,0.5,0.255
2018-11-08,91.06501770019531,11662500.0,0.0,0.03081741600330304,16.719999313354492,2.2,2.74,0.5,0.2616666666666666,90.0,0.00807331998815597,0.20440319932959566,0.1689070809610467,0.1433868399491744,0.26089700332510374,-0.5981197560706775,0.07000000000000028,0.010000000000000231,0.12008367814852239,0.5,0.25666666666666665
2018-11-09,90.18173217773438,10432200.0,0.0,0.03081741600330304,17.360000610351562,2.19,2.73,0.5,0.2633333333333333,90.0,-0.009699504208837806,0.19072680398801434,0.17002874788809905,0.14402071161781158,0.18391298139609763,-0.5998088688040386,0.05666666666666664,0.0,0.12008367814852239,0.5,0.2583333333333333
2018-11-10,89.5496826171875,11381366.666666666,0.0,0.03081741600330304,18.39000066121419,2.19,2.7275,0.5,0.26499999999999996,90.0,-0.007008620762586348,0.16919800235326077,0.17003117034129397,0.14421609310878922,0.1944530202047959,-0.5996827597464897,0.050833333333333286,0.0,0.12008367814852239,0.5,0.25999999999999995
2018-11-11,88.91763305664062,12330533.333333334,0.0,0.03081741600330304,19.420000712076824,2.19,2.725,0.5,0.26666666666666666,90.0,-0.007058088226273185,0.16722515438683153,0.1689398376156557,0.14441432906822524,0.175411279862637,-0.6101364539152796,0.04499999999999993,0.0,0.12008367814852239,0.5,0.26166666666666666
2018-11-12,88.28558349609375,13279700.0,0.0,0.03081741600330304,20.450000762939453,2.19,2.7225,0.5,0.2683333333333333,90.0,-0.007108258945042523,0.16865594042958637,0.1692593894042036,0.14436810915433404,0.17527676445354706,-0.6111069706093947,0.05250000000000021,-0.010000000000000231,0.12008367814852239,0.5,0.2633333333333333
2018-11-13,88.8041763305664,13746100.0,0.0,0.03081741600330304,20.020000457763672,2.2,2.72,0.5,0.27,90.0,0.005874037571441004,0.1691211815395702,0.16976993352678602,0.14413950175051016,0.17559443532565264,-0.6124623431275867,0.08000000000000007,0.0,0.12008367814852239,0.5,0.265
2018-11-14,86.97284698486328,18361400.0,0.0,0.03081741600330304,21.25,2.2,2.71,0.5,0.2716666666666666,85.0,-0.020622108344163337,0.18041280873801258,0.1747882640856218,0.14721351948654135,0.16804171120490954,-0.6148748464910945,0.04999999999999982,0.0,0.12008367814852239,0.5,0.26666666666666666
2018-11-15,89.19314575195312,19100000.0,0.0,0.03081741600330304,19.979999542236328,2.2,2.7,0.5,0.2733333333333333,90.0,0.025528643065763523,0.18475380862215476,0.18273249513309595,0.15344813716370462,0.3013592025247656,-0.6186606556234363,0.07000000000000028,0.0,0.12008367814852239,0.5,0.2683333333333333
2018-11-16,89.12830352783203,13798600.0,0.0,0.03081741600330304,18.139999389648438,2.2,2.68,0.5,0.275,90.0,-0.0007269866263202029,0.1819956906614243,0.18270924802254276,0.15344917435034355,0.3517614080043829,-0.6116098798364654,0.046666666666666856,0.0,0.12008367814852239,0.5,0.26999999999999996
2018-11-17,89.35519917805989,13861400.0,0.0,0.03081741600330304,18.793333053588867,2.2,2.6733333333333333,0.5,0.27666666666666667,90.0,0.0025457193870743744,0.175634882259896,0.1825783211408059,0.15352758095415484,0.15818750557306732,-0.6077235031794044,0.036666666666666625,0.0,0.12008367814852239,0.5,0.27166666666666667
2018-11-18,89.58209482828777,13924200.0,0.0,0.03081741600330304,19.446666717529297,2.2,2.666666666666667,0.5,0.2783333333333334,90.0,0.0025392551559952903,0.17557228509469583,0.17235075344983442,0.1536037899244773,0.1541035399442592,-0.6113012175745427,0.02666666666666684,0.0,0.12008367814852239,0.5,0.2733333333333333
2018-11-19,89.80899047851562,13987000.0,0.0,0.03081741600330304,20.100000381469727,2.2,2.66,0.5,0.28,90.0,0.0025328236704307283,0.17482247320430522,0.17137714222056266,0.15329823003598783,0.15399442425994425,-0.6116823917819147,0.0,0.0,0.12008367814852239,0.5,0.275
2018-11-20,87.88041687011719,18936200.0,0.0,0.03081741600330304,22.479999542236328,2.2,2.67,0.5,0.2816666666666667,90.0,-0.021474170883368227,0.1862290838294783,0.17620854646402653,0.15735015337667888,0.15397545812945118,-0.6298598535279011,-0.020000000000000018,0.0,0.12008367814852239,0.5,0.27666666666666667
2018-11-21,87.22405242919922,10619600.0,0.0,0.03081741600330304,20.799999237060547,2.2,2.67,0.5,0.2833333333333333,85.0,-0.007468836224207243,0.1870454766461237,0.1766291393948942,0.15775751874887572,0.31067081529093205,-0.6110537490993996,0.0,0.0,0.12008367814852239,0.5,0.2783333333333334
2018-11-22,86.82292938232422,8554000.0,0.0,0.03081741600330304,21.15999984741211,2.2,2.67,0.5,0.28500000000000003,85.0,-0.004598766460668591,0.18483345973386295,0.176715590639111,0.1578973982382889,0.1820315020718814,-0.6112636741084265,-0.03000000000000025,0.010000000000000231,0.12008367814852239,0.5,0.27999999999999997
2018-11-23,86.42180633544922,6488400.0,0.0,0.03081741600330304,21.520000457763672,2.2,2.67,0.5,0.2866666666666667,85.0,-0.004620012820676145,0.1762799697886584,0.17680242249744021,0.15764035731835047,0.16200130305783533,-0.6114699973881758,-0.03333333333333366,0.006666666666666821,0.12008367814852239,0.5,0.2816666666666667
2018-11-24,87.12679799397786,8975033.333333334,0.0,0.03081741600330304,20.64666684468587,2.2,2.68,0.5,0.28833333333333333,86.66666666666667,0.008157566804287697,0.17258555803373316,0.1778428849710077,0.1579575755080749,0.16162110785754624,-0.6146302182831773,-0.026666666666666394,0.0033333333333334103,0.12008367814852239,0.5,0.2833333333333334
2018-11-25,87.83178965250652,11461666.666666668,0.0,0.03081741600330304,19.773333231608074,2.2,2.69,0.5,0.2899999999999999,88.33333333333333,0.008091559368190948,0.16802452726024514,0.17743527880495433,0.15826677946229875,0.18193019792794013,-0.6192853303099702,-0.020000000000000018,0.0,0.12008367814852239,0.5,0.285
2018-11-26,88.53678131103516,13948300.0,0.0,0.03081741600330304,18.899999618530273,2.2,2.7,0.5,0.2916666666666666,90.0,0.00802661156419382,0.16884367860153832,0.17820344872438343,0.1587783641214496,0.18190240575724914,-0.625220696801598,-0.020000000000000018,0.0,0.12008367814852239,0.5,0.2866666666666666
2018-11-27,88.9095230102539,9238200.0,0.0,0.03081741600330304,19.020000457763672,2.2,2.7,0.5,0.2933333333333333,90.0,0.004210020894133137,0.1687910426598316,0.17601583025974496,0.1589145259394669,0.18145593439482458,-0.6385495906608514,-0.040000000000000036,0.0,0.12008367814852239,0.5,0.2883333333333333
2018-11-28,89.89813232421875,13977300.0,0.0,0.03081741600330304,18.489999771118164,2.2,2.69,0.5,0.295,90.0,0.011119273622138603,0.1707985626452475,0.17750787990387876,0.15990595127597787,0.16023872733951272,-0.6387501447297202,-0.050000000000000266,0.0,0.12008367814852239,0.5,0.29
2018-11-29,89.1850357055664,11144300.0,0.0,0.03081741600330304,18.790000915527344,2.2,2.69,0.5,0.2966666666666666,90.0,-0.007932274010772011,0.16646297503788873,0.17815710900847156,0.16020090823342845,0.20470037654046855,-0.6374221124166267,-0.040000000000000036,0.010000000000000231,0.12008367814852239,0.5,0.2916666666666666
2018-11-30,90.1007308959961,18652700.0,0.0,0.03081741600330304,18.06999969482422,2.2,2.7,0.5,0.2983333333333333,90.0,0.010267363613025271,0.15735890101095235,0.1794169405726313,0.1611572498103013,0.1817869096995173,-0.6391978459621996,-0.027499999999999858,0.010000000000000231,0.12008367814852239,0.5,0.2933333333333333
2018-12-01,90.38433583577473,17779966.666666668,0.0,0.03081741600330304,17.52666664123535,2.1966666666666668,2.706666666666667,0.5,0.29888888888888887,90.0,0.003147643054150162,0.1574891517352125,0.17932569546080263,0.16123912128644294,0.19813725241888283,-0.6404915454520044,-0.01833333333333309,0.006666666666666821,0.12008367814852239,0.5,0.29484126984126974
2018-12-02,90.66794077555339,16907233.333333332,0.0,0.03081741600330304,16.983333587646484,2.1933333333333334,2.7133333333333334,0.5,0.2994444444444444,90.0,0.0031377664852674236,0.15647735967178567,0.17835644699614672,0.16131970425523903,0.15684500193791254,-0.6410745252656135,-0.009166666666666767,0.0033333333333334103,0.12008367814852239,0.5,0.29619047619047617
2018-12-03,90.95154571533203,16034500.0,0.0,0.03081741600330304,16.440000534057617,2.19,2.72,0.5,0.3,90.0,0.003127951703245424,0.15655966145380454,0.17745090407188613,0.16139901499703024,0.15576664616933228,-0.6808206228157064,0.0,-0.010000000000000231,0.12008367814852239,0.5,0.29738095238095236
2018-12-04,86.89180755615234,23555900.0,0.0,0.03081741600330304,20.739999771118164,2.2,2.71,0.5,0.3,85.0,-0.04463627448274721,0.20696682747714773,0.19998128367208706,0.1782867637904881,0.15571169100080787,-0.7191536187635091,0.0,0.0,0.12008367814852239,0.5,0.2983333333333333
2018-12-05,86.06526947021484,22120133.333333332,0.0,0.03081741600330304,20.96500015258789,2.2,2.705,0.5,0.3,85.0,-0.009512267142139486,0.20843738707670936,0.20061276090699243,0.17880786526872855,0.5910244002454947,-0.7182399973014636,0.004999999999999893,0.0,0.12008367814852239,0.5,0.29904761904761906
2018-12-06,85.23873138427734,20684366.666666668,0.0,0.03081741600330304,21.190000534057617,2.2,2.7,0.5,0.3,85.0,-0.009603619334783375,0.20924888644771653,0.20121090388326027,0.17937137622883667,0.21044625286141758,-0.7174794482003,0.020000000000000018,0.0,0.12008367814852239,0.5,0.2995238095238095
2018-12-07,83.69911193847656,19248600.0,0.0,0.03081741600330304,23.229999542236328,2.19,2.68,0.5,0.3,85.0,-0.01806243970079513,0.20726946329290602,0.20395811295753297,0.18170973099326962,0.19429761557131783,-0.7251750096439318,0.006666666666666821,-0.010000000000000231,0.12008367814852239,0.5,0.29976190476190473
2018-12-08,83.17779795328777,20711200.0,0.0,0.03081741600330304,23.03333282470703,2.1933333333333334,2.6833333333333336,0.5,0.3,83.33333333333333,-0.006228429108925182,0.20505424161335134,0.20388677549169817,0.1819155909494367,0.27396883663376875,-0.723659594967655,0.016666666666666607,-0.006666666666666821,0.12008367814852239,0.5,0.2999206349206349
2018-12-09,82.65648396809895,22173800.0,0.0,0.03081741600330304,22.836666107177734,2.1966666666666668,2.6866666666666665,0.5,0.3,81.66666666666667,-0.006267465573945308,0.2043117912322584,0.19727791759447577,0.182120880593729,0.17311078704599417,-0.7125907556522161,0.026666666666666394,-0.0033333333333334103,0.12008367814852239,0.5,0.3
2018-12-10,82.13516998291016,23636400.0,0.0,0.03081741600330304,22.639999389648438,2.2,2.69,0.5,0.3,80.0,-0.006306994444501113,0.20419798027711458,0.18814834858601107,0.1818864332383411,0.17040310806530717,-0.7003661086754157,0.020000000000000018,0.0,0.12008367814852239,0.5,0.3
2018-12-11,81.33295440673828,16860700.0,0.0,0.03081741600330304,21.760000228881836,2.19,2.7,0.5,0.3,80.0,-0.009767016691373365,0.20483901659517523,0.18790309848764844,0.1815799400643792,0.1705726692015088,-0.7684618680092838,0.03000000000000025,-0.010000000000000231,0.12008367814852239,0.5,0.3
2018-12-12,81.85963439941406,22621500.0,0.0,0.03081741600330304,21.459999084472656,2.19,2.7,0.5,0.3,80.0,0.006475603849847911,0.20622130167929656,0.1885222640533464,0.1818364409612147,0.19471833914789913,-0.7679626697712794,0.03000000000000025,-0.010000000000000231,0.12008367814852239,0.5,0.3
2018-12-13,81.94070434570312,17250900.0,0.0,0.03081741600330304,20.649999618530273,2.19,2.69,0.5,0.3,80.0,0.0009903531439379165,0.20498226224221017,0.18855090642315026,0.181865835428647,0.1718985893686482,-0.7672254189987806,0.020000000000000018,-0.010000000000000231,0.12008367814852239,0.5,0.3
2018-12-14,81.26811218261719,19879500.0,0.0,0.03081741600330304,21.6299991607666,2.19,2.68,0.5,0.3,80.0,-0.008208279004392138,0.19843357964583086,0.18914561165332774,0.18220574692321415,0.15162447013813216,-0.7689203592241537,0.0,-0.010000000000000231,0.12008367814852239,0.5,0.3
2018-12-15,80.92237091064453,20118925.0,0.0,0.03081741600330304,22.593332926432293,2.1933333333333334,2.6733333333333333,0.5,0.3,80.0,-0.004254328822056785,0.18056045308874044,0.18350162430323239,0.18222990776558304,0.18256592510954464,-0.7517447891765854,-0.016666666666666607,-0.006666666666666821,0.12008367814852239,0.5,0.3
2018-12-16,80.57662963867188,20358350.0,0.0,0.03081741600330304,23.55666669209798,2.1966666666666668,2.666666666666667,0.5,0.3,80.0,-0.004272505465199861,0.18042379645464604,0.1817315402957753,0.18225013347746255,0.16052404193372824,-0.7549140926420974,-0.033333333333333215,-0.0033333333333334103,0.12008367814852239,0.5,0.3
2018-12-17,80.23088836669922,20597775.0,0.0,0.03081741600330304,24.520000457763672,2.2,2.66,0.5,0.3,80.0,-0.0042908380944084445,0.17956573008831592,0.1793642233615249,0.18207682624522847,0.16007333686073666,-0.7470335176994287,-0.040000000000000036,0.0,0.12008367814852239,0.5,0.3
2018-12-18,79.85003662109375,20837200.0,0.0,0.03081741600330304,25.579999923706055,2.2,2.64,0.5,0.3,80.0,-0.004746946635624472,0.17864530642170914,0.17949112104874174,0.17485037264776485,0.16014054223553248,-0.7468920384712024,-0.04999999999999982,0.0,0.12008367814852239,0.5,0.3
2018-12-19,78.83711242675781,20199216.666666668,0.0,0.03081741600330304,25.579999923706055,2.2,2.62,0.5,0.3,80.0,-0.012685331619101015,0.17941001418232777,0.18085148324121206,0.1748850954402776,0.16215899117853114,-0.7407925581372251,-0.06999999999999984,0.0,0.12008367814852239,0.5,0.3
2018-12-20,78.15644073486328,19561233.333333332,0.0,0.03081741600330304,28.3799991607666,2.4,2.64,0.5,0.3,80.0,-0.00863389932662606,0.17228254123641804,0.1813115929634124,0.1750696286609325,0.21975388662086648,-0.7350007534574287,-0.06000000000000005,0.19999999999999973,0.12008367814852239,0.5,0.3
2018-12-21,76.30888366699219,18923250.0,0.0,0.03081741600330304,30.110000610351562,2.4,2.62,0.5,0.3,75.0,-0.02363921706899008,0.18158215161326483,0.1868511296921726,0.17881599584955163,0.18717002194197177,-0.7428410101435977,-0.08666666666666689,0.20333333333333314,0.12008367814852239,0.5,0.3
2018-12-22,75.76055908203125,18285266.666666668,0.0,0.03081741600330304,30.17000045776367,2.4,2.6166666666666667,0.5,0.3,75.0,-0.007185593060878626,0.18175774010379844,0.18633687747550423,0.1789938924400614,0.335559860413988,-0.7388738229751829,-0.09666666666666668,0.20666666666666655,0.12008367814852239,0.5,0.3
2018-12-23,75.21223449707031,17647283.333333332,0.0,0.03081741600330304,30.230000305175782,2.4,2.6133333333333333,0.5,0.3,75.0,-0.00723759950566405,0.18192891282512935,0.1833646366095362,0.1791726287652571,0.1812109490462478,-0.7395117823141384,-0.10666666666666691,0.20999999999999996,0.12008367814852239,0.5,0.3
2018-12-24,74.66390991210938,17009300.0,0.0,0.03081741600330304,30.29000015258789,2.4,2.61,0.5,0.3,75.0,-0.007290364242300229,0.17798305710134982,0.18028464736925287,0.17935547538402327,0.17656285466910235,-0.7340379879265482,-0.10000000000000009,0.19999999999999973,0.12008367814852239,0.5,0.3
2018-12-25,76.21163940429688,19776100.0,0.0,0.03081741600330304,30.35,2.4,2.61,0.5,0.3,77.5,0.020729285326865465,0.18931657430514015,0.18447830220718497,0.18273445295117483,0.17680124729306196,-0.7209223958100288,-0.0950000000000002,0.19999999999999973,0.12008367814852239,0.5,0.3
2018-12-26,77.75936889648438,22542900.0,0.0,0.03081741600330304,30.40999984741211,2.4,2.61,0.5,0.3,80.0,0.020308308603321334,0.19937623209767713,0.18936977126962937,0.18644801871413935,0.2980096693924339,-0.703935983048054,-0.0900000000000003,0.19999999999999973,0.12008367814852239,0.5,0.3
2018-12-27,78.6345443725586,20304700.0,0.0,0.03081741600330304,29.959999084472656,2.4,2.58,0.5,0.3,80.0,0.01125491999863426,0.2029716956769882,0.19073058326868267,0.18642815375871918,0.2957544004792908,-0.7062192431769777,-0.10000000000000009,0.20999999999999996,0.12008367814852239,0.5,0.3
2018-12-28,78.4643783569336,17963300.0,0.0,0.03081741600330304,28.34000015258789,2.4,2.57,0.5,0.3,80.0,-0.002164010957051876,0.19795014477226383,0.19035906269941402,0.1863336476085961,0.20916523007815058,-0.6951799527288807,-0.11333333333333373,0.20666666666666655,0.12008367814852239,0.5,0.3
2018-12-29,78.67776234944661,16387933.333333334,0.0,0.03081741600330304,27.366666793823242,2.4,2.59,0.5,0.3,80.0,0.002719501472914665,0.19876065687117447,0.18649014771548478,0.1863802042076618,0.1545600428999965,-0.6868826846904909,-0.09666666666666668,0.20333333333333314,0.12008367814852239,0.5,0.3
2018-12-30,78.89114634195964,14812566.666666666,0.0,0.03081741600330304,26.393333435058594,2.4,2.61,0.5,0.3,80.0,0.0027121258426909822,0.19519573519181768,0.18043246353014458,0.1864263683183918,0.1544840153109829,-0.66772120833733,-0.08000000000000007,0.19999999999999973,0.12008367814852239,0.5,0.3
2018-12-31,79.10453033447266,13237200.0,0.0,0.03081741600330304,25.420000076293945,2.4,2.63,0.5,0.3,80.0,0.002704790111530242,0.19505104507164858,0.18065220830156148,0.18631652613961916,0.1544620884733254,-0.680534893647921,-0.07000000000000028,0.20999999999999996,0.12008367814852239,0.5,0.3
2019-01-01,79.78925323486328,14454050.0,0.0,0.03081741600330304,24.31999969482422,2.4,2.6149999999999998,0.5,0.29903225806451605,80.0,0.008655925235829809,0.19753485011450306,0.18174068564938095,0.18619923121272988,0.15444153153779275,-0.6856511012616137,-0.08500000000000041,0.20999999999999996,0.12008367814852239,0.5,0.29986175115207375
2019-01-02,80.4739761352539,15670900.0,0.0,0.03081741600330304,23.219999313354492,2.4,2.6,0.5,0.2980645161290322,80.0,0.00858164317411414,0.1999067547734414,0.18277108437084189,0.18613101813261002,0.18532118960722768,-0.6911423244162608,-0.08999999999999986,0.20999999999999996,0.12008367814852239,0.5,0.29958525345622117
2019-01-03,79.33028411865234,16286400.0,0.8,0.041346126973328186,25.450000762939453,2.4,2.5,0.5,0.2961290322580645,80.0,-0.014211948651317252,0.15988190368193056,0.1844735206614175,0.1872185586159316,0.1854193022023276,-0.699490506805795,-0.18000000000000016,0.20999999999999996,0.12008367814852239,0.5,0.29903225806451605
2019-01-04,82.25485229492188,16935200.0,0.0,0.03987606698556428,21.3799991607666,2.4,2.57,0.5,0.2941935483870967,80.0,0.036865721694571585,0.194844013904168,0.20009919622922692,0.19761663146705336,0.23459735460989833,-0.7470296575242856,-0.1033333333333335,0.20666666666666655,0.12008367814852239,0.5,0.2982027649769585
2019-01-05,82.27391306559245,16433700.0,0.0,0.03759903986395629,21.38666598002116,2.4,2.5733333333333333,0.5,0.29225806451612896,80.0,0.00023172822196837473,0.193355615459573,0.19975018799036753,0.1975518909676721,0.4782123012025753,-0.7479407599451053,-0.09333333333333371,0.20333333333333314,0.12008367814852239,0.5,0.2970967741935483
2019-01-06,82.29297383626302,15932200.0,0.0,0.03532201274234831,21.393332799275715,2.4,2.5766666666666667,0.5,0.29032258064516125,80.0,0.00023167453643990754,0.18649303384540922,0.19611775474919887,0.19748681584029476,0.16520664571079716,-0.7406614687559977,-0.08333333333333348,0.19999999999999973,0.12008367814852239,0.5,0.29571428571428565
2019-01-07,82.3120346069336,15430700.0,0.0,0.03304498562074032,21.399999618530273,2.4,2.58,0.5,0.2883870967741935,80.0,0.00023162087578110224,0.185721138153434,0.1951364335407784,0.19728123296703926,0.15097855110341543,-0.7477721261601394,-0.06000000000000005,0.19999999999999973,0.12008367814852239,0.5,0.2940552995391704
2019-01-08,82.15681457519531,13578800.0,0.0,0.03310741797943587,20.469999313354492,2.4,2.6,0.5,0.2864516129032258,80.0,-0.0018857513664861658,0.18493477381962062,0.19441285429345634,0.1924484699406131,0.15064536936447623,-0.7425247454494135,-0.020000000000000018,0.19999999999999973,0.12008367814852239,0.5,0.29225806451612896
2019-01-09,82.01791381835938,14230300.0,0.0,0.03316348677221706,19.979999542236328,2.4,2.59,0.5,0.2845161290322581,80.0,-0.0016906784611130377,0.1840868216406267,0.19407767366925094,0.1859287544978441,0.15245136048742183,-0.740458733089639,-0.050000000000000266,0.0,0.12008367814852239,0.5,0.2903225806451612
2019-01-10,82.00977325439453,14376100.0,0.0,0.03316677869066353,19.5,2.4,2.59,0.5,0.2825806451612903,80.0,-9.92534872671369e-05,0.18174604895026875,0.19374153396575694,0.18512189086134867,0.15213177163524413,-0.7392146825605027,-0.03000000000000025,0.0,0.12008367814852239,0.5,0.28838709677419355
2019-01-11,81.61767578125,15439900.0,0.0,0.03332611439818609,18.190000534057617,2.4,2.58,0.5,0.2806451612903226,80.0,-0.004781106660644463,0.18134643606661996,0.1935021831853526,0.1852419910944512,0.15064852400108453,-0.7262049778626894,-0.036666666666666625,0.0,0.12008367814852239,0.5,0.2864516129032258
2019-01-12,81.89813741048177,17379433.333333332,0.0,0.03321276486128554,18.483333587646484,2.4,2.5766666666666667,0.5,0.2787096774193548,80.0,0.0034362854191469783,0.1816114860293669,0.19318202465141174,0.1853543547637924,0.1621141182047688,-0.7227354360404455,-0.036666666666666625,0.0,0.12008367814852239,0.5,0.28451612903225804
2019-01-13,82.17859903971355,19318966.666666668,0.0,0.033099415324384984,18.77666664123535,2.4,2.5733333333333333,0.5,0.27677419354838706,80.0,0.0034245177985681163,0.18016131581647735,0.18908283502124554,0.1854610343830424,0.15686510581224597,-0.7143044001579028,-0.036666666666666625,0.0,0.12008367814852239,0.5,0.28258064516129033
2019-01-14,82.45906066894531,21258500.0,0.0,0.032986065787484434,19.06999969482422,2.4,2.57,0.5,0.2748387096774193,80.0,0.00341283049977803,0.17981788097378604,0.18132270325645602,0.18191011123983422,0.1567057108072391,-0.709847231651189,-0.040000000000000036,0.0,0.12008367814852239,0.5,0.2806451612903226
2019-01-15,83.0635757446289,19895750.0,0.0,0.0327460017897903,18.600000381469727,2.4,2.57,0.5,0.2729032258064516,85.0,0.0073310934029504615,0.1802044577573252,0.1821777171650685,0.1813254519937204,0.15666241076888004,-0.7228472157386996,-0.040000000000000036,0.0,0.12008367814852239,0.5,0.2787096774193548
2019-01-16,83.73345184326172,18533000.0,0.0,0.032484030457641845,19.040000915527344,2.4,2.57,0.5,0.2709677419354839,85.0,0.008064619089988234,0.18058898816650795,0.18300166915380353,0.18007108868802374,0.1762992535961569,-0.7186090510090513,-0.010000000000000231,0.0,0.12008367814852239,0.5,0.27677419354838706
2019-01-17,84.07656860351562,14247600.0,0.0,0.03235146301970112,18.059999465942383,2.4,2.57,0.5,0.2690322580645161,85.0,0.004097726209784991,0.17977560771118736,0.18316049211093383,0.18022303306215845,0.18159314582393934,-0.7248406670486333,0.0,0.0,0.12008367814852239,0.5,0.27483870967741936
2019-01-18,85.44078826904297,16428700.0,0.0,0.03183491228375657,17.799999237060547,2.4,2.6,0.5,0.2670967741935484,85.0,0.016225919875020978,0.1790267228909069,0.1863769866768308,0.1821717582708871,0.15978844216879234,-0.7214854241419575,0.010000000000000231,0.0,0.12008367814852239,0.5,0.2729032258064516
2019-01-19,85.10381507873535,16592450.0,0.0,0.03196247968276977,18.549999237060547,2.4,2.5975,0.5,0.2651612903225806,85.0,-0.003943938218904597,0.1769363736467911,0.18136683197143144,0.18211507002586994,0.25164452529588094,-0.7038268974424934,-0.012499999999999734,0.0,0.12008367814852239,0.5,0.27096774193548384
2019-01-20,84.76684188842773,16756200.0,0.0,0.03209004708178297,19.299999237060547,2.4,2.5949999999999998,0.5,0.26322580645161286,85.0,-0.003959554457057646,0.15928025888354674,0.18093189389018538,0.18205746369435777,0.16135969432877398,-0.7325884669698997,-0.03500000000000014,0.0,0.12008367814852239,0.5,0.2690322580645161
2019-01-21,84.42986869812012,16919950.0,0.0,0.03221761448079617,20.049999237060547,2.4,2.5925,0.5,0.26129032258064516,85.0,-0.003975294853513001,0.15765960254341804,0.18087534242421272,0.18133853646895337,0.15881896198043588,-0.7322046678108091,-0.022499999999999964,0.0,0.12008367814852239,0.5,0.2670967741935484
2019-01-22,84.0928955078125,17083700.0,0.0,0.03234518187980938,20.799999237060547,2.4,2.59,0.5,0.2593548387096774,85.0,-0.003991160894877943,0.15597763032792689,0.18081784955774097,0.1786923573438195,0.15882370960778963,-0.7318722290085914,-0.010000000000000231,0.0,0.12008367814852239,0.5,0.2651612903225806
2019-01-23,83.88050842285156,12146700.0,0.0,0.03242708051181758,19.520000457763672,2.4,2.59,0.5,0.2574193548387097,85.0,-0.0025256245926411625,0.1536330763098061,0.17997490594831447,0.17691850666885883,0.15888650240617677,-0.7187646149906174,0.08999999999999986,0.0,0.12008367814852239,0.5,0.26322580645161286
2019-01-24,83.92951965332031,11296800.0,0.0,0.03240814449117838,18.889999389648438,2.4,2.58,0.5,0.2554838709677419,85.0,0.0005842982045562994,0.14552344789482996,0.1790827582015239,0.17539928782608846,0.15408438398888882,-0.7153394534011024,0.010000000000000231,0.0,0.12008367814852239,0.5,0.26129032258064516
2019-01-25,84.46051025390625,14369400.0,0.0,0.03220439933198488,17.420000076293945,2.4,2.6,0.5,0.2535483870967742,85.0,0.006326625039428935,0.13684378816941387,0.17876355731954036,0.1755488634679499,0.15086495187197513,-0.7141724406719075,0.02666666666666684,0.0,0.12008367814852239,0.5,0.2593548387096774
2019-01-26,84.5939432779948,13673966.666666666,0.0,0.032153761936160555,17.90333366394043,2.4,2.6,0.5,0.25161290322580643,85.0,0.0015798273499345594,0.13451021983489864,0.17853172772789083,0.17540083424376884,0.17004325162219083,-0.7134562479331236,0.023333333333333428,0.0,0.12008367814852239,0.5,0.2574193548387097
2019-01-27,84.72737630208333,12978533.333333334,0.0,0.03210312454033623,18.386667251586914,2.4,2.6,0.5,0.24967741935483867,85.0,0.0015773354322783373,0.1338333589947252,0.17688513018300678,0.1752525503681875,0.1523569691407685,-0.710657721148537,0.020000000000000018,0.0,0.12008367814852239,0.5,0.2554838709677419
2019-01-28,84.86080932617188,12283100.0,0.0,0.03205248714451191,18.8700008392334,2.4,2.6,0.5,0.2477419354838709,85.0,0.0015748513634223915,0.1338627276941936,0.17635757616997158,0.17275286833942835,0.15193434356298746,-0.7078996326360447,0.0,0.0,0.12008367814852239,0.5,0.2535483870967742
2019-01-29,85.09769439697266,9743300.0,0.0,0.03196326315624321,19.1299991607666,2.4,2.6,0.5,0.2458064516129032,85.0,0.002791454296532603,0.1338638829807337,0.17502290300293735,0.16888565940318914,0.15192086268868465,-0.7035979178170385,0.010000000000000231,0.0,0.12008367814852239,0.5,0.25161290322580643
2019-01-30,85.29376220703125,12526300.0,0.0,0.031889788064428645,17.65999984741211,2.4,2.57,0.5,0.2438709677419354,85.0,0.002304031988739297,0.13386430963748255,0.17494730752191417,0.16894685453082975,0.15462566108867956,-0.6992913253667135,-0.020000000000000018,0.0,0.12008367814852239,0.5,0.2496774193548387
2019-01-31,84.55037689208984,17520600.0,0.0,0.03217017002149486,16.56999969482422,2.4,2.55,0.5,0.2419354838709677,85.0,-0.008715588288121356,0.13642128994469846,0.17545305242028536,0.16931128093299294,0.1534277990233925,-0.6800703266327264,-0.03000000000000025,0.0,0.12008367814852239,0.5,0.24774193548387094
2019-02-01,84.86080932617188,13000800.0,0.0,0.03205248714451191,16.139999389648438,2.4,2.56,0.5,0.24,85.0,0.003671567714928381,0.13509234468694414,0.1755131002442169,0.1693940487767101,0.18629176465067948,-0.6799460132113376,-0.016666666666666607,0.0,0.12008367814852239,0.5,0.2458064516129032
2019-02-02,84.96156565348308,11957700.0,0.0,0.032014565888610534,16.003332773844402,2.4,2.5633333333333335,0.5,0.24035714285714282,85.0,0.0011873128256876253,0.12623610116085696,0.14903356524780154,0.16935941874748803,0.158288901568798,-0.5758380128964214,-0.009999999999999787,0.0,0.12008367814852239,0.5,0.24419848584595122
2019-02-03,85.06232198079427,10914600.0,0.0,0.03197664463270916,15.866666158040365,2.4,2.5666666666666664,0.5,0.24071428571428566,85.0,0.0011859047857254446,0.07479948812557433,0.1478274954246831,0.16932476726859746,0.15151458546869984,-0.5761862354980261,-0.0033333333333334103,0.0,0.12008367814852239,0.5,0.2429180381830151
2019-02-04,85.16307830810547,9871500.0,0.0,0.03193872337680779,15.729999542236328,2.4,2.57,0.5,0.2410714285714285,85.0,0.0011845000814103557,0.07475226087503882,0.14652963074630326,0.16912846865119605,0.15135807378024152,-0.5766394594167518,0.0,0.0,0.12008367814852239,0.5,0.24196510862409476
2019-02-05,84.78727722167969,12763000.0,0.0,0.03208028479188514,15.569999694824219,2.4,2.56,0.5,0.2414285714285714,85.0,-0.004412723141197339,0.07644718274666874,0.14185758148446326,0.16664257439289137,0.15135285596050127,-0.5439994740611465,-0.009999999999999787,0.0,0.12008367814852239,0.5,0.24133969716919018
2019-02-06,84.7464370727539,8745000.0,0.0,0.03209574459944445,15.380000114440918,2.4,2.56,0.5,0.2417857142857142,85.0,-0.00048167779723606863,0.07653702101210398,0.1412262809154008,0.165985108473384,0.16047297832712837,-0.5471868830198342,-0.009999999999999787,0.0,0.12008367814852239,0.5,0.24104180381830148
2019-02-07,83.63545227050781,13177500.0,0.0,0.032522093516066844,16.3700008392334,2.4,2.55,0.5,0.2421428571428571,85.0,-0.01310951634807167,0.08656831424174737,0.1432996554701402,0.16661078254672154,0.1509570744818652,-0.5620556896912577,-0.050000000000000266,0.0,0.12008367814852239,0.5,0.24107142857142852
2019-02-08,82.80218505859375,12892600.0,0.0,0.03284937466414965,15.720000267028809,2.4,2.54,0.5,0.2425,85.0,-0.009963086099169627,0.09168618936153004,0.14421254956156335,0.16699869860013133,0.22351938484222098,-0.5483538477591068,-0.05750000000000011,0.0,0.12008367814852239,0.5,0.24142857142857135
2019-02-09,82.67147827148438,12254566.666666666,0.0,0.03290147553601131,15.803333600362143,2.4,2.5433333333333334,0.5,0.24285714285714283,83.33333333333333,-0.00157854272827318,0.09184490343385186,0.14276604838409143,0.1666725840142342,0.1974748674284345,-0.5711816572939273,-0.051666666666666305,0.0,0.12008367814852239,0.5,0.24178571428571424
2019-02-10,82.540771484375,11616533.333333334,0.0,0.03295357640787296,15.886666933695475,2.4,2.5466666666666664,0.5,0.24321428571428566,81.66666666666667,-0.0015810384650453146,0.09077290874962678,0.14222856741440504,0.16633466661640875,0.15309619888851259,-0.5716305195434331,-0.04583333333333339,0.0,0.12008367814852239,0.5,0.24214285714285713
2019-02-11,82.41006469726562,10978500.0,0.0,0.03300567727973462,15.970000267028809,2.4,2.55,0.5,0.2435714285714285,80.0,-0.0015835421060259591,0.09046921537771513,0.14226058263731872,0.16596372656788122,0.151961028618585,-0.5731473921547905,-0.040000000000000036,0.0,0.12008367814852239,0.5,0.24249999999999994
2019-02-12,83.81513214111328,12852300.0,0.0,0.03245237381980785,15.430000305175781,2.4,2.55,0.5,0.2439285714285714,85.0,0.017049706841138823,0.10230031742387781,0.14526942766766307,0.16509519556191424,0.15193966801344455,-0.5625200324118318,-0.040000000000000036,0.0,0.12008367814852239,0.5,0.24285714285714283
2019-02-13,84.2154312133789,10754100.0,0.0,0.03229811877479156,15.649999618530273,2.4,2.55,0.5,0.2442857142857142,85.0,0.004775976151796479,0.10269232440541505,0.14517942551950452,0.15956414377882142,0.25972834131934397,-0.5556411618499426,-0.03000000000000025,0.0,0.12008367814852239,0.5,0.24321428571428566
2019-02-14,83.66809844970703,11518500.0,0.0,0.03250940382773244,16.219999313354492,2.4,2.53,0.5,0.2446428571428571,85.0,-0.006499198018532826,0.10278605234022058,0.1455771729067925,0.15986748167993972,0.16504258214073697,-0.5566372530131204,-0.07000000000000028,0.0,0.12008367814852239,0.5,0.24357142857142852
2019-02-15,86.22504425048828,14716900.0,0.0,0.03154535928213916,14.90999984741211,2.4,2.55,0.5,0.245,85.0,0.030560582207067144,0.13283434894897853,0.15721183475356917,0.16790137002971314,0.17159291319527933,-0.5631406210432937,-0.050000000000000266,0.0,0.12008367814852239,0.5,0.24392857142857136
2019-02-16,86.14948081970215,14228900.0,0.0,0.031573101346358795,14.902499914169312,2.4,2.5475,0.5,0.24535714285714286,85.0,-0.0008763513135071621,0.13260294764014743,0.1567840883132029,0.16782971240073238,0.405918090404221,-0.5597019918692663,-0.05250000000000021,0.0,0.12008367814852239,0.5,0.24428571428571424
2019-02-17,86.07391738891602,13740900.0,0.0,0.03160084341057842,14.894999980926514,2.4,2.545,0.5,0.24571428571428572,85.0,-0.0008771199787527273,0.12447905114914434,0.1541097541223263,0.16775617053591824,0.1611751883180401,-0.5656710237458202,-0.05500000000000016,0.0,0.12008367814852239,0.5,0.2446428571428571
2019-02-18,85.99835395812988,13252900.0,0.0,0.031628585474798056,14.887500047683716,2.4,2.5425,0.5,0.24607142857142855,85.0,-0.0008778899936052742,0.12389574804114299,0.1527422106057443,0.1638659187444309,0.15125254721690634,-0.5625029115876164,-0.05750000000000011,0.0,0.12008367814852239,0.5,0.24499999999999997
2019-02-19,85.92279052734375,12764900.0,0.0,0.03165632753901769,14.880000114440918,2.4,2.54,0.5,0.2464285714285714,85.0,-0.0008786613616224015,0.12328269276108114,0.1433091642570829,0.1634096918681018,0.15102415419802206,-0.5171032783352825,-0.029999999999999805,0.0,0.12008367814852239,0.5,0.24535714285714283
2019-02-20,86.33940887451172,10030300.0,0.0,0.031503574502731765,14.020000457763672,2.4,2.54,0.5,0.2467857142857142,85.0,0.004848752520850486,0.12317597273195097,0.14213176699307825,0.16344706624235827,0.15101975200652493,-0.5170434017687806,-0.009999999999999787,0.0,0.12008367814852239,0.5,0.2457142857142857
2019-02-21,86.1596908569336,8400100.0,0.0,0.0315692869014178,14.460000038146973,2.4,2.55,0.5,0.2471428571428571,85.0,-0.002081529395682291,0.12265885262908412,0.14105426676711913,0.1633009841904627,0.1623285273014541,-0.5186460862715105,-0.010000000000000231,0.0,0.12008367814852239,0.5,0.24607142857142855
2019-02-22,85.7757339477539,10647300.0,0.0,0.03171060012913157,13.510000228881836,2.4,2.55,0.5,0.2475,85.0,-0.00445634037635112,0.12324418525479527,0.14034635014589483,0.1628784904692902,0.15311797602562774,-0.5024520871789223,-0.013333333333333641,0.0,0.12008367814852239,0.5,0.2464285714285714
2019-02-23,86.0752690633138,10841766.666666666,0.0,0.03160101246626071,13.956666946411133,2.4,2.5533333333333332,0.5,0.24785714285714283,85.0,0.0034920728949092705,0.12349802731261914,0.13515458505373384,0.16240307861118436,0.1607002744052638,-0.5311497017905814,-0.013333333333333197,0.0,0.12008367814852239,0.5,0.24678571428571425
2019-02-24,86.3748041788737,11036233.333333334,0.0,0.03149142480338985,14.40333366394043,2.4,2.5566666666666666,0.5,0.24821428571428567,85.0,0.0034799207579541136,0.12267887503027501,0.1298474578537581,0.16193076551035934,0.15702449714337238,-0.5617920222670322,-0.013333333333333197,0.0,0.12008367814852239,0.5,0.2471428571428571
2019-02-25,86.6743392944336,11230700.0,0.0,0.03138183714051899,14.850000381469727,2.4,2.56,0.5,0.2485714285714285,85.0,0.003467852904645463,0.12291100166856583,0.1284053081886296,0.16187762009470366,0.15689934143378134,-0.5581694597160297,0.0,0.0,0.12008367814852239,0.5,0.24749999999999997
2019-02-26,86.01263427734375,15465400.0,0.0,0.03162326119706422,15.170000076293945,2.4,2.55,0.5,0.2489285714285714,85.0,-0.007634382015212382,0.1253044466853579,0.12958692799742275,0.16119372605487722,0.15685490520607007,-0.5869808134138149,-0.010000000000000231,0.0,0.12008367814852239,0.5,0.2478571428571428
2019-02-27,85.90644073486328,9968800.0,0.0,0.03166235240026825,14.699999809265137,2.4,2.54,0.5,0.2492857142857142,85.0,-0.0012346272541549075,0.1253601313787978,0.12968556530250716,0.16070295005114105,0.1786761894095672,-0.5859890975382254,-0.009999999999999787,0.0,0.12008367814852239,0.5,0.2482142857142857
2019-02-28,85.25292205810547,15156900.0,0.0,0.03190506476887844,14.779999732971191,2.4,2.54,0.5,0.2496428571428571,85.0,-0.00760733038369954,0.12726686144035623,0.13098827427245063,0.16013433562949728,0.15208100481060446,-0.5870628072316224,0.0,0.0,0.12008367814852239,0.5,0.24857142857142853
2019-03-01,85.31010437011719,13813300.0,0.0,0.031883679197006985,13.569999694824219,2.4,2.55,0.5,0.25,85.0,0.0006707372677823287,0.12710503002519088,0.13096111129602436,0.16002349217423206,0.17840098240182176,-0.580386663181602,0.0066666666666663765,0.0,0.12008367814852239,0.5,0.2489285714285714
2019-03-02,85.2447509765625,13364300.0,0.0,0.03190816054617065,13.923333168029785,2.4,2.5466666666666664,0.5,0.2529032258064516,85.0,-0.0007660686156373275,0.12440075411335016,0.13011799344877317,0.15989601941526552,0.15151834638625541,-0.574037655872743,0.0,0.0,0.12008367814852239,0.5,0.2496494404213298
2019-03-03,85.17939758300781,12915300.0,0.0,0.03193264189533431,14.276666641235352,2.4,2.5433333333333334,0.5,0.2558064516129032,85.0,-0.0007666559266816808,0.12401313285266695,0.12923948272319746,0.15976612018212996,0.15093463508866659,-0.5671853654281551,-0.0066666666666663765,0.0,0.12008367814852239,0.5,0.2507340355497037
2019-03-04,85.11404418945312,12466300.0,0.0,0.031957123244497974,14.630000114440918,2.4,2.54,0.5,0.2587096774193548,85.0,-0.00076724413894802,0.12399708428267649,0.12532991105897962,0.1405159973507411,0.15092203809265045,-0.5297274607215927,-0.009999999999999787,0.0,0.12008367814852239,0.5,0.2521823568136932
2019-03-05,85.04867553710938,10856600.0,0.0,0.0319816855797264,14.739999771118164,2.4,2.54,0.5,0.2616129032258064,85.0,-0.0007680125291456008,0.12397227029380473,0.10190846069124357,0.1396308012407135,0.15092222541972208,-0.25803254585691676,-0.009999999999999787,0.0,0.12008367814852239,0.5,0.25399440421329816
2019-03-06,84.73008728027344,9070800.0,0.0,0.032101937898431285,15.739999771118164,2.4,2.54,0.5,0.2645161290322581,85.0,-0.003745952007176534,0.1243857746810422,0.10228921249818201,0.13883905044269884,0.1509228424519038,-0.2697919668163893,0.010000000000000231,0.0,0.12008367814852239,0.5,0.25617017774851875
2019-03-07,84.117431640625,12705700.0,0.0,0.032335747144785154,16.59000015258789,2.4,2.52,0.5,0.2674193548387096,85.0,-0.007230674006293292,0.12549419664142258,0.10351405389699994,0.13595957280087978,0.1577699650809876,-0.29046179720848003,-0.029999999999999805,0.0,0.12008367814852239,0.5,0.2587096774193548
2019-03-08,84.15010070800781,10582400.0,0.0,0.032323193639875965,16.049999237060547,2.4,2.53,0.5,0.2703225806451613,85.0,0.00038837452292161956,0.12550643490426316,0.10351368645329916,0.1355412677870999,0.17601442485348742,-0.28932027146656936,-0.01750000000000007,0.0,0.12008367814852239,0.5,0.26161290322580644
2019-03-09,84.51498158772786,10309333.333333334,0.0,0.03218483771471766,15.476666132609049,2.4,2.53,0.5,0.2732258064516129,85.0,0.004336071812749864,0.11993359709509473,0.10371854094203697,0.13528197013278956,0.151301396591253,-0.3067794981058407,-0.015000000000000124,0.0,0.12008367814852239,0.5,0.264516129032258
2019-03-10,84.87986246744792,10036266.666666666,0.0,0.032046481789559364,14.903333028157553,2.4,2.53,0.5,0.2761290322580645,85.0,0.004317351466749164,0.11630954293700566,0.10391265196528911,0.13498881079513936,0.16006236402270158,-0.3166613259766263,-0.012500000000000178,0.0,0.12008367814852239,0.5,0.26741935483870966
2019-03-11,85.24474334716797,9763200.0,0.0,0.03190812586440106,14.329999923706055,2.4,2.53,0.5,0.2790322580645161,85.0,0.004298792070498214,0.11649838299795096,0.10418054510708835,0.1340368622596614,0.16017392203079825,-0.3235240387886035,-0.010000000000000231,0.0,0.12008367814852239,0.5,0.2703225806451613
2019-03-12,84.99150848388672,10219100.0,0.0,0.03200319712545962,13.770000457763672,2.4,2.52,0.5,0.2819354838709678,85.0,-0.0029706801069236954,0.11683835713063782,0.10384142425925366,0.13378358784139913,0.16009871215267754,-0.35331871818639676,-0.020000000000000018,0.0,0.12008367814852239,0.5,0.27322580645161293
2019-03-13,85.27741241455078,13022200.0,0.0,0.0318959021267851,13.40999984741211,2.4,2.53,0.5,0.2848387096774193,85.0,0.003363911710288825,0.11677549384384558,0.10383335479265579,0.1338709659018403,0.15535560527944128,-0.3610336625726445,-0.020000000000000018,0.0,0.12008367814852239,0.5,0.27612903225806446
2019-03-14,86.0534896850586,10926500.0,0.0,0.03160824749762905,13.5,2.4,2.52,0.5,0.2877419354838709,85.0,0.009100619361374962,0.10956153888811307,0.10510595847916687,0.13382303620474073,0.15646737110485076,-0.35571200743365733,-0.029999999999999805,0.0,0.12008367814852239,0.5,0.2790322580645161
2019-03-15,87.04193878173828,11428750.0,0.0,0.031249303934055592,12.880000114440918,2.4,2.52,0.5,0.2906451612903226,85.0,0.011486449884801297,0.11324958099276025,0.10722719283844595,0.1347674547371463,0.18862263528697074,-0.37359031018060374,-0.033333333333333215,0.0,0.12008367814852239,0.5,0.28193548387096773
2019-03-16,87.21622721354167,11931000.0,0.0,0.031187105517294273,12.953333536783854,2.4,2.52,0.5,0.29354838709677417,86.66666666666667,0.002002350065299252,0.11093605902280387,0.10642236796707791,0.1345051366947567,0.20833089425245063,-0.3669614954777773,-0.036666666666666625,0.0,0.12008367814852239,0.5,0.2848387096774193
2019-03-17,87.39051564534505,12433250.0,0.0,0.03112490710053295,13.026666959126791,2.4,2.52,0.5,0.2964516129032258,88.33333333333333,0.0019983486717058963,0.07010303516730425,0.10538741000480557,0.13423093356927718,0.15418393045421688,-0.3875280368524165,-0.040000000000000036,0.0,0.12008367814852239,0.5,0.28774193548387095
2019-03-18,87.56480407714844,12935500.0,0.0,0.03106270868377163,13.100000381469727,2.4,2.52,0.5,0.2993548387096774,90.0,0.001994363238577268,0.07012524719112793,0.10518785223329324,0.13389299834171187,0.15274721813066985,-0.3814111408680257,-0.029999999999999805,0.0,0.12008367814852239,0.5,0.2906451612903226
2019-03-19,87.24617767333984,12889300.0,0.0,0.031176150893211695,13.5600004196167,2.4,2.5,0.5,0.302258064516129,85.0,-0.003638749691347143,0.0710650702149726,0.10050479733447461,0.13209062617231634,0.15270683456643672,-0.39429652540823573,-0.040000000000000036,0.0,0.12008367814852239,0.5,0.29354838709677417
2019-03-20,85.38362121582031,14920700.0,0.0,0.031856226771230275,13.90999984741211,2.41,2.47,0.5,0.3051612903225806,85.0,-0.021348287193659776,0.09554148689203382,0.10979002182418886,0.1364940884428498,0.15741275334377264,-0.3879651511031247,-0.06999999999999984,0.010000000000000231,0.12008367814852239,0.5,0.2964516129032258
2019-03-21,84.03571319580078,19751000.0,0.0,0.03236719124002052,13.630000114440918,2.41,2.48,0.5,0.3080645161290322,85.0,-0.015786493953125813,0.1058007010220839,0.11429580583658638,0.13296801279417314,0.30930257830879176,-0.35368178567897735,-0.06999999999999984,0.010000000000000231,0.12008367814852239,0.5,0.2993548387096774
2019-03-22,81.49512481689453,20071325.0,0.0,0.03337622963473423,16.479999542236328,2.41,2.45,0.5,0.3109677419354839,80.0,-0.03023224629493837,0.135487058617552,0.13014303489734952,0.1425721453359094,0.252928642791661,-0.5160141001309256,-0.09666666666666623,0.010000000000000231,0.12008367814852239,0.5,0.302258064516129
2019-03-23,81.2691141764323,20391650.0,0.0,0.03346956859021626,16.429999669392902,2.4066666666666667,2.436666666666667,0.5,0.31387096774193546,80.0,-0.002773302586750348,0.13550903254597585,0.13003034388431664,0.14204936284696373,0.41378058967832454,-0.5142176220146697,-0.10666666666666647,0.006666666666666821,0.12008367814852239,0.5,0.3051612903225806
2019-03-24,81.04310353597005,20711975.0,0.0,0.033562907545698295,16.37999979654948,2.4033333333333333,2.4233333333333333,0.5,0.3167741935483871,80.0,-0.0027810151833522756,0.1353249912566637,0.13004788405046483,0.14151202385748488,0.16495159917256058,-0.5350482479988229,-0.1166666666666667,0.0033333333333334103,0.12008367814852239,0.5,0.30806451612903224
2019-03-25,80.81709289550781,21032300.0,0.0,0.03365624650118033,16.329999923706055,2.4,2.41,0.5,0.3196774193548387,80.0,-0.002788770797282236,0.13437698074110557,0.13010361217641397,0.1376915032037821,0.15491608795498396,-0.5360168975069337,-0.1299999999999999,0.0,0.12008367814852239,0.5,0.3109677419354839
2019-03-26,81.62582397460938,15987100.0,0.0,0.03332278766148917,14.680000305175781,2.4,2.44,0.5,0.3225806451612903,80.0,0.010006931085076332,0.1379797785205206,0.13114582411580833,0.1346455024758144,0.1547064421074306,-0.5477422398037711,-0.10000000000000009,0.0,0.12008367814852239,0.5,0.31387096774193546
2019-03-27,81.34805297851562,12753200.0,0.0,0.033436571625363475,15.149999618530273,2.41,2.4,0.5,0.3254838709677419,80.0,-0.0034029793828501687,0.13710030641499274,0.13119528533336935,0.13358709659374526,0.19555107763499752,-0.5554430277768452,-0.1200000000000001,0.010000000000000231,0.12008367814852239,0.5,0.3167741935483871
2019-03-28,82.27120971679688,12454100.0,0.0,0.033061383312134186,14.430000305175781,2.41,2.4,0.5,0.3283870967741935,80.0,0.011348233970947863,0.14136761925281738,0.13338979990430463,0.13475298316568415,0.15764090209441023,-0.5712939376020963,-0.1299999999999999,0.010000000000000231,0.12008367814852239,0.5,0.3196774193548387
2019-03-29,82.69597625732422,14523400.0,0.0,0.032891564053082877,13.710000038146973,2.43,2.4,0.5,0.3312903225806451,85.0,0.005163003461229332,0.14266983827426455,0.1338267526561726,0.1349263877610972,0.20658202436207163,-0.5822414425908423,-0.1299999999999999,0.03000000000000025,0.12008367814852239,0.5,0.3225806451612903
2019-03-30,83.62452952067058,15515366.666666666,0.0,0.03253427597870473,13.606666564941406,2.4233333333333333,2.4033333333333333,0.5,0.33419354838709675,85.0,0.011228518065461657,0.14575261874102952,0.13577467675320698,0.13604640332522136,0.1651771630089135,-0.5787742125217641,-0.12666666666666648,0.023333333333333428,0.12008367814852239,0.5,0.32548387096774195
2019-03-31,84.55308278401692,16507333.333333334,0.0,0.03217698790432659,13.50333309173584,2.416666666666667,2.4066666666666667,0.5,0.3370967741935484,85.0,0.011103838415220224,0.1496136840582467,0.13765632289404767,0.13711477626214255,0.20570418138400726,-0.5821022566048706,-0.12333333333333307,0.01666666666666705,0.12008367814852239,0.5,0.3283870967741935
2019-04-01,85.48163604736328,17499300.0,0.0,0.03181969982994844,13.399999618530273,2.41,2.41,0.5,0.34,85.0,0.010981897203183655,0.1530899378775465,0.13830529219289356,0.1375430226890111,0.20547762180372267,-0.6198854178724518,-0.10999999999999988,0.010000000000000231,0.12008367814852239,0.5,0.3312903225806451
2019-04-02,85.89012145996094,10295400.0,0.0,0.03166836830319272,13.359999656677246,2.41,2.41,0.5,0.3366666666666666,85.0,0.004778633534474386,0.15365915743015554,0.13844223111311582,0.13708252366968146,0.20446035754201305,-0.6169835021276038,-0.11999999999999966,0.010000000000000231,0.12008367814852239,0.5,0.33330261136712747
2019-04-03,86.0616455078125,11499200.0,0.0,0.03160525207193585,13.739999771118164,2.41,2.41,0.5,0.3333333333333333,85.0,0.001997017176550653,0.15370457009479985,0.13847672383237258,0.13471283426329195,0.1633093056360958,-0.6122095566066952,-0.10999999999999988,0.010000000000000231,0.12008367814852239,0.5,0.33442396313364053
2019-04-04,86.89307403564453,11952100.0,0.8,0.040509557741691314,13.579999923706055,2.41,2.41,0.5,0.33,85.0,0.009660848603650685,0.1559660255217329,0.1398003116808207,0.121705941305981,0.1529562035182202,-0.6094560897631236,-0.10999999999999988,0.010000000000000231,0.12008367814852239,0.5,0.3346543778801843
2019-04-05,86.68726348876953,9933700.0,0.0,0.03414573122824984,12.819999694824219,2.41,2.43,0.5,0.3266666666666666,85.0,-0.0023685494978641364,0.15567320940780363,0.13990010151082305,0.12180672391224742,0.19281496379537816,-0.5970717268771013,-0.08999999999999986,0.010000000000000231,0.12008367814852239,0.5,0.3339938556067588
2019-04-06,86.78056335449219,9307900.0,0.0,0.034109099101530364,12.93999989827474,2.41,2.43,0.5,0.32333333333333325,85.0,0.001076281127904588,0.1538058251484911,0.1395614747884897,0.12180806591128451,0.15455644757143547,-0.5995807674386084,-0.08999999999999986,0.010000000000000231,0.12008367814852239,0.5,0.3324423963133641
2019-04-07,86.87386322021484,8682100.0,0.0,0.03407246697481088,13.06000010172526,2.41,2.43,0.5,0.31999999999999995,85.0,0.0010751239922415223,0.15379345751743265,0.13955652684493228,0.12180921064859725,0.1512986685008356,-0.5996223809240748,-0.08999999999999986,0.010000000000000231,0.12008367814852239,0.5,0.32999999999999996
2019-04-08,86.9671630859375,8056300.0,0.0,0.034035834848091404,13.180000305175781,2.41,2.43,0.5,0.3166666666666666,85.0,0.0010739693420349639,0.15348204197963347,0.13664661005645332,0.12173879070020603,0.1512238081368414,-0.5815820409324702,-0.06999999999999984,0.010000000000000231,0.12008367814852239,0.5,0.32666666666666666
2019-04-09,86.32505798339844,9092200.0,0.0,0.03428900100558578,14.279999732971191,2.41,2.42,0.5,0.3133333333333333,85.0,-0.007383305143627172,0.15500670476384962,0.1358811009242422,0.12242210043578385,0.15122085246416975,-0.6216358710155786,-0.050000000000000266,0.0,0.12008367814852239,0.5,0.3233333333333333
2019-04-10,86.71194458007812,10882300.0,0.0,0.03413601222224295,13.300000190734863,2.41,2.41,0.5,0.31,85.0,0.004481741521147775,0.15504565441241402,0.1360144010123171,0.12259030825475346,0.17688727498916834,-0.6201582581379502,-0.06999999999999984,0.0,0.12008367814852239,0.5,0.31999999999999995
2019-04-11,87.44456481933594,11183800.0,0.0,0.03385001693490592,13.020000457763672,2.41,2.44,0.5,0.3066666666666667,85.0,0.008448896432961872,0.1562919906784314,0.13680841342165717,0.1229307138971236,0.16126808944370463,-0.6203944228094862,-0.010000000000000231,0.0,0.12008367814852239,0.5,0.3166666666666666
2019-04-12,91.54390716552734,12178800.0,0.0,0.03233421089016666,12.010000228881836,2.41,2.44,0.5,0.3033333333333333,90.0,0.046879326973160884,0.20333698223235372,0.16468511289206517,0.14415670809166758,0.18396867473975537,-0.6078491430180384,0.0033333333333329662,0.0033333333333334103,0.12008367814852239,0.5,0.3133333333333333
2019-04-13,91.19544219970703,13173800.0,0.0,0.03245871392795466,12.113333384195963,2.41,2.4366666666666665,0.5,0.29999999999999993,90.0,-0.003806533679955648,0.2030761863216961,0.1619940196764196,0.1443546736065625,0.5930269236688313,-0.6043967493736706,0.013333333333333197,0.006666666666666821,0.12008367814852239,0.5,0.31
2019-04-14,90.84697723388672,14168800.0,0.0,0.03258321696574266,12.216666539510092,2.41,2.4333333333333336,0.5,0.29666666666666663,90.0,-0.0038210787448917927,0.20169077445307598,0.1621902902539711,0.14454291688110793,0.1797510327215633,-0.6085827112066685,0.023333333333333428,0.010000000000000231,0.12008367814852239,0.5,0.30666666666666664
2019-04-15,90.4985122680664,15163800.0,0.0,0.03270772000353066,12.319999694824219,2.41,2.43,0.5,0.2933333333333333,90.0,-0.0038357353918687664,0.20225649257761968,0.16173366438097264,0.1443864440802828,0.15872571386882556,-0.6044282201334734,-0.009999999999999787,0.010000000000000231,0.12008367814852239,0.5,0.3033333333333333
2019-04-16,91.45338439941406,11583200.0,0.0,0.03236621607214095,12.180000305175781,2.41,2.45,0.5,0.29,90.0,0.01055124672678831,0.20402824850350834,0.15149101531795453,0.1447867928716586,0.1582800107804298,-0.5682483232640556,0.050000000000000266,0.0,0.12008367814852239,0.5,0.29999999999999993
2019-04-17,94.08748626708984,17791900.0,0.0,0.03146008164781161,12.600000381469727,2.42,2.44,0.5,0.2866666666666667,95.0,0.028802672366629922,0.21840929247659308,0.1615048729624842,0.1518072712971313,0.19997804726688492,-0.49860383408725656,0.040000000000000036,0.009999999999999787,0.12008367814852239,0.5,0.2966666666666667
2019-04-18,93.39604949951172,12501900.0,0.0,0.03169298932729992,12.09000015258789,2.43,2.44,0.5,0.2833333333333334,95.0,-0.007348870662941431,0.21957037505367583,0.16245446708713634,0.15038203439021144,0.38647427040644905,-0.48300104899591323,0.040000000000000036,0.0,0.12008367814852239,0.5,0.29333333333333333
2019-04-19,93.42484855651855,11370400.0,0.0,0.03168322870226223,12.172500133514404,2.4325,2.445,0.5,0.28,95.0,0.0003083541237682841,0.20775702764106654,0.1624028094328147,0.15015450273801798,0.18448410720716554,-0.4831379413917261,0.04166666666666652,0.009166666666666767,0.12008367814852239,0.5,0.29
2019-04-20,93.45364761352539,10238900.0,0.0,0.03167346807722454,12.255000114440918,2.435,2.4499999999999997,0.5,0.2766666666666667,95.0,0.00030825907081255544,0.20010394922021157,0.16235047442379863,0.14992132555651194,0.151497818862902,-0.4832884894310125,0.043333333333333,0.01833333333333309,0.12008367814852239,0.5,0.2866666666666667
2019-04-21,93.48244667053223,9107400.0,0.0,0.03166370745218685,12.337500095367432,2.4375,2.455,0.5,0.2733333333333334,95.0,0.00030816407644063126,0.17224019721882983,0.1622062352912194,0.1496824177144674,0.15067851143594788,-0.4831549870958173,0.04499999999999993,0.027499999999999858,0.12008367814852239,0.5,0.2833333333333333
2019-04-22,93.51124572753906,7975900.0,0.0,0.03165394682714916,12.420000076293945,2.44,2.46,0.5,0.27,95.0,0.0003080691405985547,0.17132560985838044,0.16206557119523074,0.14943769201764037,0.15066012854940614,-0.4817746168217306,0.04999999999999982,0.029999999999999805,0.12008367814852239,0.5,0.27999999999999997
2019-04-23,93.62651062011719,9193100.0,0.0,0.03161497721526744,12.279999732971191,2.44,2.43,0.5,0.2666666666666666,95.0,0.0012326313448327575,0.1701971695056481,0.16161000239897313,0.14930588843216536,0.15065968749283137,-0.5057658540212672,0.020000000000000018,0.029999999999999805,0.12008367814852239,0.5,0.2766666666666667
2019-04-24,93.47010040283203,9245700.0,0.0,0.0316678808222433,13.140000343322754,2.44,2.42,0.5,0.2633333333333333,95.0,-0.0016705761674680186,0.16979260655751222,0.16167946040573788,0.14938086007032225,0.15139737320321092,-0.5092637063264539,0.009999999999999787,0.029999999999999805,0.12008367814852239,0.5,0.2733333333333334
2019-04-25,93.5195083618164,9311800.0,0.0,0.03165115013808771,13.25,2.44,2.42,0.5,0.26,95.0,0.0005285964043200142,0.16952625826721898,0.16162871529424744,0.14913385249484273,0.15207337752758313,-0.5143480764575648,-0.010000000000000231,0.029999999999999805,0.12008367814852239,0.5,0.27
2019-04-26,94.22742462158203,7889300.0,0.0,0.03141335987784214,12.729999542236328,2.44,2.41,0.5,0.2566666666666666,95.0,0.0075697175077822365,0.16803203934120856,0.16207471521108385,0.14951766186450324,0.15078719842402133,-0.523235067882959,-0.020000000000000018,0.029999999999999805,0.12008367814852239,0.5,0.26666666666666666
2019-04-27,94.68017069498698,10006933.333333334,0.0,0.03126456899316011,12.856666247049967,2.4433333333333334,2.4133333333333336,0.5,0.25333333333333324,95.0,0.004804822749037152,0.166938245068771,0.16110946960455264,0.1496375465155111,0.17774092184839893,-0.5175033711678125,-0.016666666666666607,0.033333333333333215,0.12008367814852239,0.5,0.2633333333333333
2019-04-28,95.13291676839192,12124566.666666668,0.0,0.031115778108478074,12.983332951863607,2.4466666666666668,2.4166666666666665,0.5,0.24999999999999992,95.0,0.004781846822641045,0.1669326455292326,0.16112814648450974,0.1497536566103991,0.16272934849684323,-0.5212202903662138,-0.013333333333333641,0.036666666666666625,0.12008367814852239,0.5,0.25999999999999995
2019-04-29,95.58566284179688,14242200.0,0.0,0.030966987223796042,13.109999656677246,2.45,2.42,0.5,0.2466666666666666,95.0,0.004759089585229415,0.1657949461592273,0.16005841183048533,0.149845811805177,0.1622726689410954,-0.5206643277436801,0.0,0.040000000000000036,0.12008367814852239,0.5,0.25666666666666665
2019-04-30,95.52803802490234,11389100.0,0.0,0.030985667257485014,13.119999885559082,2.45,2.39,0.5,0.2433333333333333,95.0,-0.0006028604623468103,0.16520935819608815,0.16012169052411487,0.14986919279504887,0.16215837123592577,-0.5408397510353126,-0.020000000000000018,0.040000000000000036,0.12008367814852239,0.5,0.2533333333333333
2019-05-01,94.79541015625,10412900.0,0.0,0.0312251404906743,14.800000190734863,2.45,2.39,0.5,0.24,95.0,-0.007669244378926354,0.1672980270828478,0.16123846141159948,0.14967989605360488,0.1510655056642614,-0.5460768886640593,-0.04999999999999982,0.040000000000000036,0.12008367814852239,0.5,0.24999999999999994
2019-05-02,95.001220703125,8613300.0,0.0,0.031157494378413107,14.420000076293945,2.41,2.41,0.5,0.2393548387096774,95.0,0.0021711024461603667,0.16728938951766548,0.16115340370112802,0.14963307013522334,0.17880126610620928,-0.5441318799202957,-0.029999999999999805,0.0,0.12008367814852239,0.5,0.2470506912442396
2019-05-03,95.58566284179688,8185400.0,0.0,0.030966987223796042,12.869999885559082,2.4,2.41,0.5,0.2387096774193548,95.0,0.006151943462897602,0.16742569585054043,0.16130082856416192,0.14985550454143343,0.15371170155380334,-0.5347180686866657,-0.026666666666666394,-0.010000000000000231,0.12008367814852239,0.5,0.24448540706605218
2019-05-04,95.30303700764973,8585933.333333334,0.0,0.03105936927140037,13.726666450500488,2.4,2.4033333333333333,0.5,0.2380645161290322,95.0,-0.0029567806064693114,0.16740113883875665,0.161520186456699,0.15002573512438347,0.16910301478971812,-0.536255997546479,-0.03000000000000025,-0.010000000000000231,0.12008367814852239,0.5,0.24230414746543774
2019-05-05,95.02041117350261,8986466.666666666,0.0,0.0311517513190047,14.583333015441895,2.4,2.396666666666667,0.5,0.2374193548387096,95.0,-0.0029655490844897603,0.16757940471120383,0.1614111253810061,0.15019286413421976,0.15552690009147155,-0.535595667245819,-0.033333333333333215,-0.010000000000000231,0.12008367814852239,0.5,0.24050691244239625
2019-05-06,94.73778533935547,9387000.0,0.0,0.031244133366609028,15.4399995803833,2.4,2.39,0.5,0.236774193548387,95.0,-0.0029743697239015265,0.16840644653283235,0.1606094607131991,0.1500587462484722,0.15523639675571976,-0.5291776034273107,-0.06000000000000005,-0.010000000000000231,0.12008367814852239,0.5,0.23909370199692775
2019-05-07,93.19026947021484,15017700.0,0.0,0.03176297286001587,19.31999969482422,2.4,2.37,0.5,0.2361290322580645,95.0,-0.016334727095396517,0.17751124446098168,0.16498013890495916,0.15293327631967615,0.15525645037945965,-0.5548050453642862,-0.06999999999999984,-0.020000000000000018,0.12008367814852239,0.5,0.23806451612903223
2019-05-08,92.69635772705078,9575800.0,0.0,0.03193221473400145,19.399999618530273,2.39,2.37,0.5,0.2354838709677419,95.0,-0.00530003557208214,0.17886732874400996,0.16550695159208012,0.15141472058941335,0.25534356848174367,-0.5526334699188274,-0.06999999999999984,-0.040000000000000036,0.12008367814852239,0.5,0.23741935483870963
2019-05-09,92.62226867675781,12205900.0,0.0,0.03195775748411103,19.100000381469727,2.38,2.36,0.5,0.2348387096774193,95.0,-0.0007992660349301905,0.1768187027872334,0.16547309975481242,0.15027321899512228,0.16749954346268667,-0.5494551720314051,-0.08499999999999996,-0.05250000000000021,0.12008367814852239,0.5,0.23677419354838705
2019-05-10,92.6140365600586,13189000.0,0.0,0.0319605980901231,16.040000915527344,2.38,2.36,0.5,0.2341935483870967,95.0,-8.887837468063431e-05,0.1768365326913746,0.165396009308742,0.1502145547070073,0.15133835540896287,-0.4859945531290909,-0.08999999999999986,-0.05500000000000016,0.12008367814852239,0.5,0.23612903225806448
2019-05-11,91.77441151936848,13387233.333333334,0.0,0.03225844891855377,17.543333689371746,2.38,2.3466666666666667,0.5,0.2335483870967741,93.33333333333333,-0.009065850835101252,0.17876305807034126,0.1665593053079106,0.1511428371146224,0.15062965692472555,-0.5049242535422148,-0.10833333333333339,-0.05750000000000011,0.12008367814852239,0.5,0.23548387096774187
2019-05-12,90.93478647867839,13585466.666666666,0.0,0.03255629974698444,19.046666463216145,2.38,2.333333333333333,0.5,0.23290322580645156,91.66666666666667,-0.009148792422525087,0.12294404919136986,0.16787079396136678,0.15206957767855367,0.18887637825744633,-0.5154835369828854,-0.12666666666666693,-0.06000000000000005,0.12008367814852239,0.5,0.23483870967741932
2019-05-13,90.09516143798828,13783700.0,0.0,0.03285415057541511,20.549999237060547,2.38,2.32,0.5,0.232258064516129,90.0,-0.009233265653369904,0.1253267681813643,0.16834880908141944,0.15066560782051827,0.19027411970977048,-0.5281098809719686,-0.11000000000000032,-0.06000000000000005,0.12008367814852239,0.5,0.23419354838709672
2019-05-14,90.81131744384766,10503600.0,0.0,0.03259505624759038,18.059999465942383,2.38,2.32,0.5,0.2316129032258064,90.0,0.007948884206753881,0.1271487024508899,0.1675528494378391,0.1509923640340351,0.19095204337129087,-0.520742464447973,-0.10000000000000009,-0.06000000000000005,0.12008367814852239,0.5,0.2335483870967741
2019-05-15,90.46556091308594,10142000.0,0.0,0.03271963352820856,16.440000534057617,2.4,2.3,0.5,0.2309677419354839,90.0,-0.0038074167459966057,0.12714128799442803,0.16778471625742966,0.15068658606969357,0.18113377457930152,-0.4970690035463676,-0.1200000000000001,-0.040000000000000036,0.12008367814852239,0.5,0.23290322580645156
2019-05-16,91.6262435913086,9672700.0,0.0,0.032305154985975845,15.289999961853027,2.39,2.33,0.5,0.2303225806451612,90.0,0.0128301053628328,0.12891428277239564,0.1696013985746979,0.143793672162487,0.1587091088746379,-0.5079769695988153,-0.08000000000000007,-0.04999999999999982,0.12008367814852239,0.5,0.23225806451612896
2019-05-17,91.18170166015625,9570100.0,0.0,0.03246265364768284,15.960000038146973,2.39,2.33,0.5,0.2296774193548387,90.0,-0.004851687832311269,0.0976412648501797,0.16997518011221455,0.14406997924185616,0.21953402046911777,-0.5106345795931424,-0.08333333333333348,-0.05333333333333323,0.12008367814852239,0.5,0.23161290322580638
2019-05-18,91.34086100260417,9219466.666666666,0.0,0.03240628466613298,16.076666514078777,2.39,2.3333333333333335,0.5,0.2290322580645161,90.0,0.0017455184488783804,0.0960683689222101,0.1697488421090889,0.14405905119917858,0.16418852939851492,-0.5091523505420946,-0.08333333333333304,-0.05666666666666664,0.12008367814852239,0.5,0.23096774193548383
2019-05-19,91.50002034505208,8868833.333333334,0.0,0.032349915684583126,16.19333299001058,2.39,2.3366666666666664,0.5,0.2283870967741935,90.0,0.0017424769232619042,0.09629390406606318,0.1632410662428613,0.14404653477919882,0.15249596490451003,-0.5189291662616022,-0.08333333333333348,-0.06000000000000005,0.12008367814852239,0.5,0.23032258064516123
2019-05-20,91.6591796875,8518200.0,0.0,0.03229354670303327,16.309999465942383,2.39,2.34,0.5,0.2277419354838709,90.0,0.001739445978784726,0.09651211067771977,0.15932051052639684,0.14403243379485592,0.1522190793052194,-0.5407864070322093,-0.050000000000000266,-0.06000000000000005,0.12008367814852239,0.5,0.22967741935483868
2019-05-21,91.97196960449219,7967900.0,0.0,0.03218371872135513,14.949999809265137,2.39,2.36,0.5,0.2270967741935484,90.0,0.003412532362373266,0.0971938003520692,0.14457851852387554,0.14393647136505439,0.15220747270290858,-0.4610503787756337,-0.03000000000000025,-0.06000000000000005,0.12008367814852239,0.5,0.2290322580645161
2019-05-22,91.2228775024414,7918900.0,0.0,0.032448000776129665,14.75,2.38,2.37,0.5,0.2264516129032258,90.0,-0.008144786996213127,0.09962955886572895,0.14576210905330542,0.14463005778448199,0.1565623004315059,-0.4542053630789622,-0.040000000000000036,-0.03000000000000025,0.12008367814852239,0.5,0.22838709677419353
2019-05-23,89.42839050292969,14558000.0,0.0,0.033099108497351634,16.920000076293945,2.38,2.32,0.5,0.2258064516129032,90.0,-0.019671457957064487,0.11362675024588346,0.15218282711849462,0.14841453978662866,0.18220776272282685,-0.4983681943269037,-0.0900000000000003,-0.020000000000000018,0.12008367814852239,0.5,0.22774193548387095
2019-05-24,90.3091812133789,8537300.0,0.0,0.03277629096211415,15.850000381469727,2.38,2.33,0.5,0.2251612903225806,90.0,0.009849117327235923,0.11827188069062046,0.15280301819398678,0.14915303488279574,0.2911057812950706,-0.5067223945260699,-0.07333333333333325,-0.020000000000000018,0.12008367814852239,0.5,0.22709677419354835
2019-05-25,90.06428337097168,9319350.0,0.0,0.032866147446989694,16.262500286102295,2.3825,2.325,0.5,0.224516129032258,90.0,-0.0027117712630855273,0.1182463008028923,0.15213716488628293,0.14916712483682795,0.19777505023110958,-0.49905555094420356,-0.07166666666666677,-0.01750000000000007,0.12008367814852239,0.5,0.22645161290322577
2019-05-26,89.81938552856445,10101400.0,0.0,0.032956003931865235,16.675000190734863,2.385,2.3200000000000003,0.5,0.22387096774193543,90.0,-0.0027191449622543384,0.11531725251617123,0.15204641345440234,0.1491742729223357,0.1555799751846913,-0.4985966589203267,-0.06999999999999984,-0.015000000000000124,0.12008367814852239,0.5,0.22580645161290322
2019-05-27,89.57448768615723,10883450.0,0.0,0.03304586041674077,17.08750009536743,2.3875,2.315,0.5,0.22322580645161288,90.0,-0.0027265588710728705,0.11374523885711978,0.15096276337432624,0.14864704441395843,0.15452628415333944,-0.49400290977896966,-0.05500000000000016,-0.012499999999999734,0.12008367814852239,0.5,0.22516129032258062
2019-05-28,89.32958984375,11665500.0,0.0,0.03313571690161631,17.5,2.39,2.31,0.5,0.2225806451612903,90.0,-0.002734013319342421,0.11201747713618919,0.150995291728774,0.14871654203953913,0.15452321224236892,-0.4931944244471683,-0.06000000000000005,0.0,0.12008367814852239,0.5,0.224516129032258
2019-05-29,89.08264923095703,9966400.0,0.0,0.033227570414142704,17.899999618530273,2.39,2.3,0.5,0.2219354838709677,90.0,-0.0027643764314254637,0.11012813094223779,0.1497966591151557,0.14819067652750267,0.15454385721923913,-0.4961351745246482,-0.06000000000000005,0.010000000000000231,0.12008367814852239,0.5,0.22387096774193543
2019-05-30,88.12779235839844,10367800.0,0.0,0.03358758821464925,17.299999237060547,2.39,2.29,0.5,0.2212903225806451,90.0,-0.010718774989313729,0.11264540956945822,0.15025569296826383,0.14938395315973962,0.1546292454600721,-0.4766377805712922,-0.06999999999999984,0.010000000000000231,0.12008367814852239,0.5,0.22322580645161286
2019-05-31,87.22232055664062,10952800.0,0.0,0.03393626747270303,18.709999084472656,2.4,2.21,0.5,0.2206451612903225,85.0,-0.010274531762641148,0.11391218878021878,0.15038603915334703,0.15044129118383703,0.2022395886056944,-0.49121017676027945,-0.13666666666666671,0.020000000000000018,0.12008367814852239,0.5,0.2225806451612903
2019-06-01,87.35950978597005,11195433.333333334,0.0,0.0338831408743727,18.759999593098957,2.393333333333333,2.1766666666666667,0.5,0.22154121863799275,86.66666666666667,0.0015728683719247183,0.11369993157767529,0.15012623163684824,0.15044721234727648,0.1994901919251685,-0.49122211170074603,-0.1566666666666663,0.013333333333333197,0.12008367814852239,0.5,0.2221556579621095
2019-06-02,87.49669901529948,11438066.666666666,0.0,0.03383001427604237,18.81000010172526,2.3866666666666667,2.143333333333333,0.5,0.22243727598566304,88.33333333333333,0.0015703983420414236,0.11133042095872177,0.1501080211210589,0.1504519191322413,0.1531414060876964,-0.492533705054228,-0.17666666666666675,0.006666666666666821,0.12008367814852239,0.5,0.22195084485407063
2019-06-03,87.6338882446289,11680700.0,0.0,0.03377688767771204,18.860000610351562,2.38,2.11,0.5,0.2233333333333333,90.0,0.0015679360578555457,0.1120963540568618,0.14887047576923831,0.15045541095626425,0.15194073112795814,-0.49296362079669115,-0.20999999999999996,0.0,0.12008367814852239,0.5,0.2219662058371735
2019-06-04,90.33387756347656,12858600.0,0.0,0.032767330262337545,16.969999313354492,2.38,2.11,0.5,0.225,90.0,0.03080987701139848,0.1476078090420614,0.16110740612780586,0.15844037660535337,0.1519098278751068,-0.5397154861208728,-0.18999999999999995,-0.020000000000000018,0.12008367814852239,0.5,0.2223118279569892
2019-06-05,90.6549072265625,8340500.0,0.0,0.032651293686754776,16.09000015258789,2.38,2.04,0.5,0.2266666666666666,90.0,0.0035538124980891705,0.1483213006577654,0.16121250023967948,0.15793246165195324,0.40855511909323683,-0.5400746248210481,-0.29000000000000004,-0.010000000000000231,0.12008367814852239,0.5,0.22298771121351763
2019-06-06,90.85247039794922,8726700.0,0.0,0.03258029184054873,15.930000305175781,2.37,2.02,0.5,0.2283333333333333,90.0,0.0021792882198088392,0.14162799745415494,0.1612384505915076,0.1579466039970113,0.16696161527994904,-0.5403364032798044,-0.31000000000000005,-0.020000000000000018,0.12008367814852239,0.5,0.2239938556067588
2019-06-07,89.85643768310547,10618900.0,0.0,0.03294143498587113,16.299999237060547,2.37,1.97,0.5,0.23,90.0,-0.01096318801768359,0.14413745420089988,0.16302965710881384,0.1590748761292965,0.1534320761801921,-0.539744001831716,-0.3633333333333335,-0.020000000000000018,0.12008367814852239,0.5,0.2253302611367127
2019-06-08,90.18021392822266,10872800.0,0.0,0.032824007743640395,16.179999351501465,2.37,1.99,0.5,0.23166666666666666,90.0,0.003603261529897761,0.14476227579458031,0.16229452726579233,0.15903340260421023,0.20429470743200867,-0.5341369524828196,-0.34666666666666646,-0.020000000000000018,0.12008367814852239,0.5,0.22677675371223757
2019-06-09,90.50399017333984,11126700.0,0.0,0.03270658050140965,16.059999465942383,2.37,2.01,0.5,0.23333333333333334,90.0,0.003590324651202126,0.14532929419236135,0.16221723798115592,0.15899234248279784,0.15854034451927804,-0.5331635401365438,-0.33000000000000007,-0.020000000000000018,0.12008367814852239,0.5,0.2283333333333333
2019-06-10,90.82776641845703,11380600.0,0.0,0.03258915325917891,15.9399995803833,2.37,2.03,0.5,0.235,90.0,0.0035774803353649798,0.14364332108598987,0.16153762212394956,0.1589452880303059,0.1573203906601894,-0.5325296883339949,-0.33000000000000007,-0.020000000000000018,0.12008367814852239,0.5,0.22999999999999998
2019-06-11,91.10765838623047,9847700.0,0.0,0.032489036074791255,15.989999771118164,2.37,2.05,0.5,0.2366666666666667,90.0,0.0030815683222236157,0.1414628015613234,0.13141929236734612,0.15893284807738345,0.1572474315874629,-0.5663545194839594,-0.3200000000000003,-0.009999999999999787,0.12008367814852239,0.5,0.23166666666666666
2019-06-12,89.9469985961914,9670500.0,0.0,0.03290826871598731,15.90999984741211,2.37,2.02,0.5,0.2383333333333333,90.0,-0.01273943168551983,0.1438496247192417,0.13378760576823867,0.15990215016083342,0.15560071198486827,-0.5525016292627696,-0.2999999999999998,-0.009999999999999787,0.12008367814852239,0.5,0.23333333333333334
2019-06-13,90.16924285888672,8406900.0,0.0,0.03282715819885887,15.819999694824219,2.37,2.0,0.5,0.24,90.0,0.0024708357828930883,0.1420813669464204,0.13368645437624788,0.15886791954403984,0.22014729936058963,-0.5533036288467966,-0.33000000000000007,-0.009999999999999787,0.12008367814852239,0.5,0.23500000000000001
2019-06-14,90.39973449707031,9077400.0,0.0,0.03274345899872005,15.279999732971191,2.36,2.0,0.5,0.2416666666666666,90.0,0.0025562113074888426,0.14188632636830567,0.13356919241805432,0.15888644789088133,0.15560500315448292,-0.5549385343775726,-0.3250000000000002,-0.022499999999999964,0.12008367814852239,0.5,0.23666666666666666
2019-06-15,90.23509470621745,8761133.333333334,0.0,0.03280342037311928,15.303333282470703,2.3666666666666667,2.01,0.5,0.24333333333333326,90.0,-0.001821241973428589,0.13667728540935564,0.13180161979763846,0.1589062117302038,0.15407190310971328,-0.5585542211417246,-0.3100000000000005,-0.01833333333333309,0.12008367814852239,0.5,0.2383333333333333
2019-06-16,90.07045491536458,8444866.666666666,0.0,0.0328633817475185,15.326666831970215,2.373333333333333,2.02,0.5,0.24499999999999994,90.0,-0.0018245649476946735,0.13611894513568118,0.11755539201868431,0.15892333145417015,0.1524046610386566,-0.6499124339607821,-0.29499999999999993,-0.014166666666667105,0.12008367814852239,0.5,0.23999999999999996
2019-06-17,89.90581512451172,8128600.0,0.0,0.032923343121917734,15.350000381469727,2.38,2.03,0.5,0.2466666666666666,90.0,-0.0018279000700902603,0.1360218389127214,0.11676239405005918,0.15882427124165777,0.1523734539301881,-0.6639546437952886,-0.28000000000000025,-0.010000000000000231,0.12008367814852239,0.5,0.24166666666666664
2019-06-18,91.13235473632812,11057300.0,0.0,0.03248023173069678,15.149999618530273,2.37,2.04,0.5,0.2483333333333333,90.0,0.013642494760964574,0.14191212030905673,0.12031876233365167,0.15595286765004568,0.1523790346781629,-0.6515602442951681,-0.2599999999999998,-0.020000000000000018,0.12008367814852239,0.5,0.24333333333333326
2019-06-19,90.47380828857422,13126500.0,0.0,0.03271665088484855,14.329999923706055,2.37,1.96,0.5,0.25,90.0,-0.007226263928538534,0.14326718515766457,0.12111996125573289,0.15399812755718387,0.22683440719003845,-0.6315549516024223,-0.33000000000000007,-0.020000000000000018,0.12008367814852239,0.5,0.24499999999999997
2019-06-20,90.7043228149414,13638000.0,0.0,0.032633505307559714,14.75,2.37,1.91,0.5,0.2516666666666667,90.0,0.002547859217243653,0.14308803714500176,0.1212734848112677,0.14448595460916955,0.1776635357394659,-0.6277165236512346,-0.30000000000000004,-0.029999999999999805,0.12008367814852239,0.5,0.24666666666666665
2019-06-21,90.0869369506836,13488400.0,0.0,0.03285714999523623,15.399999618530273,2.38,1.95,0.5,0.2533333333333333,90.0,-0.006806575972320816,0.1425084700433577,0.12195000863181342,0.14495935944451138,0.15458238819291534,-0.6304335341588956,-0.2266666666666668,-0.013333333333333197,0.12008367814852239,0.5,0.2483333333333333
2019-06-22,89.87290700276692,13338800.0,0.0,0.032935772904544386,15.353333155314127,2.38,1.94,0.5,0.25499999999999995,90.0,-0.002375815575057616,0.13025445603763505,0.12194008427498075,0.14492976971467852,0.17325267773936567,-0.6295243829006909,-0.20333333333333314,-0.006666666666666821,0.12008367814852239,0.5,0.24999999999999997
2019-06-23,89.65887705485027,13189200.0,0.0,0.03301439581385255,15.306666692097982,2.38,1.93,0.5,0.25666666666666665,90.0,-0.0023814735169306323,0.1271727310785087,0.12197352056661645,0.1448999307435751,0.15405567183486743,-0.6304596349303756,-0.17999999999999994,0.0,0.12008367814852239,0.5,0.25166666666666665
2019-06-24,89.4448471069336,13039600.0,0.0,0.03309301872316071,15.260000228881836,2.38,1.92,0.5,0.2583333333333333,90.0,-0.002387158471611639,0.12712119093064933,0.12199524918741199,0.14424736112806824,0.15361323038032132,-0.6302547201685407,-0.18999999999999995,0.0,0.12008367814852239,0.5,0.25333333333333335
2019-06-25,88.7040023803711,18660100.0,0.0,0.0333694074739406,16.280000686645508,2.38,1.93,0.5,0.26,90.0,-0.008282698786178266,0.12909319747454345,0.12172476395915036,0.14490604659682618,0.15361720335120352,-0.6338391871295871,-0.1100000000000001,0.0,0.12008367814852239,0.5,0.255
2019-06-26,89.29668426513672,10324600.0,0.0,0.03314792732069723,16.209999084472656,2.38,1.96,0.5,0.2616666666666666,90.0,0.006681568687556538,0.13049164675821678,0.12216381660586632,0.14417801890361698,0.1831352789289206,-0.6343397532995637,-0.06000000000000005,0.009999999999999787,0.12008367814852239,0.5,0.25666666666666665
2019-06-27,89.59300231933594,10906600.0,0.0,0.03303829454726481,15.819999694824219,2.38,1.93,0.5,0.2633333333333333,90.0,0.0033183545014885407,0.1306085411721195,0.12190723835878198,0.14405780757784886,0.17283418675642961,-0.6395889171949517,-0.040000000000000036,0.009999999999999787,0.12008367814852239,0.5,0.2583333333333333
2019-06-28,92.02958679199219,21634700.0,0.0,0.03216356938220611,15.079999923706055,2.4,1.92,0.5,0.265,90.0,0.02719614712733409,0.1514737601131744,0.13414283657998516,0.14950453253163112,0.15672501650098908,-0.6197914502239116,-0.07000000000000006,0.029999999999999805,0.12008367814852239,0.5,0.25999999999999995
2019-06-29,92.54543050130208,18664633.333333332,0.0,0.0319862677586515,14.740000089009603,2.3966666666666665,1.9266666666666665,0.5,0.26666666666666666,91.66666666666667,0.005605194234717281,0.14771749473474652,0.134747497689228,0.14875055014714025,0.36810203311912043,-0.6206270529400495,-0.08333333333333326,0.026666666666666394,0.12008367814852239,0.5,0.26166666666666666
2019-06-30,93.06127421061198,15694566.666666668,0.0,0.031808966135096886,14.40000025431315,2.3933333333333335,1.9333333333333333,0.5,0.26833333333333337,93.33333333333333,0.005573951155834145,0.14366230201875455,0.13447324282850726,0.14800681704246285,0.17348424362696457,-0.6152974251473861,-0.09666666666666646,0.023333333333333428,0.12008367814852239,0.5,0.2633333333333333
2019-07-01,93.57711791992188,12724500.0,0.0,0.03163166451154228,14.0600004196167,2.39,1.94,0.5,0.27,95.0,0.005543054441125017,0.14397873491752788,0.13491293605804766,0.1480678992188878,0.1663973202814142,-0.6153564821907153,-0.10999999999999988,0.020000000000000018,0.12008367814852239,0.5,0.265
2019-07-02,93.67591857910156,10174900.0,0.0,0.03159830236946676,12.930000305175781,2.4,1.91,0.5,0.2693548387096774,95.0,0.0010558207110442641,0.1440088488639411,0.13428641657026366,0.14805751255919133,0.16607501083744258,-0.6074495524030625,-0.1100000000000001,0.029999999999999805,0.12008367814852239,0.5,0.2663364055299539
2019-07-03,93.52668762207031,6849400.0,0.8,0.04020242879972069,12.569999694824219,2.41,1.91,0.5,0.2687096774193548,95.0,-0.0015930557105264809,0.14443467548101488,0.134201494359775,0.1473849636764195,0.15154855259757646,-0.6055509002848966,-0.09000000000000008,0.040000000000000036,0.12008367814852239,0.5,0.26734254992319506
2019-07-04,93.80440521240234,7389400.0,0.4,0.040083756714959555,12.924999713897705,2.415,1.9449999999999998,0.5,0.2680645161290322,95.0,0.0029693940563173538,0.11726630760470991,0.13425090682857352,0.14732854144296934,0.15194607928864107,-0.6013674835061428,-0.05500000000000016,0.05500000000000016,0.12008367814852239,0.5,0.26801843317972346
2019-07-05,94.08212280273438,7929400.0,0.0,0.039965084630198426,13.279999732971191,2.42,1.98,0.5,0.2674193548387096,95.0,0.002960602859782391,0.11717842145535581,0.1342799672703007,0.14736933195148758,0.15514229962796386,-0.5970913865072259,-0.029999999999999805,0.05333333333333323,0.12008367814852239,0.5,0.26836405529953916
2019-07-06,93.91079711914062,7592000.0,0.0,0.03804328079645341,13.506666501363119,2.4166666666666665,1.9833333333333334,0.5,0.26677419354838705,95.0,-0.0018210227245082367,0.11747262224996145,0.12994598412908465,0.14743920833147095,0.1551867554401769,-0.5617802384301236,-0.036666666666666625,0.043333333333333446,0.12008367814852239,0.5,0.26837941628264206
2019-07-07,93.73947143554688,7254600.0,0.0,0.0361214769627084,13.733333269755045,2.4133333333333336,1.9866666666666666,0.5,0.26612903225806445,95.0,-0.0018243448980248544,0.11212441895711231,0.12951791757565403,0.1475074364575958,0.15242951448994124,-0.5624550417583662,-0.043333333333333224,0.03333333333333366,0.12008367814852239,0.5,0.2680645161290322
2019-07-08,93.56814575195312,6917200.0,0.0,0.03419967312896338,13.960000038146973,2.41,1.99,0.5,0.2654838709677419,95.0,-0.0018276792152764898,0.11230763995843822,0.12956858800154508,0.14691870196016382,0.15237359544601703,-0.563850282924656,-0.050000000000000044,0.040000000000000036,0.12008367814852239,0.5,0.26741935483870966
2019-07-09,93.96607208251953,8947300.0,0.0,0.03405484478684828,14.09000015258789,2.41,2.0,0.5,0.2648387096774193,95.0,0.004252797010868337,0.1124440602264929,0.1298356811281556,0.14690348436329834,0.15237862176215594,-0.6252787579420046,0.040000000000000036,0.040000000000000036,0.12008367814852239,0.5,0.26677419354838705
2019-07-10,93.69247436523438,9242300.0,0.0,0.03415429063732141,13.029999732971191,2.41,1.93,0.5,0.2641935483870967,95.0,-0.0029116649363069014,0.11285220139789515,0.12854516548603617,0.14648384422334035,0.15973715465711505,-0.5962684485526296,0.020000000000000018,0.040000000000000036,0.12008367814852239,0.5,0.26612903225806445
2019-07-11,94.58782958984375,11595200.0,0.0,0.03383099087774815,12.930000305175781,2.4,1.97,0.5,0.2635483870967742,95.0,0.009556319551547787,0.11537620762883741,0.12833336136019333,0.12604321794944737,0.15517141053107086,-0.5767810968506222,0.020000000000000018,0.020000000000000018,0.12008367814852239,0.5,0.2654838709677419
2019-07-12,95.58258819580078,10783400.0,0.0,0.03347890092120968,12.390000343322754,2.38,1.96,0.5,0.2629032258064516,95.0,0.010516771663654279,0.11032521433247443,0.1281834496022798,0.12696385497022444,0.1920487165576684,-0.5640766609222411,0.020000000000000018,0.0,0.12008367814852239,0.5,0.2648387096774193
2019-07-13,95.19573211669922,11504466.666666666,0.0,0.033616067191839155,12.486666997273764,2.3866666666666667,1.9566666666666666,0.5,0.26225806451612904,95.0,-0.004047348857190269,0.11170937152185288,0.12776573684822,0.12698646163884106,0.20035840666719643,-0.5737469698820276,0.026666666666666616,0.006666666666666821,0.12008367814852239,0.5,0.26419354838709674
2019-07-14,94.80887603759766,12225533.333333334,0.0,0.033753233462468626,12.583333651224772,2.393333333333333,1.9533333333333334,0.5,0.26161290322580644,95.0,-0.004063796459145008,0.11296867412796156,0.127806405047582,0.12700931029009796,0.1601541188385479,-0.6270581613755707,0.03333333333333344,0.013333333333333197,0.12008367814852239,0.5,0.2635483870967742
2019-07-15,94.4220199584961,12946600.0,0.0,0.033890399733098105,12.680000305175781,2.4,1.95,0.5,0.2609677419354839,95.0,-0.004080378285975517,0.11375121353358002,0.1257137294841482,0.12610622089404155,0.15920614558600385,-0.610547134996011,0.020000000000000018,0.020000000000000018,0.12008367814852239,0.5,0.2629032258064516
2019-07-16,95.43338012695312,16945000.0,0.0,0.03353124447382146,12.859999656677246,2.41,2.0,0.5,0.2603225806451613,95.0,0.010711062619731981,0.11629136316475056,0.12690228584960178,0.11818159428821341,0.15925173793983882,-0.5896361175087099,0.040000000000000036,0.03000000000000025,0.12008367814852239,0.5,0.26225806451612904
2019-07-17,94.49659729003906,13120900.0,0.0,0.0338636532083607,13.970000267028809,2.41,1.95,0.5,0.2596774193548387,95.0,-0.00981609197607669,0.12079196411545853,0.1287344488877562,0.11870299550377138,0.2013006927779302,-0.6056285794140263,0.020000000000000018,0.03000000000000025,0.12008367814852239,0.5,0.26161290322580644
2019-07-18,95.06033325195312,9397200.0,0.0,0.03366283170414041,13.529999732971191,2.41,1.9,0.5,0.2590322580645161,95.0,0.005965674723543479,0.11621189410303864,0.12918635820320706,0.11910141092740845,0.19576325217890175,-0.6093847655621993,-0.020000000000000018,0.010000000000000231,0.12008367814852239,0.5,0.26096774193548383
2019-07-19,94.12358093261719,10402800.0,0.0,0.0339978565232327,14.449999809265137,2.41,1.94,0.5,0.2583870967741936,95.0,-0.009854292398209008,0.11816565143614854,0.1309531243660843,0.12029312593696287,0.16903775353125963,-0.6225274085992142,0.01333333333333342,0.013333333333333641,0.12008367814852239,0.5,0.2603225806451613
2019-07-20,94.32529195149739,9955566.666666666,0.0,0.033925463032492165,14.143333117167154,2.4066666666666667,1.9433333333333334,0.5,0.257741935483871,95.0,0.00214304446220126,0.11813502297284449,0.1308563808990293,0.12034207105494932,0.19538629646326683,-0.6341855724671693,0.010000000000000009,0.013333333333333197,0.12008367814852239,0.5,0.25967741935483873
2019-07-21,94.52700297037761,9508333.333333334,0.0,0.03385306954175162,13.836666425069174,2.4033333333333333,1.9466666666666665,0.5,0.2570967741935484,95.0,0.002138461643818035,0.11560098115575593,0.12966318960528994,0.12038990194609954,0.154100667926161,-0.6462437745090314,0.006666666666666599,0.013333333333333197,0.12008367814852239,0.5,0.25903225806451613
2019-07-22,94.72871398925781,9061100.0,0.0,0.03378067605101109,13.529999732971191,2.4,1.95,0.5,0.2564516129032258,95.0,0.002133898383972044,0.11498829657295875,0.12247507803278433,0.12042283948441986,0.153041314413623,-0.5903724092167565,0.040000000000000036,0.0,0.12008367814852239,0.5,0.2583870967741935
2019-07-23,96.46131134033203,12752200.0,0.0,0.03317392180902302,12.609999656677246,2.4,1.97,0.5,0.2558064516129032,95.0,0.018290096826086844,0.12361438325286676,0.12617377061191634,0.12408464744252735,0.1530076204871613,-0.6002384090395775,0.06000000000000005,-0.010000000000000231,0.12008367814852239,0.5,0.257741935483871
2019-07-24,96.85095977783203,10011000.0,0.0,0.03304045728963896,12.069999694824219,2.4,1.98,0.5,0.2551612903225806,95.0,0.004039427124572725,0.1228336939984183,0.12606028225221752,0.12423725336225701,0.27231189094849245,-0.5989409511541058,0.03500000000000014,-0.015000000000000124,0.12008367814852239,0.5,0.25709677419354837
2019-07-25,95.92247772216797,10138400.0,0.0,0.03336027254496649,12.739999771118164,2.4,1.99,0.5,0.254516129032258,95.0,-0.0095867099076139,0.12390918423538143,0.12776518711310955,0.12476040418370778,0.16241402792195575,-0.608903847636488,0.010000000000000009,-0.020000000000000018,0.12008367814852239,0.5,0.2564516129032258
2019-07-26,96.34526062011719,12800400.0,0.0,0.03321388078047121,12.15999984741211,2.4,2.0,0.5,0.2538709677419354,95.0,0.0044075477196676704,0.12343909378783526,0.12768860762175185,0.12472091123149578,0.19313192750378705,-0.6080044124231289,0.016666666666666607,-0.016666666666666607,0.12008367814852239,0.5,0.2558064516129032
2019-07-27,96.2430191040039,11367066.666666666,0.0,0.0332492398942801,12.383333206176758,2.4,1.9933333333333334,0.5,0.25322580645161286,95.0,-0.0010611992271878368,0.12384922812584308,0.12751311437043014,0.12449654259331933,0.16136619546430844,-0.606572098867325,0.006666666666666821,-0.013333333333333641,0.12008367814852239,0.5,0.2551612903225806
2019-07-28,96.14077758789062,9933733.333333332,0.0,0.03328459900808899,12.606666564941406,2.4,1.9866666666666666,0.5,0.25258064516129025,95.0,-0.0010623265673200821,0.1001175303846255,0.12733178805385212,0.12426560930708518,0.151441991864876,-0.6050634436257812,-0.0033333333333334103,-0.010000000000000231,0.12008367814852239,0.5,0.254516129032258
2019-07-29,96.03853607177734,8500400.0,0.0,0.033319958121897884,12.829999923706055,2.4,1.98,0.5,0.2519354838709677,95.0,-0.0010634563052063228,0.09958663517380255,0.12494009978550548,0.12427501302917128,0.15121411104713553,-0.6471651786610162,-0.020000000000000018,-0.010000000000000231,0.12008367814852239,0.5,0.25387096774193546
2019-07-30,95.822998046875,7121100.0,0.0,0.03339490587045308,13.9399995803833,2.39,1.97,0.5,0.2512903225806451,95.0,-0.002244286863569589,0.0992107084228541,0.12277000558422432,0.12364458679275374,0.15121026256707928,-0.6203665884171257,0.040000000000000036,-0.020000000000000018,0.12008367814852239,0.5,0.25322580645161286
2019-07-31,96.16287994384766,13648000.0,0.0,0.03327687359060559,16.1200008392334,2.4,2.0,0.5,0.2506451612903225,95.0,0.0035469762363977697,0.09858347844717245,0.12283659983863712,0.12373024276311877,0.1532249323093803,-0.5294391122405043,0.030000000000000027,0.0,0.12008367814852239,0.5,0.25258064516129025
2019-08-01,93.62617492675781,15664500.0,0.0,0.03417847629152111,17.8700008392334,2.14,1.88,0.5,0.25,95.0,-0.02637925380948558,0.12702141446784343,0.1358701082456686,0.13121507267626126,0.1570493120993756,-0.599117051202759,-0.08000000000000007,-0.23999999999999977,0.12008367814852239,0.5,0.2519354838709677
2019-08-02,93.61787414550781,11025500.0,0.0,0.03418150678177464,17.610000610351562,2.14,1.85,0.5,0.2493548387096774,95.0,-8.865876723573862e-05,0.12693394609365,0.13588965564248134,0.13113380210044823,0.36696973116590703,-0.5976075948287128,-0.10666666666666647,-0.2466666666666666,0.12008367814852239,0.5,0.2512903225806451
2019-08-03,92.68940989176433,12635433.333333334,0.0,0.03453090059665573,19.93666712443034,2.1366666666666667,1.8266666666666667,0.5,0.24870967741935482,93.33333333333333,-0.009917595995615036,0.12983817199763184,0.12337260431101088,0.13207191256330392,0.15870049243397774,-0.5353918408457086,-0.1266666666666667,-0.2566666666666664,0.12008367814852239,0.5,0.25064516129032255
2019-08-04,91.76094563802083,14245366.666666668,0.0,0.034880294411536825,22.263333638509113,2.1333333333333333,1.8033333333333335,0.5,0.24806451612903227,91.66666666666667,-0.010016939959243354,0.1323759386493812,0.1250465872262973,0.13301197374571427,0.1957015868376044,-0.5518263710764159,-0.1466666666666665,-0.2666666666666666,0.12008367814852239,0.5,0.24999999999999997
2019-08-05,90.83248138427734,15855300.0,0.0,0.035229688226417914,24.59000015258789,2.13,1.78,0.5,0.2474193548387097,90.0,-0.010118294305794251,0.13510096795756868,0.12676207051654892,0.13125703345414608,0.19724835512326247,-0.5668488087100407,-0.21999999999999997,-0.28000000000000025,0.12008367814852239,0.5,0.24935483870967737
2019-08-06,91.54540252685547,10203500.0,0.0,0.034955332672891554,20.170000076293945,2.13,1.8,0.5,0.2467741935483871,90.0,0.007848746744702817,0.13752707567509492,0.1256421978016687,0.13167104694631945,0.19810357488097696,-0.5262781786993752,-0.1499999999999999,-0.28000000000000025,0.12008367814852239,0.5,0.24870967741935482
2019-08-07,89.55584716796875,17320900.0,0.0,0.035731893574722805,19.489999771118164,2.12,1.75,0.5,0.2461290322580645,90.0,-0.021732990450318512,0.15061887719879866,0.133469356662897,0.13664451951538623,0.1806286963818381,-0.4583455767958475,-0.1499999999999999,-0.29000000000000004,0.12008367814852239,0.5,0.24806451612903224
2019-08-08,91.07288360595703,10903300.0,0.0,0.03513669352828848,16.90999984741211,2.12,1.79,0.5,0.2454838709677419,90.0,0.016939557672241756,0.15891674317045254,0.13771353230871772,0.1396332139752897,0.31388761360844786,-0.501368058137573,-0.1499999999999999,-0.29000000000000004,0.12008367814852239,0.5,0.24741935483870967
2019-08-09,90.97339630126953,9980800.0,0.0,0.03517511855227223,17.969999313354492,2.12,1.78,0.5,0.2448387096774193,90.0,-0.0010923921671125436,0.15881779380722771,0.13754367515934207,0.13882512016117354,0.2618629717749057,-0.4991878350811013,-0.16333333333333333,-0.2866666666666666,0.12008367814852239,0.5,0.2467741935483871
2019-08-10,90.40415445963542,9785100.0,0.0,0.035399428178696894,19.009999593098957,2.12,1.77,0.5,0.24419354838709673,90.0,-0.006257234145123025,0.1563261088894764,0.13799280822196064,0.13836954521216202,0.15458109973294193,-0.5053024066339316,-0.17666666666666653,-0.2833333333333332,0.12008367814852239,0.5,0.24612903225806448
2019-08-11,89.8349126180013,9589400.0,0.0,0.035623737805121555,20.049999872843426,2.12,1.76,0.5,0.24354838709677418,90.0,-0.006296633656236339,0.15268338204410195,0.13606791451971104,0.1378995212940939,0.16994505480811906,-0.5235131698350296,-0.18999999999999995,-0.2799999999999998,0.12008367814852239,0.5,0.2454838709677419
2019-08-12,89.26567077636719,9393700.0,0.0,0.035848047431546216,21.09000015258789,2.12,1.75,0.5,0.2429032258064516,90.0,-0.0063365324799129485,0.15308890328873462,0.13657944261570792,0.137637889807921,0.17050192076860912,-0.5283728366058109,-0.21999999999999997,-0.2799999999999998,0.12008367814852239,0.5,0.24483870967741933
2019-08-13,90.64180755615234,12124700.0,0.0,0.03530379729042373,17.520000457763672,2.12,1.86,0.5,0.242258064516129,90.0,0.015416192673135543,0.16105580313389556,0.14011592783376053,0.1399100818600624,0.1707478919042851,-0.5613422372055835,-0.11999999999999988,-0.2799999999999998,0.12008367814852239,0.5,0.24419354838709675
2019-08-14,86.8781967163086,19491800.0,0.0,0.036833177033465093,22.100000381469727,2.12,1.79,0.5,0.2416129032258064,85.0,-0.0415217981780891,0.1999968225757211,0.1649184871282424,0.15529974397682644,0.24389803924120596,-0.6631985123400237,-0.19999999999999996,-0.2799999999999998,0.12008367814852239,0.5,0.24354838709677415
2019-08-15,87.20977020263672,13365600.0,0.0,0.03669313647501448,21.18000030517578,2.13,1.72,0.5,0.2409677419354838,85.0,0.0038165327879771116,0.19696372500203105,0.16514840808343734,0.15530226344546313,0.5524489779313536,-0.6645826465801248,-0.28,-0.27,0.12008367814852239,0.5,0.24290322580645157
2019-08-16,89.29887390136719,11830600.0,0.0,0.035834718403442344,18.469999313354492,2.13,1.71,0.5,0.2403225806451613,90.0,0.02395492722749215,0.21034172093658882,0.17240681718767265,0.16044694048405525,0.17682403239793898,-0.6903017542190951,-0.28333333333333344,-0.27,0.12008367814852239,0.5,0.242258064516129
2019-08-17,89.56690470377605,10642200.0,0.0,0.035728120266652105,17.939999262491863,2.13,1.7233333333333334,0.5,0.2396774193548387,90.0,0.003001502602428152,0.20955913002379206,0.17017678088729626,0.1605048543506343,0.33263813432605205,-0.6966501096068372,-0.2633333333333332,-0.27,0.12008367814852239,0.5,0.24161290322580645
2019-08-18,89.83493550618489,9453800.0,0.0,0.03562152212986186,17.40999921162923,2.13,1.7366666666666666,0.5,0.2390322580645161,90.0,0.0029925205442267178,0.2086547398377022,0.1696803167724867,0.16056203507349995,0.1614154379829706,-0.7093155788045064,-0.2433333333333334,-0.27,0.12008367814852239,0.5,0.24096774193548384
2019-08-19,90.10296630859375,8265400.0,0.0,0.03551492399307162,16.8799991607666,2.13,1.75,0.5,0.2383870967741935,90.0,0.0029835920836209784,0.20879786275261664,0.16971177560205153,0.1605362557674111,0.15542495492552397,-0.7118078596910326,-0.21999999999999997,-0.26000000000000023,0.12008367814852239,0.5,0.24032258064516124
2019-08-20,88.9589614868164,8374000.0,0.0,0.035971642952174476,17.5,2.13,1.72,0.5,0.2377419354838709,90.0,-0.012696638841603103,0.21098720057594705,0.17114928558631332,0.16136361501251395,0.15526171030627753,-0.7097282982404683,-0.28,-0.27,0.12008367814852239,0.5,0.2396774193548387
2019-08-21,89.20764923095703,8189300.0,0.0,0.03587136335938252,15.800000190734863,2.12,1.77,0.5,0.2370967741935484,90.0,0.0027955333558775664,0.21110879022024778,0.17119745950267326,0.1579947151345753,0.21974687096317505,-0.7061019465707209,-0.10999999999999988,-0.020000000000000018,0.12008367814852239,0.5,0.2390322580645161
2019-08-22,90.12783813476562,9343400.0,0.0,0.035505123236342695,16.68000030517578,2.12,1.79,0.5,0.2364516129032258,90.0,0.010315134539934379,0.20575714854382626,0.17244158336338353,0.15807784294442545,0.15644730540475155,-0.6888483648241517,-0.06000000000000005,-0.020000000000000018,0.12008367814852239,0.5,0.2383870967741935
2019-08-23,87.8895492553711,14762300.0,0.0,0.03640933452397291,19.8700008392334,2.12,1.73,0.5,0.2358064516129032,90.0,-0.024834600781699412,0.21516452152150586,0.17998046143467722,0.1635229670534311,0.198036805851205,-0.7146658968021607,-0.09666666666666668,-0.016666666666666607,0.12008367814852239,0.5,0.23774193548387096
2019-08-24,88.12443542480469,12578033.333333332,0.0,0.03631280395686433,19.68666712443034,2.12,1.7366666666666666,0.5,0.2351612903225806,90.0,0.0026725153493631915,0.21494052393013136,0.1792952153357642,0.16354300883404213,0.34944223190806234,-0.7125577000266705,-0.06666666666666687,-0.013333333333333197,0.12008367814852239,0.5,0.23709677419354835
2019-08-25,88.35932159423828,10393766.666666666,0.0,0.036216273389755756,19.503333409627277,2.12,1.7433333333333334,0.5,0.234516129032258,90.0,0.002665392048202264,0.21449192125106367,0.1788372311729645,0.16355677843018093,0.16130666086688691,-0.7140680206217385,-0.036666666666666625,-0.009999999999999787,0.12008367814852239,0.5,0.23645161290322575
2019-08-26,88.59420776367188,8209500.0,0.0,0.036119742822647176,19.31999969482422,2.12,1.75,0.5,0.2338709677419354,90.0,0.0026583066188787807,0.21503610132634218,0.17878747702957087,0.1635642762457722,0.1544909697808768,-0.7137610005620714,-0.050000000000000044,-0.009999999999999787,0.12008367814852239,0.5,0.2358064516129032
2019-08-27,87.65743255615234,14331800.0,0.0,0.03650574636611809,20.309999465942383,2.12,1.77,0.5,0.2332258064516129,90.0,-0.010573774868199215,0.2161646362575664,0.17091700340599214,0.16445513717139257,0.15431621919659935,-0.7319467648569481,0.020000000000000018,0.0,0.12008367814852239,0.5,0.2351612903225806
2019-08-28,88.53616333007812,10585500.0,0.0,0.03614342297700259,19.350000381469727,2.12,1.74,0.5,0.2325806451612903,90.0,0.010024600861574084,0.21940220056715007,0.17185213375545144,0.16433466938655908,0.20101563408918444,-0.7345034356801703,-0.050000000000000044,0.0,0.12008367814852239,0.5,0.23451612903225802
2019-08-29,90.5423355102539,10002200.0,0.0,0.03534258291401817,17.8799991607666,2.12,1.75,0.5,0.2319354838709677,90.0,0.022659353022746576,0.2311746258896043,0.1778526422388821,0.16757737138821382,0.19662862690300736,-0.7375748732429401,-0.030000000000000027,0.0,0.12008367814852239,0.5,0.23387096774193544
2019-08-30,91.07288360595703,10170300.0,0.0,0.03513669352828848,18.979999542236328,2.13,1.76,0.5,0.2312903225806451,90.0,0.005859668769456983,0.23174004941721063,0.1778990566454713,0.16781305732897794,0.3188663243443933,-0.7255295069781488,-0.010000000000000009,0.009999999999999787,0.12008367814852239,0.5,0.23322580645161287
2019-08-31,90.80345916748047,10094925.0,0.0,0.03524188453194222,19.149999618530273,2.13,1.75,0.5,0.23230107526881716,90.0,-0.002958338726181897,0.21944169881375475,0.17794421243940392,0.1678997569883205,0.17261027466323764,-0.7279010774721324,-0.010000000000000009,0.009999999999999787,0.12008367814852239,0.5,0.23281720430107522
2019-09-01,90.5340347290039,10019550.0,0.0,0.03534707553559596,19.31999969482422,2.13,1.74,0.5,0.2333118279569892,90.0,-0.0029671164617157686,0.2194943910343071,0.17800213148289196,0.16798310944616607,0.15561760211153597,-0.7289679423975187,-0.010000000000000009,0.009999999999999787,0.12008367814852239,0.5,0.23264516129032256
2019-09-02,90.26461029052734,9944175.0,0.0,0.035452266539249704,19.489999771118164,2.13,1.73,0.5,0.23432258064516126,90.0,-0.0029759464413912085,0.21797511429025565,0.17791881750751345,0.16021729431682322,0.15524313911862567,-0.7305238503969372,-0.13000000000000012,0.009999999999999787,0.12008367814852239,0.5,0.2327096774193548
2019-09-03,89.99518585205078,9868800.0,0.0,0.035557457542903445,19.65999984741211,2.13,1.72,0.5,0.2353333333333333,90.0,-0.0029848291330277776,0.21634292030951938,0.17782257403975438,0.16017986656457245,0.15526135456273474,-0.7321749020578242,-0.07000000000000006,0.009999999999999787,0.12008367814852239,0.5,0.233010752688172
2019-09-04,91.08118438720703,6929200.0,0.0,0.03513349130810668,17.329999923706055,2.13,1.69,0.5,0.238,90.0,0.012067295876710515,0.21740055714790502,0.17970810241089336,0.16140955998370707,0.1552885860303884,-0.7386842420556817,-0.030000000000000027,0.0,0.12008367814852239,0.5,0.2337849462365591
2019-09-05,93.15364837646484,13224700.0,0.0,0.034351848325550674,16.270000457763672,2.13,1.73,0.5,0.2406666666666666,95.0,0.022754029860297953,0.22593126510531142,0.1857597716843812,0.16462564676035593,0.21272334362045195,-0.7357005475893642,0.020000000000000018,0.0,0.12008367814852239,0.5,0.2350322580645161
2019-09-06,93.35260009765625,7836600.0,0.0,0.03427863815954218,15.0,2.12,1.73,0.5,0.2433333333333333,95.0,0.0021357372970232102,0.21558671666986515,0.1857801366800647,0.16456339777298978,0.3201156514377526,-0.7334743997014118,0.006666666666666599,-0.009999999999999787,0.12008367814852239,0.5,0.23675268817204298
2019-09-07,94.12356821695964,9886100.0,0.0,0.034002386679507196,15.09000015258789,2.1233333333333335,1.7333333333333334,0.5,0.24599999999999997,95.0,0.008258667873169978,0.21165653365328377,0.1863503327728916,0.16500154198928293,0.15867709400108412,-0.7311345710342191,-0.0033333333333331883,-0.0066666666666663765,0.12008367814852239,0.5,0.2387096774193548
2019-09-08,94.89453633626302,11935600.0,0.0,0.03372613519947221,15.180000305175781,2.1266666666666665,1.7366666666666666,0.5,0.24866666666666662,95.0,0.008191020951588301,0.2125206431173214,0.18698394937470456,0.1654262596979781,0.18257689364297905,-0.7345771706661569,-0.01333333333333342,-0.0033333333333334103,0.12008367814852239,0.5,0.24090322580645157
2019-09-09,95.6655044555664,13985100.0,0.0,0.033449883719437225,15.270000457763672,2.13,1.74,0.5,0.2513333333333333,95.0,0.008124473221212902,0.21208618769285864,0.18670490462650394,0.1658608433251612,0.18260433664215567,-0.734087121335906,0.020000000000000018,0.0,0.12008367814852239,0.5,0.24333333333333332
2019-09-10,96.88411712646484,14333100.0,0.0,0.03302914961616437,15.199999809265137,2.13,1.81,0.5,0.254,95.0,0.012738266293933043,0.21283803271217117,0.18727435483425495,0.1655274679883251,0.18214435522822797,-0.72836578554465,0.040000000000000036,0.009999999999999787,0.12008367814852239,0.5,0.24599999999999997
2019-09-11,97.14937591552734,9919200.0,0.0,0.03293896610084703,14.609999656677246,2.13,1.79,0.5,0.2566666666666666,95.0,0.002737897572171244,0.2111683857034755,0.18712831734790283,0.16553555082484275,0.2191181678974493,-0.7290981464280674,0.0,0.009999999999999787,0.12008367814852239,0.5,0.24866666666666662
2019-09-12,97.74627685546875,12283500.0,0.0,0.03273781982235127,14.220000267028809,2.13,1.82,0.5,0.2593333333333333,100.0,0.006144156195716732,0.20810987006080411,0.1872686360493168,0.165748723549095,0.15626851813549641,-0.7300983577778235,0.09000000000000008,0.009999999999999787,0.12008367814852239,0.5,0.2513333333333333
2019-09-13,99.66951751708984,16257200.0,0.0,0.03210610505314538,13.739999771118164,2.14,1.88,0.5,0.262,100.0,0.019675845704741013,0.16481935476168122,0.19099151110716175,0.16857987698831958,0.1691114227535006,-0.7237382147691122,0.1433333333333333,0.020000000000000018,0.12008367814852239,0.5,0.254
2019-09-14,99.37384287516277,14836100.0,0.0,0.032202204683455755,14.049999872843424,2.1766666666666667,1.8733333333333333,0.5,0.26466666666666666,100.0,-0.0029665503485193367,0.16625947924636472,0.19005877322124026,0.1686471024158497,0.28684613489673855,-0.7296659031290065,0.1299999999999999,0.05666666666666664,0.12008367814852239,0.5,0.25666666666666665
2019-09-15,99.07816823323567,13415000.0,0.0,0.03229830431376614,14.359999974568685,2.2133333333333334,1.8666666666666667,0.5,0.26733333333333337,100.0,-0.002975376954059583,0.1570352726835064,0.1889486675483157,0.16871449611857905,0.15936413399291077,-0.7270207381572005,0.1166666666666667,0.09333333333333327,0.12008367814852239,0.5,0.2593333333333333
2019-09-16,98.7824935913086,11993900.0,0.0,0.032394403944076514,14.670000076293945,2.25,1.86,0.5,0.27,100.0,-0.002984256241304828,0.1581443035053797,0.18879406391998782,0.16751859337765293,0.15535287553395152,-0.7267271310733603,0.09000000000000008,0.1299999999999999,0.12008367814852239,0.5,0.262
2019-09-17,98.29338836669922,10735400.0,0.0,0.03255559761620881,14.4399995803833,2.3,1.87,0.5,0.2726666666666666,100.0,-0.004951335067860718,0.15993419995868635,0.18788505997597302,0.16724692699130767,0.1552888983250074,-0.7218169392183124,0.13000000000000012,0.17999999999999972,0.12008367814852239,0.5,0.26466666666666666
2019-09-18,99.27989196777344,10665600.0,0.0,0.03223210598414763,13.949999809265137,2.25,1.87,0.5,0.2753333333333333,100.0,0.010036316963597969,0.1612107897527739,0.1888236440603183,0.16791370727777438,0.16301564137363705,-0.7217354881713229,0.1200000000000001,0.1299999999999999,0.12008367814852239,0.5,0.2673333333333333
2019-09-19,98.96488189697266,9382600.0,0.0,0.03233470235766419,14.050000190734863,1.9,1.88,0.5,0.278,100.0,-0.00317294937128898,0.15521528517122962,0.18898343314070898,0.16754209580795465,0.195933864598175,-0.7213489255911449,0.11999999999999988,-0.22999999999999998,0.12008367814852239,0.5,0.27
2019-09-20,98.56697082519531,21862800.0,0.0,0.032465236307962386,15.319999694824219,1.9,1.84,0.5,0.2806666666666667,100.0,-0.004020730022106123,0.15675710764021794,0.18921468439742964,0.16766026970587766,0.15689455186910675,-0.7216689607250102,0.09000000000000008,-0.22999999999999998,0.12008367814852239,0.5,0.27266666666666667
2019-09-21,98.56143697102864,17620233.333333332,0.0,0.032467059313645255,15.183333079020182,1.9,1.83,0.5,0.2833333333333333,100.0,-5.6143088504656546e-05,0.15563807242361663,0.18568350546928997,0.16757141979679538,0.15896114503498399,-0.7214000988852589,0.09000000000000008,-0.22999999999999998,0.12008367814852239,0.5,0.2753333333333333
2019-09-22,98.55590311686198,13377666.666666666,0.0,0.032468882319328124,15.046666463216146,1.9,1.82,0.5,0.28600000000000003,100.0,-5.614624072780572e-05,0.13132019230426722,0.1855271135754694,0.1674811708107906,0.15080247590254542,-0.720679649010247,0.09000000000000008,-0.22999999999999998,0.12008367814852239,0.5,0.278
2019-09-23,98.55036926269531,9135100.0,0.0,0.03247070532501099,14.90999984741211,1.9,1.81,0.5,0.2886666666666667,100.0,-5.614939330533808e-05,0.13176417194326806,0.184373699129672,0.16673786376508448,0.15061518249697983,-0.7199587527706889,0.09000000000000008,-0.22999999999999998,0.12008367814852239,0.5,0.2806666666666667
2019-09-24,97.26543426513672,11696500.0,0.0,0.032899662908789276,17.049999237060547,1.9,1.78,0.5,0.2913333333333333,95.0,-0.01303835802109965,0.14052523418933996,0.1862586847070722,0.16817361106908904,0.15061099628478558,-0.7264398233046055,0.09000000000000008,-0.22999999999999998,0.12008367814852239,0.5,0.2833333333333333
2019-09-25,97.82086944580078,9389400.0,0.0,0.03271285583668842,15.960000038146973,1.9,1.82,0.5,0.294,100.0,0.005710509441103184,0.14069856980181217,0.186583981215001,0.16831550871906406,0.22284825591561078,-0.7274894046505923,0.09000000000000008,-0.22999999999999998,0.12008367814852239,0.5,0.286
2019-09-26,97.0167465209961,9899200.0,0.0,0.03298399621458616,16.06999969482422,1.85,1.79,0.5,0.2966666666666667,95.0,-0.00822036166065998,0.13881010457159323,0.18738393212541454,0.16321643919866366,0.1684174399808946,-0.7246619134084621,0.06000000000000005,-0.27,0.12008367814852239,0.5,0.2886666666666667
2019-09-27,97.58876037597656,10207800.0,0.0,0.03279066142116654,17.219999313354492,1.83,1.74,0.5,0.2993333333333333,100.0,0.005896032133552165,0.13762209117894997,0.18773149735447672,0.16324225321837577,0.18298046093427206,-0.7142937655077374,0.006666666666666599,-0.29333333333333345,0.12008367814852239,0.5,0.29133333333333333
2019-09-28,97.58047485351562,10056866.666666666,0.0,0.032793446137143537,16.893332799275715,1.8533333333333333,1.7433333333333334,0.5,0.30199999999999994,100.0,-8.490242553560456e-05,0.12529637841653177,0.18766012603202106,0.16302886573130343,0.16833707192160666,-0.7144138669467373,0.006666666666666821,-0.2733333333333332,0.12008367814852239,0.5,0.294
2019-09-29,97.57218933105469,9905933.333333334,0.0,0.03279623085312053,16.56666628519694,1.8766666666666667,1.7466666666666666,0.5,0.30466666666666664,100.0,-8.490963456952993e-05,0.12509795831779308,0.1875400051808552,0.16281175849550336,0.15103168850769713,-0.7336616429018213,0.006666666666666599,-0.2533333333333332,0.12008367814852239,0.5,0.2966666666666666
2019-09-30,97.56390380859375,9755000.0,0.0,0.03279901556909753,16.239999771118164,1.9,1.75,0.5,0.3073333333333333,100.0,-8.491684482780926e-05,0.12432203151258699,0.17892181765274714,0.16281122335109025,0.15062242256427827,-0.7289489760744006,-0.06000000000000005,-0.22999999999999998,0.12008367814852239,0.5,0.2993333333333333
2019-10-01,95.78987121582031,11250300.0,0.0,0.033406454767959844,18.559999465942383,1.88,1.73,0.5,0.31,95.0,-0.018183288322019542,0.13739254706394874,0.18312471441952752,0.165794518400869,0.15061326837070546,-0.7408616474621327,-0.06000000000000005,-0.25,0.12008367814852239,0.5,0.302
2019-10-02,93.8831558227539,12548700.0,0.0,0.03408492153844316,20.559999465942383,1.85,1.67,0.5,0.3080645161290322,95.0,-0.01990518797932672,0.15095436025850575,0.1867157309287588,0.16919075520697652,0.27464067840795486,-0.7466189757023431,-0.15000000000000013,-0.2799999999999998,0.12008367814852239,0.5,0.30400921658986174
2019-10-03,93.74947357177734,12735200.0,0.9,0.04373357890762896,19.1200008392334,1.83,1.58,0.5,0.3061290322580645,95.0,-0.0014239215736308042,0.15063493525555122,0.18551947042076838,0.16913350723970313,0.2952605435732417,-0.7353295624066967,-0.2999999999999998,-0.31000000000000005,0.12008367814852239,0.5,0.30536098310291854
2019-10-04,95.7800521850586,9453100.0,0.0,0.04280640808253379,17.040000915527344,1.82,1.58,0.5,0.3041935483870968,95.0,0.02165962683221445,0.15868698759042815,0.18912806465381551,0.1728729274937652,0.15633893137035457,-0.7414961535023961,-0.2933333333333332,-0.3566666666666667,0.12008367814852239,0.5,0.3060552995391705
2019-10-05,95.71041361490886,8559266.666666666,0.0,0.040047356559853545,17.313334147135418,1.82,1.6,0.5,0.302258064516129,95.0,-0.0007270675736862353,0.1459725572357614,0.1885999647088969,0.17284590096210128,0.30764089764158026,-0.7736730401232134,-0.2666666666666666,-0.3933333333333333,0.12008367814852239,0.5,0.3060921658986175
2019-10-06,95.64077504475911,7665433.333333333,0.0,0.03728830503717329,17.58666737874349,1.82,1.6199999999999999,0.5,0.30032258064516126,95.0,-0.0007275965855705335,0.1459984580373539,0.18260173111877379,0.17281854553104428,0.15611990853639499,-0.816768122165412,-0.2400000000000002,-0.42999999999999994,0.12008367814852239,0.5,0.3054715821812596
2019-10-07,95.57113647460938,6771600.0,0.0,0.03452925351449305,17.860000610351562,1.82,1.64,0.5,0.2983870967741935,95.0,-0.0007281263678294847,0.14434234991932784,0.1796737438767577,0.17269289190382495,0.15100952033330228,-0.8103907524425434,-0.2300000000000002,-0.47999999999999976,0.12008367814852239,0.5,0.3041935483870968
2019-10-08,93.44026947021484,10806300.0,0.0,0.0353166789726769,20.280000686645508,1.82,1.62,0.5,0.2964516129032258,95.0,-0.022296135454668797,0.15707619828220495,0.18591304690480046,0.17676867313073244,0.15089378957387,-0.8237332018239331,-0.25,-0.42999999999999994,0.12008367814852239,0.5,0.302258064516129
2019-10-09,94.11712646484375,7273700.0,0.0,0.03506269394266592,18.639999389648438,1.82,1.59,0.5,0.2945161290322581,95.0,0.007243739754460687,0.15667998795124222,0.18588576049968175,0.17645958017604546,0.31987593942251114,-0.8216685411861686,-0.2899999999999998,-0.07999999999999985,0.12008367814852239,0.5,0.30032258064516126
2019-10-10,95.43742370605469,10994100.0,0.0,0.034577630785214114,17.56999969482422,1.82,1.63,0.5,0.2925806451612903,95.0,0.014028235782401532,0.15765242766378545,0.18726126849050578,0.17713915134300393,0.18061438616986458,-0.8222416467458414,-0.2100000000000002,-0.07999999999999985,0.12008367814852239,0.5,0.29838709677419356
2019-10-11,97.05020141601562,15076500.0,0.0,0.034003020620783794,15.579999923706055,1.82,1.67,0.5,0.2906451612903226,95.0,0.016898797634440132,0.16521135669551684,0.18935811968334113,0.17920712372496772,0.2308713391798176,-0.8263673730217868,-0.16000000000000014,-0.07999999999999985,0.12008367814852239,0.5,0.2964516129032258
2019-10-12,97.13655344645183,12977333.333333334,0.0,0.03397284641180529,15.243333180745443,1.82,1.665,0.5,0.2887096774193548,95.0,0.0008897666277480898,0.16420898472580678,0.18712821184074377,0.17906335379341914,0.25952138787872253,-0.8318224472380992,-0.15500000000000003,-0.07999999999999985,0.12008367814852239,0.5,0.29451612903225804
2019-10-13,97.22290547688802,10878166.666666668,0.0,0.0339426722028268,14.90666643778483,1.82,1.66,0.5,0.28677419354838707,95.0,0.0008889756468843935,0.15331271480715694,0.16364190982013221,0.1789139721118692,0.15428811420338212,-0.781616078444169,-0.15000000000000013,-0.07999999999999985,0.12008367814852239,0.5,0.2925806451612903
2019-10-14,97.30925750732422,8779000.0,0.0,0.033912497993848295,14.569999694824219,1.82,1.655,0.5,0.2848387096774193,95.0,0.0008881860710974188,0.15325202255537293,0.16360393997635211,0.17806180027159685,0.15110216796017334,-0.7822829816615803,-0.125,-0.07999999999999985,0.12008367814852239,0.5,0.2906451612903226
2019-10-15,100.24231719970703,23379000.0,0.0,0.03292022862386151,13.539999961853027,1.9,1.65,0.5,0.2829032258064516,100.0,0.03014163058599073,0.17652286596049319,0.1674598488311331,0.18392869035196027,0.15102950664906953,-0.7504483438529592,-0.17000000000000015,0.0,0.12008367814852239,0.5,0.2887096774193548
2019-10-16,100.00833892822266,11087700.0,0.0,0.03299724838314188,13.680000305175781,1.9,1.59,0.5,0.2809677419354839,100.0,-0.0023341267243277564,0.1764245486933036,0.16767087906451653,0.18377612558979362,0.40101478414321445,-0.7509600388820972,-0.19999999999999996,0.04999999999999982,0.12008367814852239,0.5,0.28677419354838707
2019-10-17,100.5682144165039,10818500.0,0.0,0.03281354868580075,13.789999961853027,1.85,1.59,0.5,0.2790322580645161,100.0,0.005598288045590705,0.1762804169269726,0.16783114423878132,0.18310443582088096,0.16316862299655602,-0.7494992854974667,-0.1499999999999999,0.020000000000000018,0.12008367814852239,0.5,0.28483870967741937
2019-10-18,100.74369812011719,10417400.0,0.0,0.03275639133343501,14.25,1.85,1.58,0.5,0.2770967741935484,100.0,0.0017449221369936208,0.17413841136224026,0.16781571671753878,0.18309701055597952,0.1662910892129021,-0.7486996212604815,-0.16333333333333333,-0.0033333333333331883,0.12008367814852239,0.5,0.2829032258064516
2019-10-19,101.57654062906902,11183133.333333334,0.0,0.032492149498552156,14.166666666666666,1.85,1.5833333333333335,0.5,0.27516129032258063,101.66666666666667,0.00826694398252914,0.17518833274054288,0.16549591933789448,0.18351319442041306,0.15254578230871538,-0.7470550803315106,-0.1633333333333331,-0.026666666666666616,0.12008367814852239,0.5,0.28096774193548385
2019-10-20,102.40938313802083,11948866.666666666,0.0,0.03222790766366931,14.083333333333334,1.85,1.5866666666666667,0.5,0.2732258064516129,103.33333333333333,0.008199161969820734,0.17579032822549243,0.16594237533615946,0.18391457791534838,0.18251809739447958,-0.7593331839133015,-0.16333333333333333,-0.04999999999999982,0.12008367814852239,0.5,0.2790322580645161
2019-10-21,103.24222564697266,12714600.0,0.0,0.03196366582878645,14.0,1.85,1.59,0.5,0.2712903225806451,105.0,0.00813248242916731,0.17683985298473884,0.16555790417881078,0.18200598439199547,0.18265954505868362,-0.7776556450654267,-0.1399999999999999,-0.029999999999999805,0.12008367814852239,0.5,0.2770967741935484
2019-10-22,104.27840423583984,12549100.0,0.0,0.031646053889898426,14.460000038146973,1.85,1.59,0.5,0.2693548387096774,105.0,0.01003638368287696,0.178436990270937,0.1560984416764421,0.18258139534616694,0.18220089019291316,-0.7308492422322601,-0.07999999999999985,0.0,0.12008367814852239,0.5,0.27516129032258063
2019-10-23,104.55419158935547,8828300.0,0.0,0.03156257965210042,14.010000228881836,1.85,1.58,0.5,0.2674193548387096,105.0,0.0026447216519720484,0.17835372049630843,0.15609858912570876,0.18174479325179943,0.1963115665086985,-0.7299537768078646,0.0,0.020000000000000018,0.12008367814852239,0.5,0.2732258064516129
2019-10-24,104.47897338867188,8020500.0,0.0,0.03158530269744976,13.710000038146973,1.85,1.59,0.5,0.2654838709677419,105.0,-0.0007194183182920311,0.17276658299345823,0.156269667493892,0.1816722158691633,0.15533824477847347,-0.7276674864700391,0.010000000000000009,0.030000000000000027,0.12008367814852239,0.5,0.2712903225806451
2019-10-25,105.3145980834961,9055700.0,0.0,0.03133468730881616,12.649999618530273,1.83,1.6,0.5,0.2635483870967742,105.0,0.007998017856814199,0.17326951881668493,0.15662831538686384,0.18202385607269278,0.15098536807492124,-0.728770561591059,0.0,0.010000000000000009,0.12008367814852239,0.5,0.2693548387096774
2019-10-26,105.44829559326172,9211200.0,0.0,0.031295058662981386,12.803332964579264,1.83,1.6,0.5,0.26161290322580644,105.0,0.001269505958325201,0.17032547140931542,0.1541223826888417,0.1819908161188898,0.18062514451663245,-0.7219255866430537,-0.019999999999999796,0.010000000000000009,0.12008367814852239,0.5,0.26741935483870966
2019-10-27,105.58199310302734,9366700.0,0.0,0.031255430017146604,12.956666310628256,1.83,1.6,0.5,0.25967741935483873,105.0,0.0012678963563463874,0.17012021989713824,0.15349036299780486,0.18195678759266834,0.15217535729022053,-0.7192687271268932,-0.039999999999999813,0.010000000000000009,0.12008367814852239,0.5,0.2654838709677419
2019-10-28,105.71569061279297,9522200.0,0.0,0.03121580137131183,13.109999656677246,1.83,1.6,0.5,0.257741935483871,105.0,0.0012662908308158638,0.1699783154158485,0.14805385892735876,0.18187135083811942,0.15147674262223867,-0.7072076317683532,-0.020000000000000018,0.010000000000000009,0.12008367814852239,0.5,0.2635483870967742
2019-10-29,105.64884948730469,9797300.0,0.0,0.03123555075151618,13.199999809265137,1.82,1.59,0.5,0.2558064516129032,105.0,-0.0006322725141445495,0.17006279686396997,0.14803952280587504,0.18184629507495248,0.151459000467373,-0.7255205892573802,0.0,0.0,0.12008367814852239,0.5,0.26161290322580644
2019-10-30,105.06390380859375,8513700.0,0.0,0.03140945539213892,12.329999923706055,1.82,1.59,0.5,0.2538709677419354,105.0,-0.005536697101289567,0.17155867564102745,0.14853997553225795,0.17604624839934874,0.15083609431895,-0.7047735922336159,-0.039999999999999813,0.0,0.12008367814852239,0.5,0.2596774193548387
2019-10-31,104.38703918457031,11589100.0,0.0,0.031613120036532084,13.220000267028809,1.58,1.53,0.5,0.2519354838709677,105.0,-0.006442408852963988,0.1622289116697065,0.14925307837105606,0.1765091818126974,0.1658700270086939,-0.7092945168612045,-0.1399999999999999,-0.24,0.12008367814852239,0.5,0.257741935483871
2019-11-01,106.79368591308594,11682600.0,0.0,0.030900703274589714,12.300000190734863,1.57,1.53,0.5,0.25,105.0,0.023055033913361056,0.157006176335183,0.15455685430145452,0.17912853875807142,0.1712717263216077,-0.708346628333163,-0.135,-0.25,0.12008367814852239,0.5,0.2558064516129032
2019-11-02,107.07779439290364,10841700.0,0.0,0.03081914751862315,12.476666768391928,1.5666666666666667,1.54,0.5,0.24966666666666668,106.66666666666667,0.0026603490401944097,0.15615739935378192,0.1540855720154693,0.17804927139154486,0.3228095652922169,-0.7074808783705259,-0.11999999999999988,-0.2533333333333334,0.12008367814852239,0.5,0.25409984639016897
2019-11-03,107.36190287272136,10000800.0,0.0,0.030737591762656582,12.65333334604899,1.5633333333333335,1.55,0.5,0.24933333333333332,108.33333333333333,0.002653290361727345,0.14764828682716621,0.15291446467697015,0.17691492310145004,0.16003056856515477,-0.7084776365326335,-0.10499999999999998,-0.2566666666666666,0.12008367814852239,0.5,0.2526221198156682
2019-11-04,107.64601135253906,9159900.0,0.0,0.030656036006690018,12.829999923706055,1.56,1.56,0.5,0.249,110.0,0.0026462690415847145,0.1470712734593771,0.14726645511911396,0.17663295087087813,0.15442881397831135,-0.7024521075692064,-0.08999999999999986,-0.33999999999999986,0.12008367814852239,0.5,0.2513732718894009
2019-11-05,107.8800048828125,13747600.0,0.0,0.03058954255317945,13.100000381469727,1.56,1.62,0.5,0.2486666666666666,110.0,0.0021737315422409864,0.14651453308931683,0.1472661715751152,0.17199146654240247,0.15428254858322696,-0.7139487996731992,0.030000000000000027,-0.33999999999999986,0.12008367814852239,0.5,0.25035330261136707
2019-11-06,108.047119140625,11231100.0,0.0,0.030542230336608963,12.619999885559082,1.55,1.58,0.5,0.2483333333333333,110.0,0.0015490753638176535,0.14602199445852976,0.14677515411509068,0.17017704301143927,0.15312296320758345,-0.7157288486470322,-0.010000000000000009,-0.30000000000000004,0.12008367814852239,0.5,0.2495622119815668
2019-11-07,108.63204956054688,13528900.0,0.0,0.03037777537429891,12.729999542236328,1.55,1.58,0.5,0.248,110.0,0.005413660489740346,0.1222492912279666,0.14641330426626128,0.1702005888199854,0.15190610747885205,-0.7180749315154638,0.0,-0.30000000000000004,0.12008367814852239,0.5,0.24899999999999997
2019-11-08,108.9495849609375,9293400.0,0.0,0.030289238836322077,12.069999694824219,1.55,1.58,0.5,0.2476666666666666,110.0,0.002923036080743735,0.1222131127712864,0.1459152326217274,0.1696334290876145,0.16509884137879052,-0.7203329376320728,-0.0033333333333334103,-0.30000000000000004,0.12008367814852239,0.5,0.24866666666666662
2019-11-09,108.82145690917969,9088600.0,0.0,0.030324986029092182,12.276666323343912,1.55,1.58,0.5,0.24733333333333327,110.0,-0.0011760306549469801,0.12031792726471857,0.14441372531398625,0.16913093327836573,0.1553051375654737,-0.7286288386196561,-0.006666666666666599,-0.30000000000000004,0.12008367814852239,0.5,0.2483333333333333
2019-11-10,108.69332885742188,8883800.0,0.0,0.030360733221862283,12.483332951863607,1.55,1.58,0.5,0.24699999999999991,110.0,-0.0011774153314704217,0.11540661037105024,0.14454394639645657,0.168616342133919,0.15143351302174687,-0.7304967128336489,-0.010000000000000009,-0.30000000000000004,0.12008367814852239,0.5,0.24799999999999997
2019-11-11,108.56520080566406,8679000.0,0.0,0.030396480414632387,12.6899995803833,1.55,1.58,0.5,0.2466666666666666,110.0,-0.0011788032725161823,0.11601058682275185,0.14440088111540084,0.1672373733939056,0.15134758749826757,-0.7300250559037922,-0.010000000000000009,-0.30000000000000004,0.12008367814852239,0.5,0.24766666666666662
2019-11-12,107.93013000488281,9099000.0,0.0,0.030575336097998826,12.680000305175781,1.55,1.58,0.5,0.2463333333333333,110.0,-0.005849671866015815,0.11904950004666695,0.14039298549232235,0.150055340071018,0.15134736276600794,-0.734917102568431,0.0,-0.30000000000000004,0.12008367814852239,0.5,0.24733333333333327
2019-11-13,107.36189270019531,8023300.0,0.0,0.030737163038054342,13.0,1.55,1.57,0.5,0.246,105.0,-0.005264862598254982,0.12153309114910199,0.1407739027584019,0.1505851747011759,0.16756876326248618,-0.7346532719471277,-0.020000000000000018,-0.30000000000000004,0.12008367814852239,0.5,0.24699999999999994
2019-11-14,107.4621810913086,8483400.0,0.0,0.030708477777833785,13.050000190734863,1.55,1.55,0.5,0.2456666666666666,105.0,0.0009341153419615278,0.0922670044478796,0.1404952706191021,0.14619445717102278,0.1648278622624595,-0.7339232842231136,-0.050000000000000044,-0.28,0.12008367814852239,0.5,0.2466666666666666
2019-11-15,108.23929595947266,10163600.0,0.0,0.030488003185419808,12.050000190734863,1.55,1.54,0.5,0.2453333333333333,110.0,0.0072315195938910115,0.09222834971659971,0.14070263786350437,0.14644046045829034,0.15139309245517163,-0.735125172468108,-0.06000000000000005,-0.28,0.12008367814852239,0.5,0.2463333333333333
2019-11-16,108.54290517171223,9692166.666666666,0.0,0.03040319852991499,12.1866668065389,1.55,1.54,0.5,0.24499999999999997,110.0,0.0028049814029948994,0.09180757170913763,0.14007195351016485,0.1464375982673842,0.17555769536256305,-0.7406833721567023,-0.06000000000000005,-0.28,0.12008367814852239,0.5,0.24599999999999994
2019-11-17,108.84651438395183,9220733.333333334,0.0,0.030318393874410175,12.323333422342936,1.55,1.54,0.5,0.24466666666666662,110.0,0.0027971354899640755,0.09177847003027134,0.13901591318003284,0.14643477513521178,0.15522181050962783,-0.7389498724510322,-0.06000000000000005,-0.28,0.12008367814852239,0.5,0.24566666666666662
2019-11-18,109.1501235961914,8749300.0,0.0,0.030233589218905357,12.460000038146973,1.55,1.54,0.5,0.2443333333333333,110.0,0.002789333346666645,0.0902066708409236,0.1386895334856378,0.14425711634744495,0.15471488222266636,-0.7388574413325658,-0.050000000000000044,-0.27,0.12008367814852239,0.5,0.24533333333333326
2019-11-19,109.1167221069336,8824500.0,0.0,0.030242843959022374,12.859999656677246,1.55,1.54,0.5,0.244,110.0,-0.00030601421379405913,0.0888300461900949,0.13824959999621642,0.1443186809094712,0.15468156559810967,-0.738909740633381,-0.050000000000000044,-0.27,0.12008367814852239,0.5,0.24499999999999994
2019-11-20,108.32286834716797,11782800.0,0.0,0.030464481326544158,12.779999732971191,1.55,1.54,0.5,0.2436666666666666,110.0,-0.007275271328143984,0.09100181990151955,0.13943393936089968,0.14454612870092565,0.15075006403928676,-0.7322760720700457,0.010000000000000009,-0.030000000000000027,0.12008367814852239,0.5,0.24466666666666662
2019-11-21,108.57353973388672,7705500.0,0.0,0.030394145830450824,13.130000114440918,1.55,1.55,0.5,0.2433333333333333,110.0,0.002314113266603801,0.08750820852733447,0.13940013723860264,0.1370276083750428,0.17616792792873542,-0.7310836711713511,0.020000000000000018,-0.020000000000000018,0.12008367814852239,0.5,0.2443333333333333
2019-11-22,109.29218292236328,8167900.0,0.0,0.0301942912270696,12.34000015258789,1.55,1.56,0.5,0.243,110.0,0.006618953294126317,0.088759375224079,0.13972626187833406,0.13721116705088388,0.15396927348345882,-0.73341268603709,0.020000000000000018,-0.016666666666666607,0.12008367814852239,0.5,0.24399999999999997
2019-11-23,109.48716990152995,8801433.333333334,0.0,0.03014070871274839,12.183333396911621,1.55,1.5666666666666667,0.5,0.24266666666666667,110.0,0.0017840889801348236,0.0885171150191423,0.13625687627995037,0.13721415905305562,0.17182222564028873,-0.7171302925631718,0.016666666666666607,-0.01333333333333342,0.12008367814852239,0.5,0.24366666666666664
2019-11-24,109.68215688069661,9434966.666666666,0.0,0.03008712619842718,12.026666641235352,1.55,1.5733333333333335,0.5,0.24233333333333332,110.0,0.0017809116752403042,0.08641799005225811,0.13603620754834275,0.13721705410197366,0.15275334066607227,-0.7182622912106632,0.01333333333333342,-0.010000000000000009,0.12008367814852239,0.5,0.24333333333333332
2019-11-25,109.87714385986328,10068500.0,0.0,0.03003354368410597,11.869999885559082,1.55,1.58,0.5,0.242,110.0,0.001777745667226105,0.08642612795695417,0.1343789715754318,0.13544733998316968,0.15229431367317484,-0.7228547267992553,-0.040000000000000036,-0.010000000000000009,0.12008367814852239,0.5,0.24299999999999997
2019-11-26,110.02755737304688,10490700.0,0.0,0.029992486235165584,11.539999961853027,1.55,1.59,0.5,0.2416666666666666,110.0,0.0013689244905694675,0.08642556448373159,0.13415134957535865,0.13486877001729206,0.1522782653889758,-0.7490325687711574,0.010000000000000009,0.0,0.12008367814852239,0.5,0.24266666666666664
2019-11-27,110.35346221923828,6607900.0,0.0,0.029903909978319647,11.75,1.55,1.6,0.5,0.2413333333333333,110.0,0.002962029276778688,0.0865460405875654,0.1340943331880319,0.13056364875007287,0.1516164437446261,-0.7495617677143803,0.020000000000000018,0.0,0.12008367814852239,0.5,0.2423333333333333
2019-11-28,110.22810363769531,6159950.0,0.0,0.02993795737410037,12.184999942779541,1.555,1.6,0.5,0.24099999999999994,110.0,-0.0011359732537790102,0.08666275551473161,0.13418314947736412,0.13053440677130704,0.155113139602389,-0.7524438618480583,0.020000000000000018,0.004999999999999893,0.12008367814852239,0.5,0.242
2019-11-29,110.10274505615234,5712000.0,0.0,0.029972004769881093,12.619999885559082,1.56,1.6,0.5,0.2406666666666666,110.0,-0.0011372651565793035,0.08449658935512254,0.13427144982217523,0.1303687883821885,0.1513811297232037,-0.7554360971642207,0.020000000000000018,0.010000000000000009,0.12008367814852239,0.5,0.24166666666666664
2019-11-30,110.02197011311848,6679866.666666667,0.0,0.029994041705229547,13.383333206176758,1.56,1.6,0.5,0.24130465949820784,110.0,-0.0007336324175447606,0.0813410417512125,0.1275440121021642,0.13017393509696823,0.1512982361557426,-0.7223174625086007,0.020000000000000018,0.010000000000000009,0.12008367814852239,0.5,0.24147209421402965
2019-12-01,109.94119517008464,7647733.333333334,0.0,0.030016078640578002,14.146666526794434,1.56,1.6,0.5,0.24194265232974907,110.0,-0.0007341710292116943,0.051601620493714445,0.11888816349001889,0.1299766152722021,0.15090443142379276,-0.679444086399993,0.020000000000000018,0.010000000000000009,0.12008367814852239,0.5,0.24141628264208906
2019-12-02,109.86042022705078,8615600.0,0.0,0.030038115575926456,14.90999984741211,1.56,1.6,0.5,0.2425806451612903,110.0,-0.0007347104323260911,0.051573499400294154,0.11879598586370317,0.12977679640437012,0.15089603368751456,-0.7197070913404331,0.020000000000000018,0.010000000000000009,0.12008367814852239,0.5,0.24149923195084483
2019-12-03,108.44820404052734,10361300.0,0.0,0.0304292729344488,15.960000038146973,1.55,1.57,0.5,0.2451612903225806,110.0,-0.012854640311813714,0.06492051999537628,0.11643914214050766,0.13115614347690183,0.15089625776014384,-0.6978704369399251,0.0,0.0,0.12008367814852239,0.5,0.24199846390168966
2019-12-04,110.58741760253906,10318200.0,0.0,0.02984064617423739,14.800000190734863,1.55,1.56,0.5,0.2477419354838709,110.0,0.019725670710160292,0.08537263754852396,0.12164701998623781,0.12992805558185513,0.22114130647392452,-0.7139511621587339,0.010000000000000009,0.0,0.12008367814852239,0.5,0.24291397849462362
2019-12-05,111.18907165527344,9587400.0,0.0,0.029679175757768714,14.520000457763672,1.55,1.56,0.5,0.2503225806451613,110.0,0.005440529002103789,0.08631013955178377,0.12162318454749291,0.13006109100511695,0.2881542826326897,-0.7136533250602364,0.020000000000000018,0.0,0.12008367814852239,0.5,0.24424577572964662
2019-12-06,112.84362030029297,10170600.0,0.0,0.029244010350059926,13.619999885559082,1.55,1.57,0.5,0.2529032258064516,115.0,0.014880496980397728,0.09509172780202957,0.12398514291672917,0.13141060214927805,0.16924023849735229,-0.7211681634055339,0.030000000000000027,0.0,0.12008367814852239,0.5,0.24599385560675877
2019-12-07,112.6681391398112,9613133.333333334,0.0,0.029289700359537697,14.366666475931803,1.55,1.5666666666666667,0.5,0.2554838709677419,113.33333333333333,-0.0015550826888998115,0.09471633412103334,0.11261953092759643,0.13113001335228436,0.23872463930214144,-0.6541595827176611,0.026666666666666616,0.0,0.12008367814852239,0.5,0.24801945724526364
2019-12-08,112.49265797932942,9055666.666666666,0.0,0.029335390369015463,15.113333066304525,1.55,1.5633333333333335,0.5,0.2580645161290322,111.66666666666667,-0.0015575047375551154,0.09490566166004824,0.11269145223183157,0.13083534481644976,0.15436590520910912,-0.6701662653368436,0.023333333333333428,0.0,0.12008367814852239,0.5,0.2503225806451613
2019-12-09,112.31717681884766,8498200.0,0.0,0.029381080378493234,15.859999656677246,1.55,1.56,0.5,0.2606451612903225,110.0,-0.0015599343426840884,0.09499113104383641,0.11071208670234288,0.12965236074877104,0.15195156607022003,-0.6564921893976436,0.020000000000000018,0.0,0.12008367814852239,0.5,0.2529032258064516
2019-12-10,112.39237213134766,7532900.0,0.0,0.029361423176863334,15.680000305175781,1.55,1.56,0.5,0.2632258064516128,110.0,0.0006694907638329362,0.09476455015380024,0.10683753920146595,0.1296491663528226,0.15190111083804045,-0.6211703206742041,0.020000000000000018,0.0,0.12008367814852239,0.5,0.2554838709677419
2019-12-11,112.125,9011900.0,0.0,0.0294314381270903,14.989999771118164,1.55,1.55,0.5,0.2658064516129032,110.0,-0.0023789170588479625,0.09508109333863941,0.10725064793454038,0.12959348022550024,0.15087088946524105,-0.5987607647285218,0.0,0.0,0.12008367814852239,0.5,0.2580645161290322
2019-12-12,115.33380889892578,13717400.0,0.0,0.028612598781784758,13.9399995803833,1.55,1.55,0.5,0.2683870967741935,115.0,0.02861813956678505,0.12118643385444275,0.11953411487638035,0.13377586749668788,0.15353637588063254,-0.6342944851602456,-0.010000000000000009,0.0,0.12008367814852239,0.5,0.2606451612903225
2019-12-13,114.32272338867188,10592100.0,0.0,0.028865652445846067,12.630000114440918,1.55,1.54,0.5,0.2709677419354839,115.0,-0.008766601223930692,0.12348959689433092,0.12184107551483113,0.13469608747421766,0.3839336118314312,-0.5409378359460782,-0.026666666666666616,0.0,0.12008367814852239,0.5,0.26322580645161286
2019-12-14,114.47034708658855,10852066.666666666,0.0,0.0288285223775878,12.46666685740153,1.5533333333333335,1.54,0.5,0.2735483870967742,115.0,0.001291289199040424,0.12346479317513802,0.10807376780208426,0.13447818677889298,0.19394080855833995,-0.5025464212699329,-0.03333333333333344,0.0033333333333334103,0.12008367814852239,0.5,0.26580645161290317
2019-12-15,114.6179707845052,11112033.333333334,0.0,0.02879139230932953,12.303333600362143,1.5566666666666666,1.54,0.5,0.2761290322580645,115.0,0.00128962392159937,0.1225285028358643,0.10767665195680338,0.13425480128061026,0.15256956462003352,-0.5005454608357075,-0.040000000000000036,0.006666666666666599,0.12008367814852239,0.5,0.26838709677419353
2019-12-16,114.76559448242188,11372000.0,0.0,0.028754262241071263,12.140000343322754,1.56,1.54,0.5,0.2787096774193548,115.0,0.0012879629337900766,0.1225112525978369,0.10747229908569497,0.13378929065873868,0.1515142702575095,-0.5029383549044186,-0.050000000000000044,0.010000000000000009,0.12008367814852239,0.5,0.27096774193548384
2019-12-17,115.46749114990234,11546800.0,0.0,0.028579472604249017,12.289999961853027,1.55,1.53,0.5,0.2812903225806452,115.0,0.006115915406929462,0.12310320600183923,0.10776314414210764,0.13326629796065118,0.15148840425278917,-0.5002354440529209,-0.07000000000000006,0.0,0.12008367814852239,0.5,0.2735483870967742
2019-12-18,115.35052490234375,10381500.0,0.0,0.02860845239147194,12.579999923706055,1.55,1.54,0.5,0.2838709677419355,115.0,-0.0010129798993099293,0.12337617252190103,0.10724394435917116,0.13309206951798433,0.1688551930778275,-0.5044545470651239,-0.06000000000000005,-0.004999999999999893,0.12008367814852239,0.5,0.2761290322580645
2019-12-19,114.77396392822266,9350400.0,0.0,0.0287521654481129,12.5,1.55,1.52,0.5,0.2864516129032258,115.0,-0.004998338539067837,0.12483281423772266,0.10747048838801651,0.13322188812796829,0.15157252154230486,-0.5001027133708794,-0.08000000000000007,-0.010000000000000009,0.12008367814852239,0.5,0.2787096774193548
2019-12-20,114.68202209472656,9447400.0,0.0,0.028775216374142955,12.510000228881836,1.55,1.52,0.5,0.2890322580645161,115.0,-0.0008010687297825836,0.12215938952189671,0.10682347509944277,0.1332554005805501,0.1631638002030895,-0.5019355749932204,-0.08000000000000007,-0.010000000000000009,0.12008367814852239,0.5,0.2812903225806452
2019-12-21,114.67086791992188,9544400.0,0.0,0.028778015919071236,12.543333371480307,1.55,1.5233333333333334,0.5,0.2916129032258064,115.0,-9.726175559998662e-05,0.12228856910171211,0.10549392126054309,0.13325693796490634,0.15123400758697725,-0.5310028637972021,-0.07666666666666666,-0.010000000000000009,0.12008367814852239,0.5,0.28387096774193543
2019-12-22,114.65971374511719,9641400.0,0.0,0.02878081546399952,12.576666514078775,1.55,1.5266666666666666,0.5,0.29419354838709677,115.0,-9.727121636926572e-05,0.12155367856261796,0.1055259110159872,0.13325847517366207,0.15062812728254593,-0.5318116974935427,-0.07333333333333347,-0.010000000000000009,0.12008367814852239,0.5,0.28645161290322585
2019-12-23,114.6485595703125,9738400.0,0.0,0.0287836150089278,12.609999656677246,1.55,1.53,0.5,0.2967741935483871,115.0,-9.728067897918358e-05,0.12165095831547612,0.10547674124955868,0.1309225512321831,0.15061456633069217,-0.5365678877823878,-0.040000000000000036,0.0,0.12008367814852239,0.5,0.2890322580645161
2019-12-24,114.96614837646484,3324300.0,0.0,0.02870410156904548,12.670000076293945,1.55,1.53,0.5,0.2993548387096774,115.0,0.0027701072507375635,0.12170176923142274,0.10466048518971877,0.13076924605811427,0.15061426435127892,-0.5250525956696619,-0.030000000000000027,0.0,0.12008367814852239,0.5,0.2916129032258064
2019-12-25,115.57615280151367,5047600.0,0.0,0.02855339834077686,12.65999984741211,1.55,1.53,0.5,0.3019354838709677,115.0,0.005305948173990549,0.12217956420097056,0.10495320867713409,0.12978267635259605,0.1545372022437519,-0.523963261161405,-0.030000000000000027,0.0,0.12008367814852239,0.5,0.2941935483870967
2019-12-26,116.1861572265625,6770900.0,0.0,0.028402695112508234,12.649999618530273,1.55,1.53,0.5,0.304516129032258,115.0,0.005277943678367869,0.12261260068905872,0.10522998396994224,0.1297339913755254,0.16460933405681388,-0.5228660094903325,-0.040000000000000036,0.0,0.12008367814852239,0.5,0.2967741935483871
2019-12-27,116.26973724365234,7868200.0,0.0,0.028382277953244113,13.430000305175781,1.55,1.51,0.5,0.3070967741935484,115.0,0.0007193629523942757,0.12260304046024421,0.10524325063366637,0.12970546467568492,0.16468752030740708,-0.5167055322694127,-0.05666666666666664,0.0,0.12008367814852239,0.5,0.2993548387096774
2019-12-28,116.12768046061198,7566466.666666667,0.0,0.028417082605841405,13.893333435058594,1.55,1.53,0.5,0.3096774193548387,115.0,-0.001221786394362212,0.12262081356183681,0.10530330639665315,0.12976988000127304,0.15120610898875014,-0.5185750969980474,-0.03333333333333344,0.0,0.12008367814852239,0.5,0.3019354838709677
2019-12-29,115.98562367757161,7264733.333333333,0.0,0.028451887258438696,14.356666564941406,1.55,1.55,0.5,0.312258064516129,115.0,-0.0012232809824230806,0.12263861709849486,0.10442182166393557,0.12983405209097323,0.15139768486305663,-0.5695930126341064,-0.010000000000000009,0.0,0.12008367814852239,0.5,0.30451612903225805
2019-12-30,115.84356689453125,6963000.0,0.0,0.028486691911035988,14.819999694824219,1.55,1.57,0.5,0.3148387096774193,115.0,-0.00122477923156461,0.12273286441289859,0.10322890714513329,0.12534773905914123,0.15140385522550756,-0.5572516641719362,0.010000000000000009,0.0,0.12008367814852239,0.5,0.30709677419354836
2019-12-31,116.48696899414062,7201600.0,0.0,0.02832934901212849,13.779999732971191,1.55,1.59,0.5,0.3174193548387097,115.0,0.0055540598140866315,0.12298970570627976,0.09382341374814657,0.11969499023358049,0.15140589372893049,-0.5219226003979577,0.040000000000000036,0.0,0.12008367814852239,0.5,0.30967741935483867
2020-01-01,117.19308471679688,9002650.0,0.0,0.02815968035724772,13.125,1.55,1.5750000000000002,0.5,0.31790322580645164,117.5,0.006061757196994089,0.12328316019343401,0.0942654493214473,0.11967216014729853,0.1658115045897805,-0.530281240978335,0.025000000000000133,0.0,0.12008367814852239,0.5,0.31195852534562213
2020-01-02,117.89920043945312,10803700.0,0.0,0.02799001170236695,12.470000267028809,1.55,1.56,0.5,0.3183870967741936,120.0,0.006025233693290222,0.1150854072597914,0.0946898362967438,0.11546668289202446,0.16885269214182733,-0.5382113723539236,0.020000000000000018,0.0,0.12107973931834959,0.5,0.31394009216589863
2020-01-03,116.34335327148438,10386800.0,0.9,0.029223843944622976,14.020000457763672,1.55,1.55,0.5,0.3167741935483871,115.0,-0.01319641831470908,0.11286755860427995,0.0994199216227936,0.11827904434672133,0.16871705096891307,-0.5885708904344155,0.010000000000000009,-0.0033333333333334103,0.1204792514157007,0.5,0.3153225806451613
2020-01-04,116.31251780192058,10344200.0,0.6000000000000001,0.029231595552243996,13.96333376566569,1.55,1.5466666666666666,0.5,0.3151612903225806,115.0,-0.0002650385148504908,0.11243565365355879,0.09945356878970898,0.11824948147416511,0.22461740172166927,-0.5897949640647165,0.006666666666666599,-0.006666666666666599,0.11992189073988713,0.5,0.3161059907834101
2020-01-05,116.28168233235677,10301600.0,0.30000000000000004,0.02923934715986502,13.906667073567709,1.55,1.5433333333333334,0.5,0.3135483870967742,115.0,-0.00026510877888763495,0.10523023066345265,0.0995001104100127,0.1182198214087808,0.15269074267243765,-0.5919818068135297,0.0033333333333334103,-0.010000000000000009,0.11974153637272678,0.5,0.31629032258064516
2020-01-06,116.25084686279297,10259000.0,0.0,0.02924709876748604,13.850000381469727,1.55,1.54,0.5,0.3119354838709677,115.0,-0.000265179080189637,0.10502397637608918,0.09916156248956845,0.11066112173024358,0.15069257438418096,-0.5953201340961672,0.010000000000000009,0.0,0.11995849448917961,0.5,0.31587557603686633
2020-01-07,114.27450561523438,10531300.0,0.0,0.029752918043223924,13.789999961853027,1.55,1.53,0.5,0.3103225806451613,115.0,-0.017000661078118484,0.11737164029971267,0.10591222393282249,0.11509584572168755,0.150647656309996,-0.5513240569707145,-0.010000000000000009,0.0,0.1205727778650123,0.5,0.31486175115207377
2020-01-08,115.16598510742188,9695300.0,0.0,0.029522605974573367,13.449999809265137,1.55,1.55,0.5,0.3087096774193548,115.0,0.007801210667138125,0.11903563971327685,0.10678447203389517,0.1137654204106423,0.2621729173926378,-0.5549326295800383,0.030000000000000027,0.0,0.12118845671331946,0.5,0.3135483870967742
2020-01-09,115.5864486694336,9469000.0,0.0,0.0294152129348976,12.539999961853027,1.55,1.54,0.5,0.3070967741935484,115.0,0.003650935314099213,0.11931162901726623,0.10683238804442416,0.11106161757792611,0.18212713523648866,-0.5519490797847788,0.020000000000000018,0.0,0.12181920491811393,0.5,0.31193548387096776
2020-01-10,114.434326171875,10190900.0,0.0,0.029711364707940512,12.5600004196167,1.54,1.53,0.5,0.3054838709677419,115.0,-0.009967626056697654,0.1231465569032049,0.10912219889408459,0.11283971810288995,0.1581061934025183,-0.5400315324391074,0.006666666666666599,-0.010000000000000009,0.12248294899507517,0.5,0.3103225806451612
2020-01-11,114.75108337402344,10912333.333333334,0.0,0.029629800192934964,12.480000178019205,1.54,1.53,0.5,0.3038709677419354,115.0,0.0027680261049702892,0.0917936718798934,0.10827407251064634,0.112839484918142,0.19609457447842188,-0.5449983321996453,0.0033333333333334103,-0.010000000000000009,0.12316298616900312,0.5,0.3087096774193548
2020-01-12,115.06784057617188,11633766.666666666,0.0,0.029548235677929413,12.399999936421713,1.54,1.53,0.5,0.30225806451612897,115.0,0.0027603852864377387,0.08839448524228685,0.10752678283568479,0.11283807993342075,0.1556668950730154,-0.5416779440215702,0.0,-0.010000000000000009,0.12389335640522559,0.5,0.30709677419354836
2020-01-13,115.38459777832031,12355200.0,0.0,0.029466671162923865,12.319999694824219,1.54,1.53,0.5,0.3006451612903225,115.0,0.002752786534989893,0.08864917844847525,0.107575152278399,0.1025584060326388,0.15462188909523678,-0.5418314260896091,0.0,-0.010000000000000009,0.12462098061240012,0.5,0.3054838709677418
2020-01-14,116.73025512695312,14324300.0,0.0,0.0291269816578593,12.390000343322754,1.54,1.53,0.5,0.2990322580645161,115.0,0.011662365467686842,0.09452106286877793,0.10899108633179203,0.1037015062040612,0.15457732943684133,-0.5192436663025638,0.0,-0.010000000000000009,0.125346039896151,0.5,0.30387096774193545
2020-01-15,114.98094940185547,16293400.0,0.0,0.029570115899087663,12.420000076293945,1.54,1.54,0.5,0.2974193548387097,115.0,-0.014985881108502297,0.10486445503030453,0.11396923784205928,0.10723359436357693,0.20920724450085773,-0.49945932525805714,0.010000000000000009,-0.010000000000000009,0.12606839355991273,0.5,0.30225806451612897
2020-01-16,115.42668151855469,10783800.0,0.0,0.02945592782595465,12.319999694824219,1.54,1.54,0.5,0.2958064516129032,115.0,0.00387657363257099,0.10394500070598968,0.11406442562695523,0.10730688988189761,0.24261888774836787,-0.5014337749229588,0.030000000000000027,-0.010000000000000009,0.1267880359798963,0.5,0.30064516129032254
2020-01-17,116.22560119628906,14697700.0,0.0,0.029253451606224584,12.100000381469727,1.55,1.56,0.5,0.2941935483870967,115.0,0.006921447166493788,0.10579487924889618,0.11465250046980946,0.10709311590031018,0.16073595863265502,-0.5048891308366837,0.030000000000000027,0.0,0.12752765563982038,0.5,0.29903225806451605
2020-01-18,115.93966102600098,13141825.0,0.0,0.029326136722280734,12.287500381469727,1.55,1.5550000000000002,0.5,0.29258064516129023,115.0,-0.002460216745234778,0.10494789479904847,0.11484629076949344,0.10669518077561845,0.17379735436076454,-0.5063767327592782,0.0050000000000001155,0.0,0.12827489250189106,0.5,0.2974193548387096
2020-01-19,115.65372085571289,11585950.0,0.0,0.029398821838336885,12.475000381469727,1.55,1.55,0.5,0.2909677419354838,115.0,-0.002466284339264768,0.10521608382315649,0.1137743136432708,0.10627502661922286,0.1542774646810149,-0.5161766697859508,-0.020000000000000018,0.0,0.12901503558574512,0.5,0.2958064516129032
2020-01-20,115.3677806854248,10030075.0,0.0,0.02947150695439304,12.662500381469727,1.55,1.5450000000000002,0.5,0.2893548387096774,115.0,-0.0024723819361144317,0.10551576463421787,0.11397782862205237,0.10542052455937008,0.15382842398419297,-0.5213252141903375,-0.04499999999999993,0.0,0.12976734802319756,0.5,0.2941935483870967
2020-01-21,115.08184051513672,8474200.0,0.0,0.02954419207044919,12.850000381469727,1.55,1.54,0.5,0.2877419354838709,115.0,-0.0024785097588707616,0.10580042589788706,0.11359553041650662,0.10556003560872158,0.15383376676780208,-0.5151385360922885,-0.03500000000000014,0.0,0.13053199809446636,0.5,0.2925806451612903
2020-01-22,114.94731140136719,7549100.0,0.0,0.02957876925131422,12.90999984741211,1.55,1.55,0.5,0.2861290322580645,115.0,-0.0011689864636100777,0.1058654158969117,0.11365426773607228,0.10558427174969909,0.15384938761564323,-0.5149900848888412,-0.010000000000000009,0.0,0.1313092591617877,0.5,0.2909677419354838
2020-01-23,114.82954406738281,9345700.0,0.0,0.029609104761444106,12.979999542236328,1.55,1.55,0.5,0.2845161290322581,115.0,-0.001024533175666531,0.10560148384294614,0.11369753313074672,0.1049895529001167,0.1513917560068312,-0.5148805674212965,0.0,0.0,0.1320833176741265,0.5,0.28935483870967743
2020-01-24,111.97860717773438,15166400.0,0.0,0.030362942402055972,14.5600004196167,1.55,1.55,0.5,0.2829032258064516,110.0,-0.02482755559819594,0.12693127076986754,0.12544924348979977,0.1137089053765661,0.15117207049327153,-0.5839726877370972,0.0033333333333334103,0.0,0.1328981230530466,0.5,0.2877419354838709
2020-01-25,111.66462961832683,14397766.666666666,0.0,0.03044879946320086,15.783333460489908,1.55,1.5433333333333334,0.5,0.2812903225806451,110.0,-0.0028039066328909845,0.12558870350624762,0.12559146302104096,0.11385243237614094,0.34883720390017264,-0.577798428719091,0.0,0.0,0.133714009982006,0.5,0.2861290322580645
2020-01-26,111.35065205891927,13629133.333333334,0.0,0.030534656524345748,17.006666501363117,1.55,1.5366666666666666,0.5,0.2796774193548387,110.0,-0.0028117906312925545,0.12550705658236677,0.12561641419612524,0.11399188884272188,0.16164637036786106,-0.5740539759949037,-0.0033333333333334103,0.0,0.13454734147933256,0.5,0.28451612903225804
2020-01-27,111.03667449951172,12860500.0,0.0,0.030620513585490637,18.229999542236328,1.55,1.53,0.5,0.2780645161290322,110.0,-0.0028197190910154157,0.12556862144950406,0.12573773934594062,0.11411662046455448,0.1549256392954096,-0.5690960455308282,0.0,0.0,0.13537972785178942,0.5,0.2829032258064516
2020-01-28,113.0550537109375,13062800.0,0.0,0.030073843569109443,16.280000686645508,1.55,1.53,0.5,0.2764516129032258,115.0,0.01817759060709845,0.1377200817189218,0.13093693156795583,0.11731560151660442,0.15479486675009502,-0.6120336000246508,-0.020000000000000018,0.0,0.13621124915068417,0.5,0.2812903225806451
2020-01-29,112.88687896728516,9326000.0,0.0,0.030118646481362348,16.389999389648438,1.55,1.51,0.5,0.2748387096774193,115.0,-0.0014875473331987799,0.137728376988912,0.13097498894348236,0.1167356879273232,0.2711837402607614,-0.6152561759751114,-0.030000000000000027,0.0,0.13704187369540377,0.5,0.2796774193548387
2020-01-30,114.28291320800781,9048900.0,0.0,0.029750729173412094,15.489999771118164,1.6,1.48,0.5,0.2732258064516129,115.0,0.012366665227118379,0.14178559577532693,0.1331826555681468,0.1123929457564171,0.15545511246322977,-0.6310524354437529,-0.050000000000000044,0.06000000000000005,0.13784223566664022,0.5,0.2780645161290322
2020-01-31,111.31421661376953,12785200.0,0.0,0.030544166804830405,18.84000015258789,1.59,1.45,0.5,0.2716129032258064,110.0,-0.02597673187447469,0.15856855310684975,0.14418269473168568,0.12112322291331673,0.21535412611311733,-0.7003917861737242,-0.08000000000000007,0.050000000000000044,0.13865843886214146,0.5,0.2764516129032258
2020-02-01,111.59734853108723,11863833.333333334,0.0,0.03046706489693067,18.549999872843426,1.59,1.4533333333333334,0.5,0.2860177975528364,110.0,0.002543537797153883,0.1574155117205204,0.14161648187924797,0.121117683762278,0.36292841360888317,-0.6915228518260453,-0.07666666666666666,0.050000000000000044,0.13950849345032834,0.5,0.27712696647068163
2020-02-02,111.88048044840495,10942466.666666666,0.0,0.030389962989030933,18.259999593098957,1.59,1.4566666666666666,0.5,0.3004226918798665,110.0,0.0025370846265120317,0.15405474262025523,0.1360207038618411,0.12111218701691548,0.1616461576685125,-0.67625034867042,-0.07333333333333347,0.050000000000000044,0.14028617076553695,0.5,0.28009057683139993
2020-02-03,112.16361236572266,10021100.0,0.0,0.0303128610811312,17.969999313354492,1.59,1.46,0.5,0.3148275862068965,110.0,0.0025306641174844824,0.1544305093255281,0.1356737835916296,0.12112815964588361,0.15416148311799788,-0.6754794881407432,-0.07000000000000006,0.050000000000000044,0.1410126902722446,0.5,0.28534244398538056
2020-02-04,113.77832794189453,9157100.0,0.0,0.029882668004546056,16.049999237060547,1.59,1.48,0.5,0.3372413793103448,115.0,0.0143960732194226,0.16083666308897102,0.1354573149777627,0.12331821529839822,0.1539736517225086,-0.6843023044225797,-0.06000000000000005,0.050000000000000044,0.1416880081323444,0.5,0.29402669632925466
2020-02-05,115.71260070800781,10150700.0,0.0,0.029383143920338018,15.149999618530273,1.59,1.49,0.5,0.3596551724137931,115.0,0.017000362029411242,0.16872508736444697,0.13966509241141703,0.12604792760924954,0.23389268866233653,-0.6940102985606094,-0.050000000000000044,0.050000000000000044,0.1423120177802042,0.5,0.30614333386302234
2020-02-06,115.72942352294922,8992300.0,0.0,0.02937887268854993,14.960000038146973,1.59,1.51,0.5,0.3820689655172413,115.0,0.00014538446840250963,0.1608519088640801,0.1396043532130081,0.125995217673249,0.2605926960488015,-0.6951965211272269,-0.050000000000000044,0.040000000000000036,0.14302897499691336,0.5,0.32169235658668355
2020-02-07,115.3593978881836,6379800.0,0.0,0.029473108062644165,15.470000267028809,1.58,1.49,0.5,0.4044827586206896,115.0,-0.00319733412214096,0.15963475497265617,0.13974693836851926,0.12612485337632548,0.15393728627926245,-0.6980825622306154,-0.06500000000000017,0.030000000000000027,0.14376734857249596,0.5,0.34067376450023834
2020-02-08,115.51918284098308,6240100.0,0.0,0.02943245362646471,15.326666831970215,1.58,1.4766666666666666,0.5,0.4268965517241379,115.0,0.001385105641365847,0.15932738254143836,0.13975950825268263,0.12609266689104218,0.15592346981078942,-0.6983395145854806,-0.07333333333333347,0.030000000000000027,0.14436540304168166,0.5,0.3607993008104242
2020-02-09,115.67896779378255,6100400.0,0.0,0.029391799190285256,15.183333396911621,1.58,1.4633333333333334,0.5,0.44931034482758614,115.0,0.0013831897774019275,0.1565119341742298,0.13964575753583233,0.1260587457841348,0.1517221382432519,-0.7081716055566328,-0.08166666666666678,0.030000000000000027,0.14502414143619236,0.5,0.3820689655172413
2020-02-10,115.83875274658203,5960700.0,0.0,0.0293511447541058,15.039999961853027,1.58,1.45,0.5,0.4717241379310344,115.0,0.0013812792061242973,0.15637859093388012,0.12718682818625782,0.12557129328837796,0.1516242265089137,-0.7100722658358816,-0.09000000000000008,0.030000000000000027,0.1456988011758369,0.5,0.4044827586206896
2020-02-11,116.05743408203125,6578600.0,0.0,0.02929583983044831,15.180000305175781,1.58,1.48,0.5,0.4941379310344827,115.0,0.0018878080975857081,0.1562807774311816,0.12587986383666105,0.12516320123983382,0.15161931619453872,-0.7685027009634772,-0.07000000000000006,0.030000000000000027,0.14638945248493296,0.5,0.42689655172413793
2020-02-12,116.05743408203125,7958000.0,0.0,0.02929583983044831,13.739999771118164,1.58,1.49,0.5,0.516551724137931,115.0,0.0,0.15610721259655203,0.1258621299181798,0.12517150829347123,0.1524700130651705,-0.744647072678269,-0.06000000000000005,0.030000000000000027,0.14709609535474688,0.5,0.44931034482758614
2020-02-13,115.95649719238281,7447500.0,0.0,0.029321341040158176,14.149999618530273,1.58,1.48,0.5,0.5389655172413793,115.0,-0.0008697149859189235,0.15233112571448754,0.12586228736558658,0.12474008842928846,0.15065104075665897,-0.7440944752651546,-0.07000000000000006,0.030000000000000027,0.14782224174258896,0.5,0.47172413793103446
2020-02-14,115.60330963134766,6627600.0,0.0,0.029410922670314595,13.680000305175781,1.58,1.49,0.5,0.5613793103448276,115.0,-0.0030458626259569632,0.14597554645645427,0.12601514230004668,0.1248539262043464,0.15100330462752878,-0.7362070523259246,-0.053333333333333455,0.030000000000000027,0.1486218718807375,0.5,0.4941379310344827
2020-02-15,115.22064781188965,7219800.0,0.0,0.029509582918517477,13.96750020980835,1.5825,1.485,0.5,0.5837931034482758,115.0,-0.003310128582635685,0.145882905821608,0.12558431577060378,0.12498234936206278,0.1553812323178758,-0.7425767574126158,-0.05166666666666653,0.03249999999999997,0.14943534724249363,0.5,0.516551724137931
2020-02-16,114.83798599243164,7812000.0,0.0,0.029608243166720356,14.255000114440918,1.585,1.48,0.5,0.6062068965517241,115.0,-0.003321121923240189,0.14465026378744483,0.12575060612595818,0.12510261804330164,0.1563254162793057,-0.7432161431812452,-0.050000000000000044,0.03499999999999992,0.15022555448499442,0.5,0.5389655172413793
2020-02-17,114.45532417297363,8404200.0,0.0,0.029706903414923238,14.542500019073486,1.5875000000000001,1.475,0.5,0.6286206896551724,115.0,-0.0033321885276116348,0.14478078303183245,0.1255165944085403,0.12526509868859423,0.1563831360687039,-0.747812275993112,-0.05499999999999994,0.03750000000000009,0.1510160810587451,0.5,0.5613793103448276
2020-02-18,114.07266235351562,8996400.0,0.0,0.02980556366312612,14.829999923706055,1.59,1.47,0.5,0.6510344827586206,115.0,-0.00334332913058466,0.14491085735485063,0.12569051219555913,0.12473877837655564,0.1564214779909688,-0.7484214752476953,-0.040000000000000036,0.040000000000000036,0.15180686084436767,0.5,0.5837931034482758
2020-02-19,115.62852478027344,7071200.0,0.0,0.029404509021116996,14.380000114440918,1.59,1.47,0.5,0.6734482758620689,115.0,0.01363922253288119,0.15031320743909168,0.12875954255032585,0.12658489867770997,0.1564597509617929,-0.7454366427063707,-0.010000000000000009,-0.010000000000000009,0.15259801694315112,0.5,0.606206896551724
2020-02-20,115.62852478027344,7422800.0,0.0,0.029404509021116996,15.5600004196167,1.59,1.46,0.5,0.6958620689655172,115.0,0.0,0.1501183460329218,0.12875893571392458,0.12619535765741502,0.22686625821444623,-0.73332779772731,0.010000000000000009,0.0,0.15338953633846275,0.5,0.6286206896551724
2020-02-21,114.21564483642578,9772800.0,0.0,0.02976825114343415,17.079999923706055,1.58,1.43,0.5,0.7182758620689654,115.0,-0.012219129721948163,0.15437546562274967,0.13125716396441858,0.12801537948732128,0.15272896782196907,-0.7446981775521554,-0.023333333333333428,-0.010000000000000009,0.15419483751909713,0.5,0.6510344827586206
2020-02-22,113.19243621826172,11054666.666666666,0.0,0.030042297226205543,19.730000178019207,1.58,1.4033333333333333,0.5,0.7406896551724137,113.33333333333333,-0.008958567975774767,0.15645585743846885,0.13238373201679318,0.12897009920108393,0.21534250978081632,-0.7367756297172472,-0.05333333333333323,-0.010000000000000009,0.15499490497135637,0.5,0.6734482758620689
2020-02-23,112.16922760009766,12336533.333333334,0.0,0.03031634330897694,22.380000432332356,1.58,1.3766666666666667,0.5,0.7631034482758621,111.66666666666667,-0.009039549393486612,0.14057526731370448,0.13308461176281175,0.129906286347907,0.18946318968569534,-0.7332992104388278,-0.08333333333333326,-0.010000000000000009,0.15586127344751777,0.5,0.6958620689655172
2020-02-24,111.1460189819336,13618400.0,0.0,0.030590389391748334,25.030000686645508,1.58,1.35,0.5,0.7855172413793103,110.0,-0.00912200823751752,0.1428887127027831,0.13369950036016814,0.13083696918582258,0.1894563060949405,-0.7319500230846999,-0.1299999999999999,-0.010000000000000009,0.15674121285958287,0.5,0.7182758620689655
2020-02-25,106.18413543701172,20797200.0,0.0,0.032019849161147765,27.850000381469727,1.58,1.3,0.5,0.8079310344827586,105.0,-0.044642926398726135,0.1944872599645721,0.16228344751619064,0.15151184831361153,0.1900826924001977,-0.7554581279812127,-0.18999999999999995,-0.010000000000000009,0.1576354665781674,0.5,0.7406896551724137
2020-02-26,106.50369262695312,21901350.0,0.0,0.031923775750283746,27.559999465942383,1.58,1.26,0.5,0.8303448275862069,105.0,0.003009462653024819,0.19489754722859035,0.16254673849309592,0.15161545496953957,0.5913331880019979,-0.7567261939421855,-0.25,-0.010000000000000009,0.1585439326015452,0.5,0.763103448275862
2020-02-27,102.07166290283203,23005500.0,0.0,0.03330993052632696,28.73199920654297,1.58,1.18,0.5,0.8527586206896551,100.0,-0.041613859715127544,0.21986806582672344,0.18303486718412962,0.16719955469208952,0.17720540484813052,-0.720595077506914,-0.31000000000000005,0.0,0.15941248861622115,0.5,0.7855172413793104
2020-02-28,97.64800262451172,22963356.25,0.0,0.03481894056834019,29.903998947143556,1.58,0.97,0.5,0.8751724137931035,100.0,-0.043338769571447555,0.24962892674903173,0.20239524664678687,0.18233209985592255,0.5530371015311585,-0.6960106791759265,-0.5066666666666666,0.0,0.1602281647606878,0.5,0.8079310344827586
2020-02-29,99.16460418701172,22921212.5,0.0,0.03430223222537819,31.07599868774414,1.5833333333333335,0.9433333333333334,0.5,0.8909751575824991,100.0,0.015531311667805747,0.25164522863324756,0.20513552877695196,0.18446959083003564,0.5800644714717377,-0.657809476136212,-0.52,0.0033333333333334103,0.16098639706688855,0.5,0.8294003919699137
2020-03-01,100.68120574951172,22879068.75,0.0,0.03378552388241619,32.24799842834473,1.5866666666666667,0.9166666666666666,0.5,0.9067779013718947,100.0,0.015293779216219994,0.24943906297521398,0.20763426703691082,0.18648087857040613,0.25864344682211055,-0.6218612604680368,-0.5333333333333333,0.006666666666666599,0.16174157051953997,0.5,0.8499253138407755
2020-03-02,102.19780731201172,22836925.0,0.0,0.03326881553945419,33.41999816894531,1.59,0.89,0.5,0.9225806451612903,100.0,0.015063402858654706,0.2545258805295378,0.21000071921314886,0.1872504376225149,0.2444459304139162,-0.5884963800436888,-0.59,0.010000000000000009,0.16251187448488125,0.5,0.869505800095344
2020-03-03,98.36286926269531,22794781.25,0.0,0.03456588879000371,32.70499897003174,1.59,0.73,0.5,0.9251612903225808,100.0,-0.03752466075527694,0.27363964256552115,0.22145483221401174,0.1944309903682828,0.24191599156461566,-0.5021369180467727,-0.76,0.010000000000000009,0.1632989259831079,0.5,0.886252979501033
2020-03-04,100.7933349609375,22752637.5,0.0,0.03373238916360563,31.989999771118164,1.09,0.59,0.5,0.9277419354838712,100.0,0.024709178539223053,0.2854714638802509,0.22832672835435758,0.19883560573138148,0.5025978224926907,-0.5131805984349046,-0.89,-0.49,0.16410275632304838,0.5,0.9001668520578422
2020-03-05,95.84829711914062,22710493.75,0.0,0.035472722022111235,32.014073866385,1.09,0.48,0.5,0.9303225806451612,95.0,-0.04906115909066133,0.31064505760560657,0.248481647880326,0.21341998662750764,0.34804834804393636,-0.4574791320789376,-1.01,-0.49,0.16490962577853718,0.5,0.9112474177657716
2020-03-06,90.89482879638672,22668350.0,0.0,0.03740586835381286,32.03814796165184,1.09,0.39,0.5,0.9329032258064516,90.0,-0.051680295546583155,0.33186824119122044,0.2685484934848999,0.23000305329932155,0.6490425907319686,-0.4094129745037403,-1.0950000000000002,-0.49249999999999994,0.16570431252944462,0.5,0.9194946766248213
2020-03-07,86.79076131184895,22626206.25,0.0,0.03935943258532828,32.06222205691867,1.09,0.36333333333333334,0.5,0.9354838709677419,86.66666666666667,-0.04515182589464217,0.3486864559489696,0.2808955420924395,0.24139788728543307,0.6874701132113978,-0.38524770914751516,-1.1166666666666667,-0.4949999999999999,0.16651554497757037,0.5,0.9258530642512846
2020-03-08,82.6866938273112,22584062.5,0.0,0.0413129968168437,32.08629615218551,1.09,0.33666666666666667,0.5,0.9380645161290323,83.33333333333333,-0.04728691651627959,0.3657184201288456,0.29366720345499014,0.2531323826135855,0.6058814900635711,-0.35169993113424597,-1.1383333333333334,-0.49750000000000005,0.16742168410930702,0.5,0.9303225806451613
2020-03-09,78.58262634277344,22541918.75,0.0,0.04326656104835912,32.110370247452344,1.09,0.31,0.5,0.9406451612903226,80.0,-0.04963395311353236,0.38127957522008527,0.3073563643474453,0.265207852558588,0.6308088664662325,-0.3188594319141153,-1.16,-0.5,0.16830838363819312,0.5,0.9329032258064517
2020-03-10,84.68826293945312,22499775.0,0.0,0.0401472397943832,32.134444342719185,1.09,0.43,0.5,0.9432258064516128,85.0,0.07769702898509911,0.4569913754459675,0.3494313684365058,0.2961812684297762,0.6610528694371427,-0.2992165119742891,-1.04,-0.5,0.16919196008165072,0.5,0.9354838709677419
2020-03-11,80.70195007324219,22457631.25,0.0,0.04213033262410986,32.15851843798602,1.09,0.4,0.5,0.9458064516129032,80.0,-0.047070428980942824,0.46835116376770275,0.36003985811285544,0.30086161847935616,0.953364884031661,-0.2789953317466781,-1.06,-0.5,0.1700721835885206,0.5,0.9380645161290323
2020-03-12,74.04969024658203,22415487.5,0.0,0.04591511441409354,32.18259253325286,1.1,0.39,0.5,0.9483870967741936,75.0,-0.08242997623505754,0.5128196201531048,0.39521486404809403,0.33065083015164476,0.6376386456792256,-0.2361754834672353,-1.04,-0.48,0.17091197288656423,0.5,0.9406451612903225
2020-03-13,87.38787841796875,22373343.75,0.0,0.03890699787604513,32.20666662851969,1.1,0.38,0.5,0.9509677419354838,85.0,0.18012483410762647,0.7324680600683101,0.5307110059262815,0.43661573462046477,1.0910551557324593,-0.19960021572626216,-1.0233333333333334,-0.48,0.17171440295567164,0.5,0.9432258064516129
2020-03-14,83.02871195475261,22331200.0,0.0,0.04118934500633013,32.23074072378653,0.8166666666666667,0.35,0.5,0.9535483870967741,81.66666666666667,-0.04988296480166987,0.7417918752568875,0.5380517169263052,0.44391979141693155,2.0844961448958004,-0.18804507309082955,-1.0266666666666668,-0.7633333333333334,0.17254539424302973,0.5,0.9458064516129031
2020-03-15,78.66954549153645,22289056.25,0.0,0.04347169213661514,32.254814819053365,0.5333333333333333,0.32,0.5,0.9561290322580644,78.33333333333333,-0.05250191603106802,0.7515667846165441,0.5467703030438624,0.45175129184699325,0.7275663858002464,-0.17944862924257082,-1.03,-1.0466666666666669,0.17338230997252246,0.5,0.9483870967741935
2020-03-16,74.31037902832031,22246912.5,0.0,0.045754039266900144,32.278888914320206,0.25,0.29,0.5,0.9587096774193548,75.0,-0.05541110522476722,0.7617010021422351,0.5560760815567649,0.4599461567679101,0.6996824418559896,-0.1673427503404626,-1.01,-1.33,0.1741906131588482,0.5,0.9509677419354838
2020-03-17,78.85176849365234,22204768.75,0.0,0.04311888071697091,32.30296300958704,0.25,0.3,0.5,0.9612903225806452,80.0,0.061113797624437805,0.7908537186269771,0.5719596244506386,0.4723022308501534,0.7362738472451471,-0.16874725744728217,-0.96,-1.33,0.17499033782860507,0.5,0.9535483870967741
2020-03-18,70.55113983154297,22162625.0,0.0,0.04819199247692214,32.32703710485388,0.25,0.21,0.5,0.9638709677419356,70.0,-0.10526876975216581,0.8402352909825644,0.6108250500296087,0.5051071352761994,0.7651319682983211,-0.14405573387476997,-0.97,-1.33,0.1757814160803992,0.5,0.9561290322580644
2020-03-19,71.73694610595703,22120481.25,0.0,0.04739538249897238,32.35111120012071,0.2,0.2,0.5,0.9664516129032258,70.0,0.016807755016367443,0.8448708419439642,0.6128582102816684,0.5064023584395895,1.4046914571133933,-0.14634879711489673,-0.77,-1.3800000000000001,0.17657583358469342,0.5,0.9587096774193549
2020-03-20,70.22315216064453,22078337.5,0.0,0.04841708034156685,32.37518529538755,0.15,0.15,0.5,0.9690322580645162,70.0,-0.021102012665504266,0.8405007380528592,0.6133552628881043,0.5070408074465863,0.3313127198095969,-0.14412727904919,-0.7933333333333333,-1.4333333333333336,0.1773733072698931,0.5,0.9612903225806451
2020-03-21,68.9700698852539,22036193.75,0.0,0.0493299154344923,32.399259390654386,0.15,0.15666666666666668,0.5,0.9716129032258065,68.33333333333333,-0.017844289765347465,0.8390249570905537,0.6135541412067755,0.5073910114363094,0.3096378119978414,-0.14244274642281665,-0.76,-1.4366666666666668,0.17803390437840827,0.5,0.9638709677419355
2020-03-22,67.71698760986328,21994050.0,0.0,0.050242750527417744,32.423333485921226,0.15,0.16333333333333333,0.5,0.9741935483870967,66.66666666666667,-0.018168493630286164,0.8388992263091092,0.6136827942345879,0.5077437888051236,0.27403763033521794,-0.1403468824643839,-0.7266666666666667,-1.4400000000000002,0.17860883156779894,0.5,0.9664516129032259
2020-03-23,66.46390533447266,21951906.25,0.0,0.05115558562034319,32.44740758118806,0.15,0.17,0.5,0.976774193548387,65.0,-0.018504696083204264,0.8385233806258875,0.6137915801491709,0.507981274108317,0.276607474132654,-0.1382350118764501,-0.5599999999999999,-1.4400000000000002,0.17921336781974784,0.5,0.9690322580645161
2020-03-24,74.3692626953125,21909762.5,0.0,0.04571781239689906,32.4714816764549,0.12,0.25,0.5,0.9793548387096774,75.0,0.11894211333289784,0.9194277577904245,0.6613210944421748,0.5450311602430962,0.28022994219733244,-0.13483469217707866,-0.33999999999999997,-0.9700000000000001,0.17984995003794024,0.5,0.9716129032258065
2020-03-25,77.14454650878906,21867618.75,0.0,0.04407310890877606,32.49555577172173,0.1,0.19,0.5,0.9819354838709676,75.0,0.0373176190390212,0.9309022712628676,0.6672578596978906,0.5492000717835434,1.4149827853824049,-0.14027894479126085,-0.29,-0.9900000000000001,0.18051853375490667,0.5,0.9741935483870968
2020-03-26,82.51852416992188,21825475.0,0.0,0.04120286970957856,32.51962986698857,0.1,0.13,0.5,0.984516129032258,85.0,0.06966114786248112,0.9529265746222549,0.6840411559924672,0.5621714822294536,0.5264534948950848,-0.1456136905055761,-0.26,-0.9900000000000001,0.1811247100707134,0.5,0.976774193548387
2020-03-27,76.63994598388672,21783331.25,0.0,0.044363288052353775,32.54370396225541,0.1,0.11,0.5,0.9870967741935484,75.0,-0.07123949737552271,0.9708266845687509,0.6984372747870816,0.5742501735942257,0.8594602149370709,-0.13887627042020698,-0.25333333333333335,-0.9900000000000001,0.18172584796370073,0.5,0.9793548387096774
2020-03-28,77.30432637532552,21741187.5,0.0,0.04398845730683776,32.56777805752225,0.09666666666666666,0.12000000000000001,0.5,0.9896774193548387,76.66666666666667,0.008668852553451512,0.9677000558783299,0.6973128716137026,0.5746517387419989,0.9456028415900148,-0.1251488924645434,-0.21666666666666667,-0.9933333333333334,0.18238488740067704,0.5,0.9819354838709676
2020-03-29,77.96870676676433,21699043.75,0.0,0.04361362656132174,32.59185215278908,0.09333333333333334,0.13,0.5,0.9922580645161291,78.33333333333333,0.008594349405661061,0.9631841311473208,0.6979148102602171,0.5750430071338649,0.23199031242228593,-0.12613980563141092,-0.18,-0.9966666666666667,0.18302696773566174,0.5,0.984516129032258
2020-03-30,78.63308715820312,21656900.0,0.0,0.043238795815805725,32.61592624805592,0.09,0.14,0.5,0.9948387096774194,80.0,0.00852111595779359,0.9619606117430702,0.697528357013422,0.5752082918699177,0.18667915710518576,-0.12051273373255164,-0.29,-1.0,0.183653020455959,0.5,0.9870967741935484
2020-03-31,75.71485137939453,23379300.0,0.0,0.04490532488749355,32.640000343322754,0.08,0.17,0.5,0.9974193548387098,75.0,-0.03711205911243631,0.9632541753986452,0.6993384162962575,0.5776380082346355,0.1850176209925795,-0.10186833472220384,-0.23,-1.01,0.1842649814943078,0.5,0.9896774193548387
2020-04-01,70.94639587402344,22652666.666666668,0.0,0.04792350560044289,32.66407443858959,0.06,0.16,0.5,1.0,70.0,-0.06297913049419002,0.9734601267344258,0.7092857669218985,0.5860313380264475,0.4969463086393969,-0.09330642843085182,-0.23,-1.04,0.18486137298770022,0.5,0.9922580645161291
2020-04-02,73.59555053710938,21926033.333333332,0.0,0.04619844508514961,32.68814853385643,0.05,0.14,0.5,0.992,75.0,0.03734022892142308,0.9802064723093392,0.7147846345097877,0.5901322332604991,0.8309425127941797,-0.09464082545590435,-0.24,-1.05,0.1855009663919185,0.5,0.9933271889400922
2020-04-03,71.42022705078125,21199400.0,0.9,0.049005724911955664,32.71222262912326,0.05,0.15,0.5,0.984,70.0,-0.02955781253693124,0.9764469574716204,0.7160443493506525,0.5915403655740548,0.49809907049000657,-0.09033336226670277,-0.19999999999999998,-0.7666666666666666,0.18453250019950862,0.5,0.9928847926267281
2020-04-04,72.95258331298828,21540500.0,0.6000000000000001,0.04801786775884864,32.7362967243901,0.05,0.16666666666666666,0.5,0.976,71.66666666666667,0.02145549412938008,0.973739127912096,0.7170871431073488,0.593161736401234,0.41075235538513133,-0.07686155863783174,-0.15333333333333335,-0.48333333333333334,0.18483935578308408,0.5,0.990930875576037
2020-04-05,74.48493957519531,21881600.0,0.30000000000000004,0.04703001060574162,32.760370819656934,0.05,0.18333333333333335,0.5,0.968,73.33333333333333,0.021004825225074963,0.9682731869730702,0.7177000747731649,0.5946997277072915,0.3106937961921337,-0.06824346298573974,-0.10666666666666663,-0.2,0.18506417863021762,0.5,0.9874654377880184
2020-04-06,76.01729583740234,22222700.0,0.0,0.0460421534526346,32.784444914923775,0.05,0.2,0.5,0.96,75.0,0.02057269927244909,0.9638470719780983,0.7197940496462997,0.5958320675180022,0.30333805236730343,-0.06999337427056004,-0.09999999999999998,-0.2,0.18529865628921716,0.5,0.9824884792626729
2020-04-07,77.01996612548828,22563800.0,0.0,0.0454427621312825,32.80851901019061,0.05,0.2,0.5,0.952,75.0,0.01319002836184291,0.9558926159652009,0.7209368116168492,0.5962104885265936,0.29863780659738065,-0.07269854127705955,-0.009999999999999981,-0.2,0.18554584239026628,0.5,0.976
2020-04-08,80.12999725341797,22903300.0,0.0,0.04367902308708374,32.83259310545745,0.05,0.23,0.5,0.944,80.0,0.04037954421925516,0.9519332669100649,0.726999365342931,0.6006125781787536,0.22597215362765857,-0.07625529202879984,0.03,-0.15000000000000002,0.18580572048080168,0.5,0.968
2020-04-09,87.31877899169922,22967975.0,0.0,0.04008301582335136,32.85666720072428,0.05,0.25,0.5,0.936,85.0,0.08971398957554078,0.9599504672189274,0.7509600675001251,0.6190908720255566,0.5184192701863152,-0.08351520485637998,0.1,-0.09999999999999999,0.18612739929648137,0.5,0.96
2020-04-10,86.34794998168945,23032650.0,0.0,0.04054940928715386,32.88074129599112,0.05,0.255,0.5,0.928,85.0,-0.011118215591425673,0.9493879633984782,0.7509677724907017,0.6191626701576763,1.0882693585447694,-0.081668829750353,0.09833333333333333,-0.09999999999999999,0.1863948485091731,0.5,0.952
2020-04-11,85.37712097167969,23097325.0,0.0,0.04101580275095636,32.904815391257955,0.05,0.26,0.5,0.92,85.0,-0.011243220136849086,0.9130148342468555,0.7509455311380911,0.6192293751850813,0.2611724771790225,-0.08037913837190387,0.09666666666666668,-0.09999999999999999,0.18674334361008849,0.5,0.944
2020-04-12,84.40629196166992,23162000.0,0.0,0.04148219621475886,32.928889486524795,0.05,0.265,0.5,0.912,85.0,-0.011371067552533143,0.775818614179281,0.7509784451647484,0.6192909109920202,0.20910428085678276,-0.07865197512928174,0.095,-0.09999999999999999,0.18700096087352525,0.5,0.9359999999999999
2020-04-13,83.43546295166016,23226675.0,0.0,0.04194858967856136,32.95296358179163,0.05,0.27,0.5,0.904,85.0,-0.01150185593333053,0.762001832391587,0.7510285063220112,0.6189078888774421,0.20889771830708817,-0.07792389936546096,0.020000000000000018,-0.06999999999999999,0.18725621213798682,0.5,0.928
2020-04-14,81.14971160888672,23291350.0,0.0,0.04313015943751936,32.97703767705847,0.05,0.25,0.5,0.8959999999999999,80.0,-0.027395441481492422,0.7495370939796729,0.7523944825985907,0.6199300415963047,0.21003104307511242,-0.07440088758487257,0.06,-0.05,0.1875106499757555,0.5,0.9199999999999999
2020-04-15,77.14744567871094,23356025.0,0.0,0.04536767185495858,33.0011117723253,0.05,0.19,0.5,0.888,75.0,-0.0493195336228095,0.7454319834372678,0.7579157895083974,0.6246813995401562,0.3794959983205509,-0.06770742666307107,0.06,-0.05,0.18776408429111968,0.5,0.912
2020-04-16,74.20734405517578,23420700.0,0.0,0.0471651430806852,33.02518586759214,0.05,0.17,0.5,0.88,75.0,-0.03811016162193537,0.7331782373265303,0.7607355281102173,0.6270096588411543,0.6527336478777973,-0.06308456853745066,0.06000000000000001,-0.05,0.1880173958917244,0.5,0.904
2020-04-17,80.87775421142578,23485375.0,0.0,0.04327518777104653,33.049259962858976,0.05,0.16,0.5,0.872,80.0,0.08988881412182481,0.7000583233371558,0.7844143393285735,0.6452559200193113,0.5178448446961532,-0.07284521505070753,0.039999999999999994,-0.04666666666666666,0.18824446598815814,0.5,0.896
2020-04-18,79.89490000406902,23550050.0,0.0,0.04382098068263035,33.073334058125816,0.05,0.15666666666666668,0.5,0.864,80.0,-0.012152342964264928,0.700721949159452,0.7845074592056767,0.6453968746954257,1.090246943242785,-0.07193853594408849,0.026666666666666672,-0.043333333333333335,0.18854292000162864,0.5,0.888
2020-04-19,78.91204579671223,23614725.0,0.0,0.04436677359421416,33.09740815339265,0.05,0.15333333333333332,0.5,0.856,80.0,-0.012301839132494385,0.6984327597071216,0.7835561279013631,0.6455385714491448,0.2685950893863471,-0.06507656827756007,0.013333333333333308,-0.039999999999999994,0.18883391399703142,0.5,0.88
2020-04-20,77.92919158935547,23679400.0,0.0,0.04491256650579798,33.12148224865949,0.05,0.15,0.5,0.848,80.0,-0.012455059267994728,0.6971210024687843,0.783542102727206,0.6456810365114737,0.21860114869752698,-0.06753527655409522,-0.020000000000000018,-0.03,0.18911842926041778,0.5,0.872
2020-04-21,75.66889953613281,23035000.0,0.0,0.04625414168113688,33.14555634392632,0.05,0.17,0.5,0.84,75.0,-0.02900443347511117,0.7009520954014967,0.7848624827511063,0.6470198324443744,0.21874121371500235,-0.06306081141797004,0.010000000000000009,-0.009999999999999995,0.1893975408230395,0.5,0.864
2020-04-22,75.91532897949219,16662400.0,0.0,0.046103995689006264,33.16963043919316,0.05,0.16,0.5,0.8320000000000001,75.0,0.0032566806821565653,0.6977423091165905,0.7851215135116106,0.6471271513568679,0.3986691767539148,-0.06780829428812249,0.01999999999999999,0.0,0.18967124667967084,0.5,0.856
2020-04-23,75.95780944824219,16638800.0,0.0,0.04607821138371437,33.19370453446,0.04,0.17,0.5,0.8240000000000001,75.0,0.0005595769566049125,0.6181319310681909,0.785243010275659,0.6462454540472977,0.16547681542867648,-0.0740198663144078,0.020000000000000018,-0.010000000000000002,0.18992956799147187,0.5,0.848
2020-04-24,77.0794448852539,15809200.0,0.0,0.04540769598445287,33.21777862972684,0.05,0.18,0.5,0.816,75.0,0.01476655850345443,0.6102612932277569,0.7864143014286998,0.6470210455670674,0.1511195921483251,-0.08503476802018722,0.013333333333333336,0.0,0.19017544085244387,0.5,0.84
2020-04-25,78.18694305419922,18162866.666666668,0.0,0.04478222674155853,33.24185272499367,0.04666666666666667,0.17666666666666667,0.5,0.8079999999999999,76.66666666666667,0.014368268616802071,0.5778740525401055,0.7831191366362318,0.6477493757343302,0.23736522252040482,-0.017278339589507436,-0.006666666666666682,-0.003333333333333334,0.1904258043821263,0.5,0.832
2020-04-26,79.29444122314453,20516533.333333332,0.0,0.04415675749866419,33.26592682026051,0.043333333333333335,0.17333333333333334,0.5,0.8,78.33333333333333,0.014164745745048446,0.5373101546253637,0.7839357542974669,0.6484470751927516,0.23518537065897954,-0.01571668638599236,-0.026666666666666672,-0.006666666666666668,0.1906552085973472,0.5,0.824
2020-04-27,80.40193939208984,22870200.0,0.0,0.04353128825576985,33.290000915527344,0.04,0.17,0.5,0.792,80.0,0.013966908043764104,0.538159147147922,0.780898266606811,0.6480903855869137,0.23323531647996923,0.025535703080476646,-0.03,-0.010000000000000002,0.19087704403261552,0.5,0.8160000000000001
2020-04-28,80.97125244140625,20238900.0,0.0,0.04322521752436431,33.56999969482422,0.04,0.16,0.5,0.784,80.0,0.007080837273589546,0.5380009701120209,0.7766515201616653,0.6483338548171727,0.23135398831459644,0.08454047724362289,-0.07,-0.010000000000000002,0.1910929918686548,0.5,0.808
2020-04-29,83.15504455566406,20462600.0,0.0,0.042090050203233274,31.229999542236328,0.04,0.18,0.5,0.7759999999999999,85.0,0.02696996833336729,0.5426617223024115,0.7781309507592619,0.6497748740613508,0.17655014871252536,-0.017439077368360926,-0.07,-0.010000000000000002,0.1913027589085461,0.5,0.7999999999999999
2020-04-30,81.37063598632812,19127600.0,0.0,0.04301305941111323,34.150001525878906,0.05,0.16,0.5,0.768,80.0,-0.0214588132189798,0.5343640832176153,0.7781340617813114,0.649361368583252,0.36579126053105554,-0.062158751855144294,-0.095,0.0,0.19151240995402508,0.5,0.7919999999999999
2020-05-01,79.23778533935547,18547700.0,0.0,0.04417084582829242,34.04200134277344,0.05,0.17,0.5,0.76,80.0,-0.02621155188379032,0.5028619740965553,0.7785691660421675,0.650422243986929,0.3144343349610009,-0.07755509726196418,-0.09,0.0,0.19169672003265936,0.5,0.7839999999999999
2020-05-02,78.92338053385417,17607100.0,0.0,0.04434822116898056,33.93400115966797,0.05,0.16666666666666669,0.5,0.7635483870967742,80.0,-0.003967864626134854,0.4934092174822088,0.7753369826472266,0.6503338185692922,0.3672691861693094,-0.0967053857434104,-0.09833333333333333,0.0,0.19186109064607004,0.5,0.7776497695852534
2020-05-03,78.60897572835286,16666500.0,0.0,0.0445255965096687,33.8260009765625,0.05,0.16333333333333333,0.5,0.7670967741935484,80.0,-0.003983671294546798,0.4842720573126899,0.7731254894361279,0.6502435139612233,0.16632893305333277,-0.08385048772421103,-0.10666666666666669,0.0,0.1920601346590265,0.5,0.7729493087557604
2020-05-04,78.29457092285156,15725900.0,0.0,0.044702971850356835,33.71800079345703,0.05,0.16,0.5,0.7706451612903226,80.0,-0.00399960440379965,0.4816228782098559,0.7671171656093008,0.6495103973635225,0.15902836629651976,-0.0846071245719589,-0.09,0.0,0.19226814105827605,0.5,0.7698986175115207
2020-05-05,78.17562103271484,18064100.0,0.0,0.04477099067157169,33.61000061035156,0.05,0.16,0.5,0.7741935483870968,80.0,-0.0015192610258242256,0.47853412336952356,0.7600969613107433,0.648554415327046,0.15892452671282825,-0.08558926877673335,-0.03,0.0,0.19248533249442112,0.5,0.7684976958525346
2020-05-06,76.70556640625,20978000.0,0.0,0.04562902229889301,34.119998931884766,0.05,0.16,0.5,0.777741935483871,75.0,-0.01880451484804524,0.47872418198186023,0.7554470970463897,0.6489681399941962,0.15199575008583752,-0.09140259925784383,-0.010000000000000009,0.0,0.1927115925007643,0.5,0.7687465437788018
2020-05-07,77.50431060791016,16771900.0,0.0,0.04515877855757338,31.440000534057617,0.05,0.15,0.5,0.7812903225806451,80.0,0.010413119139617955,0.4781520906074183,0.7496158954299948,0.6494456358004811,0.2813147777611239,-0.0937972835042425,-0.010000000000000009,0.0,0.19298522203514445,0.5,0.7706451612903226
2020-05-08,78.77043914794922,20487800.0,0.0,0.04443291211600567,27.979999542236328,0.05,0.15,0.5,0.7848387096774193,80.0,0.016336233818585066,0.4660695568535042,0.7431513909475352,0.6502935099128977,0.2018733600803949,-0.10222457931627338,-0.006666666666666682,0.0,0.19332967720421168,0.5,0.7741935483870969
2020-05-09,77.99717203776042,20406845.454545453,0.0,0.04488233295185649,27.843332926432293,0.05,0.15333333333333332,0.5,0.7883870967741935,78.33333333333333,-0.009816717014061838,0.38770818976467947,0.7268380419884087,0.6502898161359548,0.25340503486447485,-0.10773094058409367,0.0,0.0,0.19370051812233613,0.5,0.7777419354838709
2020-05-10,77.22390492757161,20325890.90909091,0.0,0.04533175378770731,27.706666310628254,0.05,0.15666666666666668,0.5,0.7919354838709677,76.66666666666667,-0.00991404034257104,0.38752187312439423,0.7205086674241568,0.6502823661048853,0.1971152803074081,-0.10613059033503826,0.006666666666666682,0.0,0.19405755008259673,0.5,0.7812903225806451
2020-05-11,76.45063781738281,20244936.363636363,0.0,0.04578117462355814,27.56999969482422,0.05,0.16,0.5,0.7954838709677419,75.0,-0.010013312728928248,0.387327156375045,0.6985856556149622,0.6502572365013014,0.19645159040186222,-0.10476984714733509,-0.010000000000000009,0.0,0.19441417307649722,0.5,0.7848387096774194
2020-05-12,73.95243072509766,20163981.818181816,0.0,0.04732772088331351,33.040000915527344,0.05,0.16,0.5,0.7990322580645162,75.0,-0.03267738718220514,0.39616411410880825,0.6112824231392642,0.651960448570218,0.19723572355418897,-0.16547580706321996,0.0,0.0,0.19477217241031952,0.5,0.7883870967741935
2020-05-13,71.40322875976562,20083027.272727273,0.0,0.049017391241167295,32.82500076293945,0.05,0.15,0.5,0.8025806451612902,70.0,-0.03447083402583673,0.4056045632628035,0.6067144782970957,0.6538559755779795,0.44264013367424226,-0.16325884884869057,-0.020000000000000018,0.010000000000000002,0.19513045549743224,0.5,0.7919354838709677
2020-05-14,74.36880493164062,20002072.727272727,0.0,0.04706274362237204,32.61000061035156,0.05,0.15,0.5,0.8061290322580645,75.0,0.04153280213493726,0.42073632150142315,0.6034463124213336,0.6583801687233841,0.4682852393319953,-0.1677763372027094,-0.03,0.0,0.19546310098006425,0.5,0.795483870967742
2020-05-15,72.99224090576172,19921118.181818184,0.0,0.04795030206729444,31.889999389648438,0.05,0.15,0.5,0.8096774193548387,75.0,-0.01850996566563412,0.39892516337843764,0.5932628721233811,0.6587774384276199,0.5352074295524258,-0.16371484319742372,-0.026666666666666672,0.003333333333333334,0.195804729708003,0.5,0.799032258064516
2020-05-16,74.28099568684895,19840163.636363637,0.0,0.0471462767893687,31.026666005452473,0.05,0.15666666666666668,0.5,0.8132258064516129,75.0,0.017656051726800737,0.3867448729046407,0.5813853128884565,0.6598547799582947,0.2885303237053202,-0.17393765379130108,-0.016666666666666663,0.006666666666666668,0.19613715609280824,0.5,0.8025806451612904
2020-05-17,75.5697504679362,19759209.09090909,0.0,0.04634225151144296,30.16333262125651,0.05,0.16333333333333333,0.5,0.8167741935483871,75.0,0.0173497241006344,0.2939835004599232,0.5351120228106037,0.6608814477391611,0.268355714040038,-0.19199393060204165,-0.006666666666666682,0.010000000000000002,0.1964157122341761,0.5,0.8061290322580644
2020-05-18,76.85850524902344,19678254.545454547,0.0,0.04553822623351722,29.299999237060547,0.05,0.17,0.5,0.8203225806451613,75.0,0.017053844601935708,0.29750959580245867,0.5351422347463142,0.6618598418740876,0.2648158250074671,-0.1976426620468749,0.010000000000000009,0.010000000000000002,0.19670206574026805,0.5,0.8096774193548387
2020-05-19,75.34598541259766,19597300.0,0.0,0.0464523754097031,30.530000686645508,0.05,0.16,0.5,0.8238709677419355,75.0,-0.019679277283954244,0.3007136506408332,0.534889901831707,0.6616583632491869,0.2617845924206563,-0.207230031450632,-0.01999999999999999,0.010000000000000002,0.1969983185237585,0.5,0.8132258064516129
2020-05-20,77.6063003540039,20552400.0,0.0,0.045099431154875635,27.989999771118164,0.05,0.16,0.5,0.8274193548387098,80.0,0.029999142343532625,0.3118814536731403,0.5364851099246273,0.6641043779846556,0.29254308796119677,-0.2283035471480704,0.0,0.0,0.1973044328461404,0.5,0.8167741935483871
2020-05-21,76.62059020996094,14621400.0,0.0,0.04567962724391789,29.530000686645508,0.05,0.16,0.5,0.8309677419354838,75.0,-0.01270141907997957,0.30186357072832,0.5357077335726226,0.6641212552159689,0.40116233185823463,-0.23446714967761115,-0.010000000000000009,0.0,0.19763567766158108,0.5,0.8203225806451613
2020-05-22,76.02580261230469,13557900.0,0.0,0.04603700164598498,28.15999984741211,0.05,0.17,0.5,0.834516129032258,75.0,-0.007762764500069408,0.3026584304251506,0.534370858753705,0.6641008601094752,0.22663726895720201,-0.22601663441781297,0.003333333333333327,0.0,0.19795154086799593,0.5,0.8238709677419356
2020-05-23,77.3747501373291,13719790.0,0.0,0.04527428628558603,28.12249994277954,0.05,0.17,0.5,0.8380645161290322,76.25,0.017743285551399035,0.3069023004799664,0.4838412094122168,0.6650697892515379,0.18120757997034737,-0.25450805242204716,0.006666666666666682,0.0,0.19823335708915812,0.5,0.8274193548387097
2020-05-24,78.72369766235352,13881680.0,0.0,0.04451157092518708,28.085000038146973,0.05,0.17,0.5,0.8416129032258064,77.5,0.01743394999829051,0.3080382593533742,0.47929874534050604,0.66597435659186,0.26713248278578233,-0.258352718024267,0.010000000000000009,0.0,0.198499193931311,0.5,0.8309677419354838
2020-05-25,80.07264518737793,14043570.0,0.0,0.043748855564788136,28.047500133514404,0.05,0.17,0.5,0.8451612903225807,78.75,0.017135215507915635,0.3091795152311169,0.45995157844861556,0.6630759669359856,0.2656312163152279,-0.27227650291787314,0.010000000000000009,0.0,0.19872912099826356,0.5,0.8345161290322581
2020-05-26,81.42159271240234,14205460.0,0.0,0.042986140204389185,28.010000228881836,0.05,0.17,0.5,0.8487096774193549,80.0,0.016846546306391375,0.3102573815252553,0.43499726553390716,0.6638311826995693,0.26261308552559265,-0.28363232683061196,0.010000000000000009,0.0,0.1989211994292075,0.5,0.8380645161290322
2020-05-27,86.13764190673828,14367350.0,0.0,0.04063264239099405,27.6200008392334,0.05,0.18,0.5,0.852258064516129,85.0,0.0579213576795774,0.34780005624530863,0.4493028321037006,0.6677541551085449,0.2596765787762419,-0.28370958201582963,0.03,0.0,0.19907860431381885,0.5,0.8416129032258065
2020-05-28,84.85453033447266,14529240.0,0.0,0.041247061131609426,28.59000015258789,0.05,0.17,0.5,0.8558064516129033,85.0,-0.014896061046747233,0.35104033751887065,0.4503840371778202,0.6642748373542329,0.7212874205968838,-0.29038396756741175,0.020000000000000018,0.0,0.19920121081523745,0.5,0.8451612903225806
2020-05-29,82.68769836425781,14691130.0,0.0,0.04232794078487609,27.510000228881836,0.05,0.17,0.5,0.8593548387096774,85.0,-0.025535843067822084,0.351448314670169,0.4535704621426197,0.6648795118255778,0.2628262955453428,-0.27315372123463644,0.01666666666666669,0.0,0.19939472959759108,0.5,0.8487096774193548
2020-05-30,83.05308278401692,14853020.0,0.0,0.042143347097863784,27.75,0.05,0.17,0.5,0.8629032258064516,85.0,0.004418848595222791,0.3456641774790255,0.4463980891178358,0.6643348150058436,0.3585037702241164,-0.27468443488424493,0.013333333333333336,0.0,0.1995489634456713,0.5,0.8522580645161291
2020-05-31,83.41846720377605,15014910.0,0.0,0.04195875341085148,27.989999771118164,0.05,0.17,0.5,0.8664516129032258,85.0,0.004399408276142269,0.33597055881790183,0.42429045321641295,0.6638003925508281,0.16760770364611127,-0.28465792172716253,0.010000000000000009,0.0,0.1997438351067793,0.5,0.8558064516129033
2020-06-01,83.78385162353516,15176800.0,0.0,0.041774159723839174,28.229999542236328,0.05,0.17,0.5,0.87,85.0,0.004380138259632016,0.3356129748882009,0.41837060906493795,0.6610827868695656,0.16069292707655858,-0.29007313896240444,0.010000000000000009,0.0,0.19993895126934635,0.5,0.8593548387096774
2020-06-02,84.06427001953125,21195000.0,0.0,0.041634811069992284,26.84000015258789,0.06,0.17,0.5,0.8716666666666667,85.0,0.0033469265325267727,0.3351494896679751,0.4129673398726264,0.6596578527297652,0.16045305136014967,-0.28952121878248954,0.020000000000000018,0.009999999999999995,0.2001344773640681,0.5,0.8626344086021506
2020-06-03,88.60185241699219,20600157.14285714,0.0,0.03950256009916972,25.65999984741211,0.06,0.17,0.5,0.8733333333333333,90.0,0.05397753880937395,0.36479449580783235,0.4238210656602901,0.6607951888468189,0.15652550666582554,-0.30984169153772134,0.020000000000000018,0.009999999999999995,0.2003303815265005,0.5,0.8656451612903225
2020-06-04,90.44579315185547,20005314.285714287,0.0,0.03869721164503048,25.809999465942383,0.06,0.17,0.5,0.875,90.0,0.020811537056641072,0.36744434195572834,0.4237877594936759,0.6557991984632531,0.6749848722887736,-0.3086189393462949,0.020000000000000018,0.009999999999999995,0.20050829213897337,0.5,0.8683870967741936
2020-06-05,94.51602172851562,19410471.42857143,0.0,0.03703075876440581,24.520000457763672,0.07,0.18,0.5,0.8766666666666667,95.0,0.045001856192762535,0.377160974786447,0.43058933802097965,0.6551996824946447,0.3143368595293521,-0.3272755422999767,0.023333333333333317,0.020000000000000004,0.20075996533901042,0.5,0.8708602150537634
2020-06-06,95.14482116699219,18815628.57142857,0.0,0.03678922001146989,24.950000127156574,0.07,0.18333333333333332,0.5,0.8783333333333334,95.0,0.006652834376405625,0.37702373360545877,0.4301852081012235,0.6499045916518441,0.5726042331894952,-0.3269069158349332,0.01999999999999999,0.020000000000000004,0.20102471926435794,0.5,0.8730645161290322
2020-06-07,95.77362060546875,18220785.714285716,0.0,0.03654768125853397,25.37999979654948,0.07,0.18666666666666668,0.5,0.88,95.0,0.006608866680961389,0.37597597312540526,0.42363541815673234,0.6438548189080604,0.19075403835754545,-0.3333270484732934,0.016666666666666663,0.020000000000000004,0.20129827694025115,0.5,0.875
2020-06-08,96.40242004394531,17625942.85714286,0.0,0.03630614250559805,25.809999465942383,0.07,0.19,0.5,0.8816666666666667,95.0,0.006565476323244113,0.3727578517628669,0.38689689150559337,0.6320761611487227,0.17258459280796812,-0.3700196641467785,0.03,0.020000000000000004,0.20156867876582818,0.5,0.8766666666666667
2020-06-09,93.9297103881836,17031100.0,0.0,0.03726190558381943,27.56999969482422,0.07,0.19,0.5,0.8833333333333333,95.0,-0.025649871182015227,0.38189653435921384,0.39016941981548053,0.6282143348689447,0.17189914655225919,-0.38757727282654947,0.03,0.020000000000000004,0.20183639094692074,0.5,0.8783333333333333
2020-06-10,90.12289428710938,17884850.0,0.0,0.03883585883127389,27.56999969482422,0.08,0.18,0.5,0.885,90.0,-0.04052834918091175,0.40386494653158367,0.39911521361981783,0.6148628207838103,0.3585978040376429,-0.38019810256541403,0.01999999999999999,0.03,0.2021012479443396,0.5,0.88
2020-06-11,82.60273742675781,18738600.0,0.0,0.04237147713298702,28.586666107177734,0.08,0.19,0.5,0.8866666666666667,85.0,-0.08344335720504259,0.4730567148714445,0.4374194707170426,0.5683304522284413,0.5414325833595731,-0.39165294234738385,0.01999999999999999,0.03,0.20234722606092914,0.5,0.8816666666666667
2020-06-12,84.86302947998047,19592350.0,0.0,0.04124293018346304,29.60333251953125,0.08,0.18,0.5,0.8883333333333333,85.0,0.027363403727713065,0.4629561431991021,0.4403289761613043,0.5636788890898173,1.103556815374376,-0.3717639603312484,0.009999999999999981,0.03,0.2025866372685019,0.5,0.8833333333333332
2020-06-13,85.25390625,20446100.0,0.0,0.04105555551375522,30.619998931884766,0.08333333333333333,0.17666666666666667,0.5,0.89,85.0,0.004605972381786616,0.4509502714447783,0.4364989787706135,0.5562105657824186,0.40438478177180315,-0.36962496684993645,0.006666666666666654,0.033333333333333326,0.20276921506429946,0.5,0.885
2020-06-14,85.64478302001953,21299850.0,0.0,0.04086818084404739,31.63666534423828,0.08666666666666667,0.17333333333333334,0.5,0.8916666666666666,85.0,0.0045848546678122215,0.44554186632432013,0.4231912615179932,0.5475376856368892,0.17069547007174996,-0.37583744604764147,0.003333333333333327,0.03666666666666667,0.20294783474062217,0.5,0.8866666666666667
2020-06-15,86.03565979003906,22153600.0,0.0,0.04068080617433957,32.6533317565918,0.09,0.17,0.5,0.8933333333333333,85.0,0.004563929713362169,0.44404555597572565,0.414669894030337,0.5387836504821455,0.1615696822926104,-0.3793075635278486,0.0,0.039999999999999994,0.2031289387196069,0.5,0.8883333333333334
2020-06-16,86.72395324707031,22193600.0,0.0,0.040357938827220566,33.66999816894531,0.09,0.18,0.5,0.895,85.0,0.008000095061872603,0.442626495459918,0.37654666239304846,0.5043156472448654,0.1612676332159082,-0.41300261859017484,0.0,0.039999999999999994,0.20331271358432956,0.5,0.89
2020-06-17,84.53164672851562,15639800.0,0.0,0.04140461159168832,33.470001220703125,0.09,0.19,0.5,0.8966666666666667,85.0,-0.025279134961813443,0.44944112483572973,0.37956438835257467,0.5058622325796093,0.1808377878157205,-0.40642241358481535,0.01999999999999999,0.039999999999999994,0.203499115340795,0.5,0.8916666666666666
2020-06-18,84.0727767944336,16591900.0,0.0,0.04163059831552671,32.939998626708984,0.09,0.19,0.5,0.8983333333333333,85.0,-0.005428380397648591,0.44493383532148295,0.3787903437486255,0.5045002965812987,0.3543852066760613,-0.40458427758979976,0.01999999999999999,0.039999999999999994,0.20366695854490802,0.5,0.8933333333333333
2020-06-19,83.11259460449219,16498150.0,0.0,0.042111547794355914,32.647499084472656,0.09,0.18,0.5,0.9,85.0,-0.011420845445478167,0.44004383942258546,0.37863600039363904,0.5038859189763122,0.17211177903192787,-0.40235047860549306,0.009999999999999981,0.039999999999999994,0.20383440719378165,0.5,0.8950000000000001
2020-06-20,82.81234995524089,16404400.0,0.0,0.04226534271878583,32.35499954223633,0.08666666666666667,0.17666666666666667,0.5,0.9016666666666667,83.33333333333333,-0.0036125048276987037,0.4381144734706077,0.3734124058188065,0.5027988222226458,0.20857618956745286,-0.4064335560494691,0.006666666666666654,0.03666666666666667,0.2040009667612035,0.5,0.8966666666666666
2020-06-21,82.51210530598958,16310650.0,0.0,0.04241913764321575,32.0625,0.08333333333333333,0.17333333333333334,0.5,0.9033333333333333,81.66666666666667,-0.003625602333632516,0.43742297973297345,0.373541238214001,0.5016558212150748,0.15874409091492922,-0.40538446352626395,0.003333333333333327,0.033333333333333326,0.204115834924119,0.5,0.8983333333333333
2020-06-22,82.21186065673828,16216900.0,0.0,0.04257293256764566,31.770000457763672,0.08,0.17,0.5,0.905,80.0,-0.0036387951578482625,0.4354800538574319,0.373680486232084,0.4659292498982705,0.1574983680566664,-0.4042990356248877,0.0,0.020000000000000004,0.20422116844621163,0.5,0.9
2020-06-23,83.21454620361328,15381400.0,0.0,0.04205995417479096,31.3700008392334,0.08,0.18,0.5,0.9066666666666668,85.0,0.012196361192474914,0.4341631462751103,0.37332978442786213,0.4624295468240696,0.15751834534373627,-0.40705152473039946,0.009999999999999981,0.020000000000000004,0.20431713901925108,0.5,0.9016666666666667
2020-06-24,80.4359130859375,22919800.0,0.0,0.043512901957868125,33.84000015258789,0.08,0.17,0.5,0.9083333333333332,80.0,-0.03339119474228569,0.44373109015156603,0.3791997289281767,0.4521352316098787,0.2138890042642526,-0.4352700004153531,0.0,0.020000000000000004,0.20440368153903576,0.5,0.9033333333333334
2020-06-25,83.24005126953125,22035780.0,0.0,0.042047066846066704,32.220001220703125,0.08,0.17,0.5,0.91,85.0,0.034861768531151194,0.45226184557799143,0.3845158282440798,0.43828305504002046,0.45149895254644823,-0.45254813667421906,-0.009999999999999981,0.009999999999999995,0.20449220690653713,0.5,0.905
2020-06-26,78.67696380615234,21151760.0,0.0,0.0444857024303003,32.11000108718872,0.08,0.17,0.5,0.9116666666666668,80.0,-0.05481841245632624,0.4498615534745467,0.40092527340954864,0.44842596594580175,0.458974876330047,-0.4317056959714556,-0.013333333333333308,0.009999999999999995,0.20453331935837893,0.5,0.9066666666666666
2020-06-27,78.79309590657552,20267740.0,0.0,0.04442032825098611,32.000000953674316,0.08,0.16666666666666669,0.5,0.9133333333333336,80.0,0.001476062303437331,0.4485793366809501,0.4006473187174419,0.44820856307716456,0.7243821270904638,-0.433396453172761,-0.01999999999999999,0.009999999999999995,0.20462378808389325,0.5,0.9083333333333334
2020-06-28,78.9092280069987,19383720.0,0.0,0.04435495407167191,31.890000820159912,0.08,0.16333333333333333,0.5,0.9150000000000001,80.0,0.001473886754759457,0.44315357428303837,0.39668620083797046,0.44799140520186487,0.18503659592334748,-0.4164149340054932,-0.026666666666666672,0.009999999999999995,0.204692471888962,0.5,0.9100000000000001
2020-06-29,79.02536010742188,18499700.0,0.0,0.044289579892357725,31.780000686645508,0.08,0.16,0.5,0.9166666666666669,80.0,0.0014717176096674667,0.4428914460363153,0.3943272349785467,0.4433910059514555,0.15258117022780013,-0.4044877837930098,-0.03,0.009999999999999995,0.20476965323344265,0.5,0.9116666666666668
2020-06-30,79.92606353759766,19137000.0,0.0,0.04379047140678436,30.43000030517578,0.08,0.16,0.5,0.9183333333333332,80.0,0.011397650437168894,0.4441705594767097,0.391260546880136,0.4296379882641083,0.15177367042148773,-0.4129772443998066,-0.01999999999999999,0.0,0.204855735245963,0.5,0.9133333333333334
2020-07-01,79.24627685546875,18755700.0,0.0,0.04416611276746015,28.6200008392334,0.08,0.16,0.5,0.92,80.0,-0.008505194076136813,0.44428288243318753,0.39157765446347975,0.42575193160306773,0.20690256926099623,-0.39811009684190574,-0.03,0.0,0.20495031393287855,0.5,0.9150000000000001
2020-07-02,79.50367736816406,18729620.0,0.9,0.04528092434428147,27.68000030517578,0.09,0.16,0.5,0.9093548387096776,80.0,0.0032481085914579655,0.4442729618276347,0.39153798176487803,0.4225589407453807,0.18590357812046648,-0.39811948545354325,-0.01999999999999999,0.009999999999999995,0.20336998293349184,0.5,0.9149078341013827
2020-07-03,80.0056209564209,18703540.0,0.675,0.04500208659614889,27.74500036239624,0.09,0.16,0.5,0.8987096774193549,80.0,0.006313463790265317,0.4142356229772464,0.3916355693977114,0.42129081439979366,0.15682974183866394,-0.39744378870938535,-0.016666666666666663,0.006666666666666668,0.2018035015430064,0.5,0.913056835637481
2020-07-04,80.50756454467773,18677460.0,0.45,0.0447232488480163,27.8100004196167,0.09,0.16,0.5,0.8880645161290324,80.0,0.006273854039958504,0.4090680004821728,0.39180018317662424,0.42006064722730235,0.17008789854289416,-0.3967229181263309,-0.013333333333333336,0.003333333333333327,0.20025065109627382,0.5,0.909447004608295
2020-07-05,81.00950813293457,18651380.0,0.22499999999999998,0.044444411099883716,27.875000476837158,0.09,0.16,0.5,0.8774193548387097,80.0,0.006234738202498757,0.3845410250387992,0.38984932465675265,0.41886641481388687,0.17014509111557674,-0.3924430753740319,-0.010000000000000009,0.0,0.19911375676119447,0.5,0.904078341013825
2020-07-06,81.5114517211914,18625300.0,0.0,0.044165573351751135,27.940000534057617,0.09,0.16,0.5,0.866774193548387,80.0,0.006196107096875014,0.3844225456094664,0.38951041673826964,0.4184460925282769,0.16992311167211416,-0.39301526956394617,-0.01999999999999999,0.0,0.19841055629473403,0.5,0.8969508448540706
2020-07-07,79.21195983886719,18693750.0,0.0,0.04544768248788583,29.43000030517578,0.09,0.15,0.5,0.8561290322580645,80.0,-0.028210660389040743,0.38859558332111155,0.39277620383010264,0.41602370051416626,0.16969872538695757,-0.40631041891604425,-0.04000000000000001,0.0,0.19813861802917665,0.5,0.8880645161290323
2020-07-08,80.05282592773438,18762200.0,0.0,0.044970305023957644,28.079999923706055,0.09,0.15,0.5,0.8454838709677419,80.0,0.010615393061573997,0.38992344262722706,0.39279480454219606,0.39020239559187686,0.3886924480403302,-0.41075936935695495,-0.04000000000000001,0.0,0.1978980893886182,0.5,0.8774193548387098
2020-07-09,78.31962585449219,19297371.42857143,0.0,0.04596549026789706,29.260000228881836,0.09,0.15,0.5,0.8348387096774194,80.0,-0.02165070443367967,0.3882942973037479,0.39489764671739536,0.3914056694472363,0.20740245421872236,-0.4210281092401991,-0.03,0.0,0.19763869802143152,0.5,0.8667741935483873
2020-07-10,82.60111236572266,19832542.85714286,0.0,0.04358294818186865,27.290000915527344,0.09,0.15,0.5,0.8241935483870968,85.0,0.05466684071224903,0.40973576165629716,0.4089001023899412,0.4014011242209601,0.3133363498819491,-0.45451554760600044,-0.026666666666666672,0.003333333333333327,0.19737293221719376,0.5,0.8561290322580645
2020-07-11,82.9958012898763,20367714.285714287,0.0,0.04337764090549492,28.923333485921223,0.09,0.15333333333333332,0.5,0.8135483870967742,85.0,0.004778251924818289,0.32296052590204277,0.4025675484842131,0.4010515234356016,0.6841667786447234,-0.42713884771501504,-0.020000000000000018,0.006666666666666668,0.19712091769321538,0.5,0.845483870967742
2020-07-12,83.39049021402995,20902885.714285713,0.0,0.04317233362912118,30.556666056315105,0.09,0.15666666666666668,0.5,0.8029032258064516,85.0,0.004755528810127974,0.31318383706924646,0.3951378560435774,0.40066949515848044,0.19024078172927825,-0.4264607437918983,-0.013333333333333336,0.009999999999999995,0.19685478696775638,0.5,0.8348387096774194
2020-07-13,83.7851791381836,21438057.14285714,0.0,0.04296702635274745,32.189998626708984,0.09,0.16,0.5,0.792258064516129,85.0,0.004733020793385778,0.31320222222339067,0.38711616724332293,0.3979727272139927,0.16281984107477493,-0.41861460418698043,-0.01999999999999999,0.009999999999999995,0.19662940770793158,0.5,0.8241935483870968
2020-07-14,84.26566314697266,21973228.57142857,0.0,0.04272202775786657,29.520000457763672,0.09,0.17,0.5,0.7816129032258065,85.0,0.005734713629920396,0.31338328752671496,0.3847740560441277,0.38861152379631003,0.16205192855982734,-0.416706809160814,0.0,0.009999999999999995,0.19644507858269056,0.5,0.8135483870967741
2020-07-15,85.56983947753906,22508400.0,0.0,0.04207089813397338,27.760000228881836,0.1,0.15,0.5,0.7709677419354839,85.0,0.015476960387669658,0.31645920443369635,0.38443948907993253,0.3834299332285301,0.16698723376525906,-0.4168082395843768,-0.020000000000000018,0.020000000000000004,0.19630149519327422,0.5,0.8029032258064516
2020-07-16,85.81011199951172,16886900.0,0.0,0.04195309755592074,28.0,0.1,0.14,0.5,0.7603225806451612,85.0,0.002807911332306734,0.3156565336717447,0.38319552948109126,0.3557959280655544,0.244428388545493,-0.4120245768360187,-0.03,0.020000000000000004,0.19615573320645519,0.5,0.7922580645161289
2020-07-17,84.22277069091797,16137700.0,0.0,0.04274378497011617,25.68000030517578,0.09,0.14,0.5,0.7496774193548387,85.0,-0.018498301326104527,0.31144889872789827,0.38426574409717795,0.35661923025257924,0.15729746523578267,-0.3629699639500923,-0.026666666666666672,0.009999999999999995,0.19603977520218607,0.5,0.7816129032258063
2020-07-18,83.976806640625,15577833.333333334,0.0,0.042869717170772835,25.273333231608074,0.09333333333333334,0.14,0.5,0.7390322580645161,85.0,-0.0029203984655837845,0.3111603945434309,0.38179596000315136,0.3559964509253871,0.27809043796067706,-0.35074942006332344,-0.023333333333333317,0.013333333333333336,0.19587675227138246,0.5,0.7709677419354838
2020-07-19,83.73084259033203,15017966.666666666,0.0,0.042995649371429495,24.866666158040363,0.09666666666666666,0.14,0.5,0.7283870967741936,85.0,-0.0029289521730155865,0.30940830936600006,0.37749146599453076,0.3553485407873367,0.15888263278105016,-0.3233699871285458,-0.01999999999999999,0.016666666666666663,0.19575381759262234,0.5,0.7603225806451613
2020-07-20,83.48487854003906,14458100.0,0.0,0.04312158157208616,24.459999084472656,0.1,0.14,0.5,0.717741935483871,85.0,-0.0029375561344389123,0.3093410012155146,0.37646453471467023,0.35171345859045083,0.15520299249462877,-0.3139918529702878,-0.01999999999999999,0.020000000000000004,0.19565077443823942,0.5,0.7496774193548388
2020-07-21,85.2952880859375,17798100.0,0.0,0.04220631738030939,24.84000015258789,0.1,0.15,0.5,0.7070967741935484,85.0,0.021685478586761953,0.3150823688154684,0.3781717257876715,0.353344914886705,0.15514539413078435,-0.31834667582332926,-0.010000000000000009,0.020000000000000004,0.1955677154344555,0.5,0.7390322580645162
2020-07-22,84.67753601074219,14271200.0,0.0,0.04251422714453222,24.31999969482422,0.09,0.14,0.5,0.6964516129032259,85.0,-0.0072425111522328445,0.3157315057365783,0.37720218467570144,0.35363371340826905,0.307903507570766,-0.3161119933724461,-0.01999999999999999,0.0,0.19550455068230987,0.5,0.7283870967741936
2020-07-23,84.92635345458984,12870200.0,0.0,0.04238966885496764,26.079999923706055,0.09,0.14,0.5,0.6858064516129032,85.0,0.0029384114792392335,0.3140334847573956,0.3757817705733355,0.3529144597779898,0.18047137764094565,-0.30805575970254745,-0.01999999999999999,0.0,0.19546441453636554,0.5,0.717741935483871
2020-07-24,84.32575225830078,12744200.0,0.0,0.042691584760165914,25.84000015258789,0.09,0.16,0.5,0.6751612903225807,85.0,-0.007072023840164143,0.2975001476383003,0.3747171311312366,0.35246409326480765,0.15573183679294975,-0.30770972498102106,0.0,0.0,0.19545388484786352,0.5,0.7070967741935484
2020-07-25,83.93106333414714,12482500.0,0.0,0.04289424959142284,25.47333335876465,0.09333333333333334,0.15333333333333335,0.5,0.6645161290322581,85.0,-0.0046805265720566425,0.28128222760083715,0.37341656352372365,0.35186820688286685,0.17495012588334385,-0.30740327088895053,-0.006666666666666654,0.003333333333333341,0.19543404307283496,0.5,0.6964516129032258
2020-07-26,83.53637440999348,12220800.0,0.0,0.043096914422679766,25.106666564941406,0.09666666666666666,0.14666666666666667,0.5,0.6538709677419355,85.0,-0.00470253692107192,0.2251045864509198,0.3549538891077282,0.35126201218326447,0.1621962286742631,-0.3087268562258891,-0.013333333333333336,0.006666666666666668,0.19544806275005033,0.5,0.6858064516129032
2020-07-27,83.14168548583984,11959100.0,0.0,0.04329957925393669,24.739999771118164,0.1,0.14,0.5,0.643225806451613,85.0,-0.004724755257111357,0.2259480836858557,0.35378431212305034,0.35118591058265625,0.16200043852098303,-0.3004267804271147,-0.009999999999999981,0.010000000000000009,0.19546861276816552,0.5,0.6751612903225807
2020-07-28,83.50203704833984,11754300.0,0.0,0.04311272068627425,25.440000534057617,0.1,0.14,0.5,0.6325806451612903,85.0,0.004334186399930218,0.22606438359095712,0.3498685689845085,0.34842593384456316,0.16209801024054815,-0.3214996363542883,-0.009999999999999981,0.010000000000000009,0.195495857596095,0.5,0.664516129032258
2020-07-29,85.5269546508789,12743500.0,0.0,0.04209199327504648,24.100000381469727,0.1,0.13,0.5,0.6219354838709678,85.0,0.024249918614162924,0.2349288002131731,0.3531608908344549,0.34873527469641896,0.16029036190090432,-0.33704525272713853,-0.01999999999999999,0.010000000000000009,0.1955297762967494,0.5,0.6538709677419355
2020-07-30,83.24462127685547,14834800.0,0.0,0.04324603733888221,24.760000228881836,0.1,0.11,0.5,0.6112903225806452,85.0,-0.02668554473078022,0.2485236465121485,0.35752778781152517,0.3488433942176769,0.33566751508038284,-0.34624075100357526,-0.039999999999999994,0.010000000000000009,0.19551265143647312,0.5,0.643225806451613
2020-07-31,82.91858673095703,14535000.0,0.0,0.043416080060322194,24.459999084472656,0.1,0.11,0.5,0.6006451612903225,85.0,-0.0039165839293581195,0.2472829297632592,0.3574953783176121,0.34884151442412253,0.37320657358577314,-0.3466307110141563,-0.04333333333333332,0.010000000000000009,0.195515882418279,0.5,0.6325806451612904
2020-08-01,82.76414744059245,14010933.333333334,0.0,0.04349739867934609,24.399999618530273,0.1,0.11333333333333333,0.5,0.5968817204301075,83.33333333333333,-0.0018625412763688676,0.24741490300576213,0.35743598238064495,0.3487812734400096,0.16643262151405092,-0.3478471354049381,-0.04333333333333335,0.010000000000000009,0.19553317217228594,0.5,0.6229185867895545
2020-08-02,82.60970815022786,13486866.666666666,0.0,0.043578717298369984,24.34000015258789,0.1,0.11666666666666667,0.5,0.5931182795698925,81.66666666666667,-0.0018660168096994445,0.24712544614303594,0.34005767768233924,0.348720086445782,0.15277293985309692,-0.32384353665371085,-0.043333333333333335,0.010000000000000009,0.1955759955531433,0.5,0.6142396313364056
2020-08-03,82.45526885986328,12962800.0,0.0,0.04366003591739388,24.280000686645508,0.1,0.12,0.5,0.5893548387096774,80.0,-0.0018695053380860527,0.2467653955092548,0.33701939291813576,0.3487266097840545,0.15246051265202798,-0.32966908789926713,-0.05000000000000002,0.010000000000000009,0.195619056690155,0.5,0.6065437788018434
2020-08-04,81.98334503173828,13366200.0,0.0,0.04391135783257354,23.760000228881836,0.1,0.14,0.5,0.5890322580645162,80.0,-0.005723392023947671,0.24691682198495313,0.32344280441484025,0.347322919783384,0.15246023924676674,-0.299588860198325,-0.009999999999999981,0.0,0.195663754908999,0.5,0.6003225806451613
2020-08-05,83.40765380859375,15260900.0,0.0,0.04316150659580213,22.989999771118164,0.1,0.12,0.5,0.5887096774193548,85.0,0.017373147879048867,0.2512020206013727,0.3254245226979265,0.348050461788421,0.16690097789109198,-0.31148233968016037,-0.020000000000000018,0.0,0.19570871403536483,0.5,0.5955760368663594
2020-08-06,83.43339538574219,10482100.0,0.0,0.04314819004255937,22.649999618530273,0.1,0.14,0.5,0.5883870967741935,85.0,0.00030862368107742455,0.23528651846517767,0.32495492390200215,0.34707547715848464,0.26318273276981585,-0.31607707955881575,0.0,0.010000000000000009,0.19576595010948727,0.5,0.5923041474654378
2020-08-07,85.2695541381836,14743700.0,0.0,0.04221905504708069,22.209999084472656,0.1,0.14,0.5,0.5880645161290322,85.0,0.022007479666291907,0.24111229608351895,0.32820621868119915,0.34839868214498726,0.15407334490316038,-0.3235796774057662,0.0,0.006666666666666668,0.19583001894173546,0.5,0.5905069124423964
2020-08-08,85.62991841634114,14825766.666666666,0.0,0.04204286367122044,22.183332443237305,0.1,0.1366666666666667,0.5,0.587741935483871,85.0,0.004226177582370871,0.23016137606614173,0.3246137998601602,0.3479440307879232,0.3113366040697408,-0.2999110541278182,-0.003333333333333327,0.003333333333333341,0.1958681522654977,0.5,0.5892012288786483
2020-08-09,85.9902826944987,14907833.333333334,0.0,0.04186667229536019,22.156665802001953,0.1,0.13333333333333333,0.5,0.5874193548387097,85.0,0.004208392169725572,0.17420926025430025,0.3139919124514413,0.347460909299119,0.16470392388717697,-0.3067778495665348,-0.006666666666666682,0.0,0.19587284440254793,0.5,0.5883870967741937
2020-08-10,86.35064697265625,14989900.0,0.0,0.041690480919499937,22.1299991607666,0.1,0.13,0.5,0.5870967741935484,85.0,0.004190755825723036,0.17411751914551477,0.257402324790388,0.3425383385383808,0.15982734785211816,-0.2781857321574843,-0.01999999999999999,0.0,0.19585988287338374,0.5,0.5880645161290322
2020-08-11,89.07913208007812,17115350.0,0.0,0.04041350556451047,24.030000686645508,0.1,0.15,0.5,0.5867741935483871,90.0,0.03159773786391984,0.19422730279991537,0.25932514994448747,0.3403015658138894,0.15964452074965843,-0.23894050502874928,0.009999999999999981,0.010000000000000009,0.1958299484140138,0.5,0.587741935483871
2020-08-12,88.3240737915039,19240800.0,0.0,0.04075898954228595,22.280000686645508,0.1,0.13,0.5,0.5864516129032258,90.0,-0.008476264540784428,0.19650792197875827,0.25989821859146967,0.3345596676825058,0.4175226367269769,-0.225441696695254,-0.010000000000000009,0.010000000000000009,0.19578251999483687,0.5,0.5874193548387098
2020-08-13,87.83501434326172,13598600.0,0.0,0.040985932852826756,22.1299991607666,0.1,0.14,0.5,0.5861290322580645,90.0,-0.005537102482349843,0.1972480396139493,0.2600636449713552,0.3329888485911153,0.1934425034733329,-0.23235685363393513,-0.01999999999999999,0.010000000000000009,0.19575681972789094,0.5,0.5870967741935483
2020-08-14,87.86933898925781,12134400.0,0.0,0.040969922403082,22.049999237060547,0.1,0.13,0.5,0.5858064516129032,90.0,0.00039078545444248824,0.19275170769876213,0.25992099161379834,0.3319710225315055,0.1668569370272057,-0.23999456081085577,-0.023333333333333345,0.006666666666666668,0.19570402900825878,0.5,0.5867741935483871
2020-08-15,87.0971196492513,13085600.0,0.0,0.041339726903417896,21.81666628519694,0.1,0.13,0.5,0.5854838709677419,88.33333333333333,-0.008788268455062864,0.1946830086691567,0.2600978280274112,0.3314233660334714,0.15107041174329353,-0.25167889435660334,-0.016666666666666663,0.003333333333333341,0.19568234632135684,0.5,0.5864516129032259
2020-08-16,86.3249003092448,14036800.0,0.0,0.0417095314037538,21.583333333333332,0.1,0.13,0.5,0.5851612903225807,86.66666666666667,-0.008866186885585936,0.18828005502908557,0.25526360601353665,0.33085646405886776,0.18678996920687713,-0.2561660738407224,-0.010000000000000009,0.0,0.19566055773400848,0.5,0.5861290322580646
2020-08-17,85.55268096923828,14988000.0,0.0,0.0420793359040897,21.350000381469727,0.1,0.13,0.5,0.5848387096774194,85.0,-0.008945499354649278,0.19013838748014808,0.25570984991054535,0.329382419046172,0.18809150906721672,-0.2575754649456096,-0.010000000000000009,0.0,0.19563680980602105,0.5,0.5858064516129032
2020-08-18,84.36006164550781,13246500.0,0.0,0.04267422201666564,21.510000228881836,0.09,0.13,0.5,0.584516129032258,85.0,-0.01394017475804521,0.19461299382526323,0.2562646897916078,0.3269032056029051,0.18871558523302623,-0.2631739057521605,0.0,-0.010000000000000009,0.19561177407180486,0.5,0.5854838709677418
2020-08-19,84.55741119384766,13533000.0,0.0,0.042574624142016466,22.540000915527344,0.09,0.13,0.5,0.5841935483870968,85.0,0.002339371789095379,0.19446205746565645,0.256171450990185,0.3260857715831204,0.23203307303870083,-0.2582163373671475,0.020000000000000004,-0.010000000000000009,0.19558533140986434,0.5,0.5851612903225807
2020-08-20,83.54492950439453,13672600.0,0.0,0.043090586363001684,22.719999313354492,0.09,0.12,0.5,0.5838709677419355,85.0,-0.011973896494205771,0.1870818211280923,0.25730759109861573,0.3264914277303364,0.15567363595316835,-0.26163797709200676,0.009999999999999995,-0.010000000000000009,0.19557883806005116,0.5,0.5848387096774194
2020-08-21,83.50203704833984,12228300.0,0.0,0.04311272068627425,22.540000915527344,0.09,0.13,0.5,0.5835483870967741,85.0,-0.0005134058560960497,0.18603949759835328,0.2571873194776529,0.32529780022533944,0.21318136684697223,-0.26232028358706194,0.016666666666666677,-0.010000000000000009,0.1955623864675169,0.5,0.5845161290322581
2020-08-22,84.2856928507487,14118300.0,0.0,0.042719193005587006,22.483334223429363,0.09,0.13333333333333333,0.5,0.5832258064516128,85.0,0.009384870478730933,0.18797369132333885,0.25670204463481755,0.3244317954328227,0.15242350645972105,-0.25905155104052163,0.016666666666666663,-0.010000000000000009,0.19553970910972462,0.5,0.5841935483870968
2020-08-23,85.06934865315755,16008300.0,0.0,0.04232566532489975,22.42666753133138,0.09,0.1366666666666667,0.5,0.5829032258064516,85.0,0.009297613579525521,0.18877222949116806,0.2472323350306299,0.3235931240273356,0.19068908052437347,-0.18226399558178835,0.01666666666666669,-0.010000000000000009,0.19551552942228922,0.5,0.5838709677419355
2020-08-24,85.8530044555664,17898300.0,0.0,0.041932137644212504,22.3700008392334,0.09,0.14,0.5,0.5825806451612903,85.0,0.009211964295200659,0.18986366360554896,0.23795516213696952,0.32278050930190194,0.19079783026840086,-0.13451324472948545,0.0,-0.010000000000000009,0.19551001464858309,0.5,0.583548387096774
2020-08-25,86.23051452636719,13648900.0,0.0,0.041748562208789884,22.030000686645508,0.09,0.13,0.5,0.582258064516129,85.0,0.004397167847470795,0.1894176791628706,0.2063944069216474,0.30879333201846604,0.19015740187173255,-0.15145233427376947,0.010000000000000009,-0.010000000000000009,0.19552383311751353,0.5,0.5832258064516128
2020-08-26,85.0207290649414,12052400.0,0.0,0.0423426150256864,23.270000457763672,0.09,0.12,0.5,0.5819354838709677,85.0,-0.014029667665451107,0.19381958059494175,0.20887398104211546,0.30867573763714723,0.16124317319943984,-0.1757312214921627,-0.020000000000000018,-0.010000000000000009,0.19555687213657258,0.5,0.5829032258064516
2020-08-27,87.8178482055664,22163900.0,0.0,0.04099394455182986,24.469999313354492,0.08,0.13,0.5,0.5816129032258065,90.0,0.03289926082012862,0.21428383967954864,0.2183845844516793,0.31022413848624963,0.2324328137628855,-0.11416102023592879,-0.010000000000000009,-0.020000000000000004,0.1955736981032976,0.5,0.5825806451612904
2020-08-28,88.17821502685547,13756700.0,0.0,0.04082641045641021,22.959999084472656,0.09,0.12,0.5,0.5812903225806452,90.0,0.004103571525067462,0.2038139460604617,0.2184347936129775,0.31021386577346943,0.433011425859114,-0.11616000636440955,-0.01666666666666669,-0.010000000000000009,0.195579721901326,0.5,0.582258064516129
2020-08-29,87.44032796223958,13910933.333333334,0.0,0.041176848850227786,24.10999933878581,0.09,0.12,0.5,0.5809677419354838,88.33333333333333,-0.00836813338068998,0.18805847444840657,0.21851085516628618,0.3105174378367926,0.17026896557445897,-0.1172278120260071,-0.013333333333333336,-0.010000000000000009,0.19557005339072542,0.5,0.5819354838709677
2020-08-30,86.7024408976237,14065166.666666666,0.0,0.04152728724404536,25.259999593098957,0.09,0.12,0.5,0.5806451612903226,86.66666666666667,-0.008438749965971382,0.18968360172083285,0.21849774798954316,0.31081056825684367,0.18407778321017126,-0.15545214002152993,-0.010000000000000009,-0.010000000000000009,0.1955428997045192,0.5,0.5816129032258065
2020-08-31,85.96455383300781,14219400.0,0.0,0.04187772563786294,26.40999984741211,0.09,0.12,0.5,0.5803225806451613,85.0,-0.00851056852582932,0.19168795326973373,0.21942973304807328,0.31112635048878745,0.18488427299914872,-0.16648139632039577,-0.03,-0.010000000000000009,0.1955192529520562,0.5,0.5812903225806452
2020-09-01,85.92162322998047,11595600.0,0.0,0.04189864977718274,26.1200008392334,0.09,0.12,0.5,0.58,85.0,-0.0004993988930686033,0.19153462029633692,0.21921125487389545,0.2982632563853731,0.18542370854260284,-0.16654119698804395,-0.010000000000000009,-0.010000000000000009,0.19549972309590724,0.5,0.580967741935484
2020-09-02,87.21723937988281,14475700.0,0.0,0.04127624338486414,26.56999969482422,0.09,0.13,0.5,0.5773333333333334,85.0,0.015079046475116709,0.19528436880626526,0.22079252871154018,0.2972911122798658,0.1516032575710284,-0.15767711779508192,-0.010000000000000009,-0.010000000000000009,0.19548442478943184,0.5,0.580310291858679
2020-09-03,86.94268798828125,23281200.0,0.0,0.04140658729674005,33.599998474121094,0.09,0.12,0.5,0.5746666666666667,85.0,-0.003147902794833124,0.19455075456871518,0.2207426593840243,0.28765587393029696,0.2403626313073923,-0.14456436601769895,-0.010000000000000009,-0.010000000000000009,0.1954731752023693,0.5,0.5793179723502304
2020-09-04,88.82172393798828,23046680.0,0.0,0.040530625171308024,30.75,0.09,0.13,0.5,0.5720000000000001,90.0,0.021612351690349252,0.1977333032337741,0.2243828129318593,0.28980444116233933,0.15818971345468683,-0.18693048609788784,0.0,-0.010000000000000009,0.195446067598942,0.5,0.5779907834101383
2020-09-05,88.04951286315918,22812160.0,0.0,0.040895691616748095,30.927499771118164,0.09,0.135,0.5,0.5693333333333334,88.75,-0.008693943785286429,0.20016467465431498,0.21657422389404718,0.2898378475539229,0.3071573545170585,-0.1575466344770646,0.0050000000000000044,-0.010000000000000009,0.19540591015699027,0.5,0.5763287250384025
2020-09-06,87.27730178833008,22577640.0,0.0,0.04126075806218816,31.104999542236328,0.09,0.14,0.5,0.5666666666666667,87.5,-0.008770191335745636,0.19314606200485154,0.21685142807323157,0.2898547689395391,0.19033251695364597,-0.14881135296467343,0.010000000000000009,-0.010000000000000009,0.19537138577561874,0.5,0.574331797235023
2020-09-07,86.50509071350098,22343120.0,0.0,0.04162582450762823,31.282499313354492,0.09,0.145,0.5,0.5640000000000001,86.25,-0.00884778813054865,0.1948438139514314,0.2124701411060602,0.28709825163968283,0.18745542645308608,-0.1294563277342056,0.014999999999999986,0.0,0.19533086226916785,0.5,0.5720000000000001
2020-09-08,85.73287963867188,22108600.0,0.0,0.0419908909530683,31.459999084472656,0.09,0.15,0.5,0.5613333333333334,85.0,-0.008926770302878584,0.19630815582683198,0.18436921694648878,0.2791798020626483,0.18796873508805886,-0.03935455380489566,0.01999999999999999,0.0,0.19528470090907657,0.5,0.5693333333333334
2020-09-09,86.54801177978516,13434000.0,0.0,0.041595409599470945,28.809999465942383,0.09,0.14,0.5,0.5586666666666666,85.0,0.009507812458285692,0.1978993147403948,0.18507018411383594,0.23813601916641308,0.18857200625023685,-0.07027279680588075,0.020000000000000018,0.0,0.1952328231110314,0.5,0.5666666666666667
2020-09-10,85.65567016601562,15922800.0,0.0,0.04202874127331643,29.709999084472656,0.09,0.15,0.5,0.556,85.0,-0.010310365257610199,0.1767616035770039,0.18624581513176539,0.23455314156972726,0.1923444321566042,-0.08817571654064271,0.01999999999999999,0.0,0.1952013333572784,0.5,0.5640000000000001
2020-09-11,86.7196044921875,13784300.0,0.0,0.041513104459837816,26.8700008392334,0.09,0.13,0.5,0.5533333333333333,85.0,0.012421061257354982,0.17968504479860103,0.18764308790566062,0.23533049248215596,0.1995656782558268,-0.126820295268946,-0.003333333333333327,0.0,0.19513172287792035,0.5,0.5613333333333334
2020-09-12,87.12000528971355,15528666.666666666,0.0,0.04132404932348896,26.530000686645508,0.09,0.13333333333333333,0.5,0.5506666666666666,86.66666666666667,0.004617188925972515,0.17966972067532821,0.18752669326339574,0.23533219676064712,0.21664380662789537,-0.11772153368994052,-0.003333333333333355,0.0,0.19507473522234098,0.5,0.5586666666666666
2020-09-13,87.52040608723958,17273033.333333332,0.0,0.041134994187140096,26.190000534057617,0.09,0.1366666666666667,0.5,0.548,88.33333333333333,0.004595968471242884,0.18021475705021894,0.18517939471917005,0.2353338773013956,0.16293743159286114,-0.09429263384926907,-0.003333333333333327,0.0,0.19501710606943257,0.5,0.5559999999999999
2020-09-14,87.92080688476562,19017400.0,0.0,0.04094593905079124,25.850000381469727,0.09,0.14,0.5,0.5453333333333333,90.0,0.004574942181220454,0.17877429435358053,0.1853131023451706,0.2350841294906527,0.16143982276375596,-0.09632702973100761,0.010000000000000009,0.0,0.19496257286532948,0.5,0.5533333333333333
2020-09-15,85.18375396728516,23683000.0,0.0,0.042261579612734385,25.59000015258789,0.09,0.13,0.5,0.5426666666666666,85.0,-0.031130889427207098,0.19984172517160453,0.19276088685629278,0.2371589500527935,0.16131326210502422,-0.13352037951211018,0.010000000000000009,0.0,0.19491139462992324,0.5,0.5506666666666666
2020-09-16,85.54409790039062,19270600.0,0.0,0.042083557935135595,26.040000915527344,0.09,0.12,0.5,0.54,85.0,0.004230195504695278,0.19859811987878517,0.19282415864715274,0.23707239298937913,0.4235761064886981,-0.13296885927009863,-0.010000000000000009,0.009999999999999995,0.19486344862229643,0.5,0.548
2020-09-17,84.56597137451172,18290100.0,0.0,0.04257031453061561,26.459999084472656,0.09,0.12,0.5,0.5373333333333333,85.0,-0.011434178977699383,0.1971705347790836,0.19423337953044154,0.2370742754698222,0.17022114465538188,-0.13845233258980338,0.0,0.0,0.1948285017005198,0.5,0.5453333333333333
2020-09-18,84.38578033447266,20121600.0,0.0,0.042661215974196004,25.829999923706055,0.09,0.13,0.5,0.5346666666666667,85.0,-0.002130774791683776,0.19715181454955535,0.1941851799016615,0.23701966063462981,0.2086579256468336,-0.13814294679050923,0.010000000000000009,0.0,0.19488712287258592,0.5,0.5426666666666666
2020-09-19,83.51632944742839,19905450.0,0.0,0.04311478651470402,26.480000178019207,0.09,0.12666666666666668,0.5,0.532,83.33333333333333,-0.01030328668643099,0.1963189065248822,0.1902018308246051,0.23759464148158785,0.15447214051956548,-0.15608443140373157,0.006666666666666682,0.0,0.19497491631550434,0.5,0.54
2020-09-20,82.64687856038411,19689300.0,0.0,0.04356835705521204,27.130000432332356,0.09,0.12333333333333334,0.5,0.5293333333333333,81.66666666666667,-0.010410549563143578,0.19864501399036683,0.19081016366120715,0.23817516989598733,0.19877083617749977,-0.16635398144948868,0.003333333333333341,0.0,0.19504069600954943,0.5,0.5373333333333333
2020-09-21,81.77742767333984,19473150.0,0.0,0.04402192759572005,27.780000686645508,0.09,0.12,0.5,0.5266666666666666,80.0,-0.010520069265641085,0.19859470499445175,0.19180664331008776,0.23794816329895838,0.20053147400321755,-0.1808307566907964,0.0,0.0,0.19509508443431556,0.5,0.5346666666666667
2020-09-22,80.88508605957031,19257000.0,0.0,0.04450758694067123,26.860000610351562,0.09,0.12,0.5,0.524,80.0,-0.010911832753336181,0.1981645039977853,0.19252767740149532,0.23173910035463108,0.2014778639650225,-0.1707399736683138,-0.010000000000000009,0.0,0.19513883872282256,0.5,0.532
2020-09-23,79.57231903076172,19952700.0,0.0,0.045241863550668705,28.579999923706055,0.09,0.13,0.5,0.5213333333333333,80.0,-0.016230025740984755,0.19982568817837085,0.19503230502277966,0.22599400397694502,0.20478854520441372,-0.19554874196683952,0.010000000000000009,0.0,0.19517196664125458,0.5,0.5293333333333333
2020-09-24,79.50367736816406,18366500.0,0.0,0.04528092434428147,28.510000228881836,0.09,0.12,0.5,0.5186666666666667,80.0,-0.0008626324258705909,0.19882262170025575,0.19486935017871143,0.2052706492126687,0.25505167959105773,-0.19757700475761944,-0.010000000000000009,0.0,0.1951957894984282,0.5,0.5266666666666667
2020-09-25,80.19868469238281,13293100.0,0.0,0.044888516735760435,26.3799991607666,0.09,0.12,0.5,0.516,80.0,0.008741826129630814,0.19843727522159818,0.1956620893505502,0.2057619578689199,0.15409804800551857,-0.21517782225405802,-0.015000000000000013,0.0,0.19518105920063578,0.5,0.524
2020-09-26,80.96803792317708,15826766.666666666,0.0,0.0444699433738645,26.31666628519694,0.09,0.12,0.5,0.5133333333333333,81.66666666666667,0.009593090382283176,0.1736134423983338,0.1965144984644786,0.206346555223392,0.1859371770694953,-0.21897075092030244,-0.020000000000000018,0.0,0.19515289020460247,0.5,0.5213333333333333
2020-09-27,81.73739115397136,18360433.333333332,0.0,0.044051370011968564,26.253333409627277,0.09,0.12,0.5,0.5106666666666667,83.33333333333333,0.009501937437637498,0.17611643016017003,0.19096915007991117,0.20690834402334427,0.19294003485871825,-0.1925972097290804,-0.024999999999999994,0.0,0.19507752018905,0.5,0.5186666666666667
2020-09-28,82.50674438476562,20894100.0,0.0,0.04363279665007263,26.190000534057617,0.09,0.12,0.5,0.508,85.0,0.009412500447255612,0.17848094935683978,0.18401050837334462,0.2066396610581421,0.19239636012496486,-0.18274570387532346,-0.03,0.0,0.19500777758504495,0.5,0.516
2020-09-29,81.8117446899414,12848200.0,0.0,0.04400346201689808,26.270000457763672,0.09,0.12,0.5,0.5053333333333333,80.0,-0.00842355009892437,0.1784760748494652,0.18464159491175108,0.20662967118332218,0.19170402456701371,-0.18404311194683304,-0.020000000000000018,0.0,0.1949442654251612,0.5,0.5133333333333333
2020-09-30,82.60111236572266,16400600.0,0.0,0.04358294818186865,26.3700008392334,0.09,0.12,0.5,0.5026666666666667,85.0,0.00964858626072429,0.18037516061920464,0.18569888781886573,0.2071547693032414,0.18494743167160843,-0.18244219567627717,-0.03,0.0,0.1948869757087539,0.5,0.5106666666666667
2020-10-01,83.20174407958984,15778700.0,0.0,0.043268323757207315,26.700000762939453,0.09,0.12,0.5,0.5,85.0,0.007271472461627848,0.18207379066101037,0.1862525923091357,0.20723720389692518,0.193345612546598,-0.17972072649830614,-0.010000000000000009,0.0,0.19484291538247533,0.5,0.508
2020-10-02,83.9911117553711,15149600.0,0.0,0.03214625861679155,27.6299991607666,0.09,0.12,0.5,0.5003225806451613,85.0,0.009487393377549225,0.1785145671951778,0.18717717086461377,0.20755912447910663,0.17672958930168733,-0.16959816199226177,-0.013333333333333336,0.0,0.19210918956547784,0.5,0.5057603686635944
2020-10-03,84.5828628540039,14723700.0,0.3,0.035422337951372375,27.739999135335285,0.09,0.12,0.5,0.5006451612903227,85.0,0.00704540142719301,0.18000428752984798,0.18724311515200712,0.20762659871489383,0.19193709965735758,-0.17333815838208347,-0.01666666666666669,0.0,0.18969058022502372,0.5,0.50394777265745
2020-10-04,85.17461395263672,14297800.0,0.6,0.0386984172859532,27.849999109903973,0.09,0.12,0.5,0.5009677419354839,85.0,0.0069961110166514295,0.16900051440652433,0.18449541187517207,0.20769259768500686,0.17527027795677178,-0.1606270237593964,-0.020000000000000018,0.0,0.18809388464877363,0.5,0.5025622119815668
2020-10-05,85.76636505126953,13871900.0,0.9,0.04197449662053402,27.959999084472656,0.09,0.12,0.5,0.5012903225806452,85.0,0.00694750549690637,0.16918751287207795,0.18498656744543038,0.20202784265288098,0.1745728652496008,-0.16020409568648988,-0.010000000000000009,0.0,0.187343281731011,0.5,0.5016036866359447
2020-10-06,84.883056640625,19220400.0,0.0,0.04241129080967899,29.479999542236328,0.09,0.14,0.5,0.5016129032258064,85.0,-0.010299007193746657,0.16987418273464697,0.18084916689530056,0.2022222494825244,0.17425608266020343,-0.16606572570789335,0.020000000000000018,0.0,0.18714919917327988,0.5,0.5010721966205838
2020-10-07,86.36388397216797,16358500.0,0.0,0.0416840910161029,28.059999465942383,0.09,0.13,0.5,0.5019354838709678,85.0,0.01744549961027486,0.17604971219212937,0.18413130007543704,0.2004780774563647,0.19910071540442967,-0.18937831880132472,0.010000000000000009,0.0,0.1869617910354051,0.5,0.5009677419354839
2020-10-08,88.13914489746094,15659000.0,0.0,0.04084450789927855,26.360000610351562,0.09,0.13,0.5,0.5022580645161291,90.0,0.020555593885345225,0.1834972401193439,0.18857128277656696,0.18305937573248623,0.264410469877229,-0.21919886139261277,0.0,0.0,0.18675219401859988,0.5,0.5012903225806452
2020-10-09,87.63685607910156,13689100.0,0.0,0.04107860734701183,25.0,0.09,0.15,0.5,0.5025806451612903,90.0,-0.005698816558110775,0.18262966525003094,0.1888166940670354,0.18324361285512464,0.2976305976282144,-0.20773312566406807,0.023333333333333317,0.0,0.18645766758177285,0.5,0.5016129032258064
2020-10-10,87.9948018391927,14478733.333333334,0.0,0.04091285604045012,25.023333231608074,0.09,0.145,0.5,0.5029032258064516,90.0,0.004084420369530939,0.17999897520828206,0.1777473460239125,0.18320428023460925,0.17108811670050347,-0.28904334293070477,0.021666666666666654,0.0,0.1860704244229019,0.5,0.5019354838709678
2020-10-11,88.35274759928386,15268366.666666666,0.0,0.04074710473388841,25.046666463216145,0.09,0.14,0.5,0.5032258064516129,90.0,0.004067805740903818,0.17699736466743332,0.17710359882640012,0.1831654076297924,0.15947613573310002,-0.3115088208235394,0.020000000000000018,0.0,0.1856507440090711,0.5,0.502258064516129
2020-10-12,88.710693359375,16058000.0,0.0,0.040581353427326695,25.06999969482422,0.09,0.135,0.5,0.5035483870967742,90.0,0.004051325734821143,0.1768946478142425,0.17690909105098276,0.18305401470075774,0.1591408432716257,-0.31328542258008163,0.015000000000000013,0.0,0.1852257912986086,0.5,0.5025806451612903
2020-10-13,87.2731704711914,21697300.0,0.0,0.04124979052053974,26.06999969482422,0.09,0.13,0.5,0.5038709677419355,85.0,-0.01620461788479166,0.18308704027396833,0.1801107955313788,0.18348717127819084,0.15906788199193922,-0.3235654656293686,0.0,0.0,0.1847957039730257,0.5,0.5029032258064516
2020-10-14,86.7882080078125,15204100.0,0.0,0.04148028957662008,26.399999618530273,0.09,0.13,0.5,0.5041935483870968,85.0,-0.005556833340195744,0.18320279176853504,0.1795609124591607,0.18368826975376903,0.25406194300129425,-0.32915841386418854,0.010000000000000009,0.0,0.18436048673642302,0.5,0.5032258064516129
2020-10-15,88.08717346191406,17171200.0,0.0,0.040868606160424925,26.969999313354492,0.09,0.12,0.5,0.5045161290322581,90.0,0.014967073107266193,0.1628285709568146,0.18115702381032153,0.18253740353495043,0.1687654578340467,-0.32128463944247604,0.0,0.0,0.18398905175502778,0.5,0.5035483870967742
2020-10-16,87.90533447265625,13275000.0,0.0,0.040953146035975926,27.40999984741211,0.09,0.12,0.5,0.5048387096774194,90.0,-0.002064307232385376,0.16280675671547518,0.18018856286997573,0.18249747756056028,0.23954480781998277,-0.32736920824681176,0.0,0.0,0.18365157016111522,0.5,0.5038709677419355
2020-10-17,87.41172281901042,12758566.666666666,0.0,0.04118704904092276,28.0,0.09,0.12333333333333334,0.5,0.5051612903225806,88.33333333333333,-0.00561526392689371,0.15978051149223146,0.1781126551654753,0.18269724364328954,0.15532889821447904,-0.3332739153606314,0.003333333333333341,0.0,0.18326646013233439,0.5,0.5041935483870967
2020-10-18,86.91811116536458,12242133.333333334,0.0,0.0414209520458696,28.59000015258789,0.09,0.12666666666666668,0.5,0.5054838709677419,86.66666666666667,-0.005646973171640646,0.16072653388869462,0.17853203762147177,0.18289809622497202,0.16637903394778653,-0.338729690060055,0.006666666666666682,0.0,0.18287590200082549,0.5,0.5045161290322582
2020-10-19,86.42449951171875,11725700.0,0.0,0.04165485505081643,29.18000030517578,0.09,0.13,0.5,0.5058064516129032,85.0,-0.005679042572689141,0.1584192672768517,0.17710072341438124,0.17968304978800476,0.16678669917632416,-0.34343458983103536,0.010000000000000009,0.0,0.18247128593504325,0.5,0.5048387096774193
2020-10-20,86.91809844970703,11257100.0,0.0,0.041418301414900945,29.350000381469727,0.09,0.13,0.5,0.5061290322580645,85.0,0.005711331170871858,0.1550185027380506,0.17739609251491714,0.17947761449282756,0.16696770443347908,-0.3430236509999985,0.010000000000000009,0.0,0.18205376578472787,0.5,0.5051612903225806
2020-10-21,86.0521240234375,10730500.0,0.0,0.041835109137102644,28.649999618530273,0.09,0.13,0.5,0.5064516129032258,85.0,-0.009963108279118726,0.1546400365668417,0.17778846831583867,0.18024352055071763,0.16697096389956084,-0.33005351298531616,0.010000000000000009,0.0,0.1816224810051279,0.5,0.5054838709677419
2020-10-22,89.09172058105469,14837200.0,0.0,0.04040779520836348,28.110000610351562,0.09,0.13,0.5,0.5067741935483872,90.0,0.0353227371446323,0.17715963709676893,0.19044266326599837,0.18885813463150153,0.1962221629123588,-0.3290344821259129,0.010000000000000009,0.0,0.18116111453886585,0.5,0.5058064516129032
2020-10-23,89.89706420898438,15087600.0,0.0,0.04004580162519049,27.549999237060547,0.09,0.12,0.5,0.5070967741935484,90.0,0.009039488997151013,0.1677986399252549,0.19041078427904215,0.18915894965361701,0.4601913511127021,-0.3327853441475207,0.0,0.0,0.18064635331521828,0.5,0.5061290322580645
2020-10-24,89.15521494547527,14195300.0,0.0,0.040384656816202395,29.186665852864582,0.09,0.12,0.5,0.5074193548387097,90.0,-0.00825220790063319,0.17104174968143218,0.19115163465234378,0.18954592195095207,0.19897461757803864,-0.3406879535769178,0.0,0.0,0.1801759392599951,0.5,0.5064516129032258
2020-10-25,88.41336568196614,13303000.0,0.0,0.040723512007214295,30.82333246866862,0.09,0.12,0.5,0.5077419354838709,90.0,-0.008320873478492752,0.17393014267878526,0.18961726954328062,0.1899374859039435,0.18389077210180427,-0.33881919155394136,0.0,0.0,0.17966653223577356,0.5,0.5067741935483872
2020-10-26,87.67151641845703,12410700.0,0.0,0.0410623671982262,32.459999084472656,0.09,0.12,0.5,0.5080645161290323,90.0,-0.008390691359693614,0.1760634991794149,0.17858168774880365,0.19044297781104577,0.18403069205385345,-0.4099194157082702,-0.020000000000000018,0.0,0.17917042144329987,0.5,0.5070967741935484
2020-10-27,86.01751708984375,10391700.0,0.0,0.04185194041627434,33.349998474121094,0.09,0.12,0.5,0.5083870967741935,85.0,-0.018865868826982823,0.18561112122224055,0.18255290421627227,0.18906018011597384,0.18453593069250399,-0.4122898171283026,-0.010000000000000009,0.0,0.17868805400743226,0.5,0.5074193548387097
2020-10-28,83.60140228271484,16389500.0,0.0,0.0430614786558948,32.877498626708984,0.09,0.12,0.5,0.5087096774193548,85.0,-0.028088636929677002,0.20358438458455752,0.1907649682802575,0.18966038779323394,0.2824094485533929,-0.3692426230488434,-0.010000000000000009,0.0,0.17821936576965913,0.5,0.5077419354838709
2020-10-29,84.14698028564453,14208800.0,0.0,0.042782283901091574,32.404998779296875,0.09,0.12,0.5,0.5090322580645161,85.0,0.006525943202300599,0.20251750494356027,0.1906437007549939,0.18984476280979784,0.38871201683547674,-0.36678930238887697,-0.03,0.0,0.17780189447791783,0.5,0.5080645161290323
2020-10-30,84.90039825439453,15194500.0,0.0,0.042402627950142276,31.932498931884766,0.09,0.13,0.5,0.5093548387096775,85.0,0.008953594843123858,0.20227119626155626,0.19085345533574427,0.19037473300950225,0.1793847447623418,-0.36433027587034844,-0.014999999999999986,0.0,0.1774483481363669,0.5,0.5083870967741936
2020-10-31,85.538330078125,15133533.333333334,0.0,0.042091043120307856,31.459999084472656,0.09,0.13,0.5,0.5090143369175627,85.0,0.0075138849386662265,0.20233782512374565,0.1915018092907112,0.19071858233694997,0.18798999655240675,-0.3674132585279271,-0.010000000000000009,0.0,0.17709445736896945,0.5,0.5086149513568868
2020-11-01,86.17626190185547,15072566.666666666,0.0,0.04177945829047344,30.987499237060547,0.09,0.13,0.5,0.5086738351254481,85.0,0.007457847530432549,0.20168451054615893,0.18958685765311784,0.19104154039285637,0.17816549013832458,-0.38107285374128563,-0.0050000000000000044,0.0,0.1767244754183206,0.5,0.5087480798771121
2020-11-02,86.81419372558594,15011600.0,0.0,0.04146787346063902,30.514999389648438,0.09,0.13,0.5,0.5083333333333333,85.0,0.007402639771692643,0.20178131000364233,0.19011355074480918,0.1910909999936622,0.17757432110062832,-0.4893884807369056,0.0,0.0,0.17636098652197618,0.5,0.5087864823348694
2020-11-03,89.55068969726562,17482600.0,0.0,0.040200695406926876,30.042499542236328,0.09,0.14,0.5,0.5066666666666666,90.0,0.03152129685532268,0.21939030508536445,0.19570284051977246,0.19582428438512303,0.1772028781708598,-0.4415696666294834,0.010000000000000009,0.0,0.17600443651008213,0.5,0.5085407066052227
2020-11-04,86.81419372558594,18886500.0,0.0,0.04146787346063902,29.56999969482422,0.09,0.12,0.5,0.505,85.0,-0.03055806695549379,0.23826330121196884,0.20512992277600214,0.20293657527440223,0.4168164983944788,-0.39835464336124127,0.0,0.0,0.17565471474419891,0.5,0.508010752688172
2020-11-05,90.36471557617188,17837400.0,0.0,0.03983855841349296,27.579999923706055,0.09,0.12,0.5,0.5033333333333334,90.0,0.04089794189425877,0.2621225053952449,0.2203124678594262,0.2105575375832346,0.4206131926836646,-0.4539358935544198,0.0,0.0,0.175319240729797,0.5,0.5071966205837174
2020-11-06,89.16099548339844,12552800.0,0.0,0.040376399797715484,24.860000610351562,0.09,0.12,0.5,0.5016666666666666,90.0,-0.013320687008180454,0.26174742987894256,0.221335199730859,0.21177323885678415,0.5270541228502656,-0.37940137844715155,-0.003333333333333341,0.0,0.17503522241918335,0.5,0.5060983102918587
2020-11-07,93.18490346272786,14549425.0,0.0,0.03877147484606691,25.156667073567707,0.09,0.12,0.5,0.49999999999999994,93.33333333333333,0.04513081036739508,0.2850311121150446,0.237779106766062,0.22397182671644275,0.23779999234244176,-0.33062644414941933,-0.006666666666666682,0.0,0.17478788610177487,0.5,0.5048105478750641
2020-11-08,97.2088114420573,16546050.0,0.0,0.037166549894418345,25.453333536783855,0.09,0.12,0.5,0.49833333333333324,96.66666666666667,0.04318197293555093,0.30704156257472354,0.2516426026503872,0.23438447084144984,0.5732674073974787,-0.2911128933325383,-0.010000000000000009,0.0,0.1745111650646547,0.5,0.5033333333333333
2020-11-09,101.23271942138672,18542675.0,0.0,0.03556162494276977,25.75,0.09,0.12,0.5,0.4966666666666666,100.0,0.041394477719007394,0.32534531534222677,0.26242185674823326,0.23828740166916282,0.5562825469736035,-0.25362004650554415,-0.010000000000000009,0.0,0.17420160262367457,0.5,0.5016666666666666
2020-11-10,100.90361785888672,20539300.0,0.0,0.03567761073774961,24.799999237060547,0.09,0.12,0.5,0.495,100.0,-0.003250940648251266,0.32615479557383337,0.26194166597485236,0.23782886748483711,0.5355096813847446,-0.23506898665552142,-0.010000000000000009,0.0,0.1738712258793258,0.5,0.5
2020-11-11,99.39683532714844,14443400.0,0.0,0.036218456937297736,23.450000762939453,0.09,0.125,0.5,0.4933333333333333,100.0,-0.014932889064944277,0.3310064378328364,0.2643596222187814,0.23915042325260188,0.17390527929801947,-0.20301726559812863,-0.0050000000000000044,0.0,0.17352006656729269,0.5,0.49833333333333335
2020-11-12,98.1758041381836,22063000.0,0.0,0.036668912789682456,25.350000381469727,0.09,0.13,0.5,0.4916666666666666,100.0,-0.012284407093505756,0.3291001594493534,0.26598192890060884,0.24024817927259057,0.24147009763240307,-0.22362797901695913,0.010000000000000009,0.0,0.1731866009546139,0.5,0.4966666666666666
2020-11-13,98.79065704345703,11847900.0,0.0,0.036440692953549195,23.100000381469727,0.09,0.12,0.5,0.49,100.0,0.00626277432276523,0.3279170696884831,0.26607559196869124,0.23978452167948971,0.2177361245094409,-0.22295701916159263,0.0,0.0,0.17279237802979242,0.5,0.49499999999999994
2020-11-14,99.7201436360677,14518133.333333334,0.0,0.036107247097888165,22.883333841959637,0.09,0.12,0.5,0.48833333333333334,100.0,0.00940864875715719,0.326767726882568,0.25709709850499896,0.2395099817502087,0.17129093167511178,-0.23974598170138908,0.0,0.0,0.17247319391047067,0.5,0.49333333333333323
2020-11-15,100.64963022867839,17188366.666666668,0.0,0.03577380124222714,22.666667302449543,0.09,0.12,0.5,0.48666666666666664,100.0,0.00932095120122245,0.32655102484423976,0.2574397289237057,0.23917331002871806,0.1912270283661618,-0.2418725767117626,0.0,0.0,0.17215207115500442,0.5,0.49166666666666664
2020-11-16,101.57911682128906,19858600.0,0.0,0.03544035538656611,22.450000762939453,0.09,0.12,0.5,0.485,100.0,0.009234873396940069,0.32537372656003183,0.25605022691025653,0.23797186325886696,0.19098565203642048,-0.23729051887699898,0.0,0.0,0.17183825710724876,0.5,0.48999999999999994
2020-11-17,100.54859161376953,14553200.0,0.0,0.035803584537796765,22.709999084472656,0.09,0.12,0.5,0.4833333333333333,100.0,-0.010145049885918578,0.32692732928526524,0.25727845811794053,0.23885370478684753,0.19033319580742428,-0.2441953905588941,0.0,0.0,0.1715324087500636,0.5,0.4883333333333333
2020-11-18,99.8038558959961,12571200.0,0.0,0.036070750650671245,23.84000015258789,0.09,0.11,0.5,0.4816666666666666,100.0,-0.007406724508227214,0.32745346942943504,0.25670335024321667,0.2382137231604826,0.19817008161358513,-0.2459460858922506,-0.009999999999999995,0.0,0.17123440531020617,0.5,0.48666666666666664
2020-11-19,100.07229614257812,10202500.0,0.0,0.03597399219131432,23.110000610351562,0.08,0.11,0.5,0.48,100.0,0.0026896781108514123,0.32749795337573495,0.2551739586477563,0.23817921442927095,0.17807411362542386,-0.2370725383869715,-0.020000000000000004,-0.009999999999999995,0.17087264622035536,0.5,0.48499999999999993
2020-11-20,99.21498107910156,12718900.0,0.0,0.036284842882042305,23.700000762939453,0.08,0.11,0.5,0.4783333333333333,100.0,-0.008566957055278324,0.32697295289981293,0.2547512905282587,0.23850816184258422,0.1549672973495686,-0.2353723308479998,-0.020000000000000004,-0.009999999999999995,0.1704895033604925,0.5,0.48333333333333334
2020-11-21,100.16756184895833,12882333.333333334,0.0,0.035946219179066395,23.353333791097004,0.08,0.10666666666666667,0.5,0.4766666666666666,100.0,0.00960117876852995,0.31484080901794453,0.2533360471390772,0.23853526194352423,0.18522315698066064,-0.25317662849053946,-0.02333333333333333,-0.009999999999999995,0.1700940879829307,0.5,0.48166666666666663
2020-11-22,101.12014261881511,13045766.666666666,0.0,0.035607595476090485,23.00666681925456,0.08,0.10333333333333333,0.5,0.47500000000000003,100.0,0.009509872779904116,0.3149092116111039,0.2501688011074578,0.23856153774414648,0.19298680783287808,-0.22486562465425022,-0.026666666666666672,-0.009999999999999995,0.16968580032074265,0.5,0.48
2020-11-23,102.07272338867188,13209200.0,0.0,0.035268971773114575,22.65999984741211,0.08,0.1,0.5,0.4733333333333334,100.0,0.009420287048522491,0.3131149205009965,0.2501997794668569,0.23885950668733413,0.19245794213725312,-0.2260623716550962,-0.04000000000000001,-0.009999999999999995,0.16930072378278038,0.5,0.47833333333333333
2020-11-24,106.79228210449219,20121600.0,0.0,0.03371030124140935,21.639999389648438,0.08,0.11,0.5,0.4716666666666666,105.0,0.046237217536062136,0.3319019885262848,0.26383590347577396,0.24805861604128615,0.19176446595031416,-0.2533817339931338,-0.009999999999999995,-0.009999999999999995,0.16893942967524045,0.5,0.4766666666666666
2020-11-25,105.6751708984375,11715600.0,0.0,0.03406665888867968,21.25,0.08,0.11,0.5,0.47,105.0,-0.01046059868784932,0.33276152509254486,0.26548395520666007,0.24379651027042798,0.5856620362333477,-0.24659382777248035,-0.009999999999999995,-0.009999999999999995,0.1686018159902205,0.5,0.47500000000000003
2020-11-26,105.32445526123047,8849600.0,0.0,0.03418047506806369,21.045000076293945,0.08,0.11,0.5,0.46833333333333327,105.0,-0.0033188083276827207,0.3254249132447118,0.26574409601330495,0.24393693451525095,0.21715985938261342,-0.24544865325190868,-0.009999999999999995,-0.009999999999999995,0.1682768954326197,0.5,0.47333333333333333
2020-11-27,104.97373962402344,5983600.0,0.0,0.03429429124744769,20.84000015258789,0.08,0.11,0.5,0.4666666666666666,105.0,-0.003329859493098497,0.30953240769408796,0.26596925045662867,0.2434734328829453,0.1579898755138696,-0.24440145779636227,-0.009999999999999995,-0.009999999999999995,0.16798486887668895,0.5,0.4716666666666666
2020-11-28,104.00961558024089,8793000.0,0.0,0.03461818924733017,20.75,0.08333333333333333,0.11,0.5,0.46499999999999997,103.33333333333333,-0.009184430765596052,0.3133455461261277,0.2661276173701179,0.24356857770430526,0.1564497347602552,-0.2420220232506332,-0.009999999999999995,-0.006666666666666668,0.16767020434475843,0.5,0.47000000000000003
2020-11-29,103.04549153645833,11602400.0,0.0,0.03494208724721265,20.65999984741211,0.08666666666666667,0.11,0.5,0.46333333333333326,101.66666666666667,-0.009269566456947098,0.3168438362223038,0.267248080308496,0.2436660207944746,0.18988908791002232,-0.24235430449072842,-0.009999999999999995,-0.003333333333333327,0.16738600614821064,0.5,0.46833333333333327
2020-11-30,102.08136749267578,14411800.0,0.0,0.03526598524709513,20.56999969482422,0.09,0.11,0.5,0.4616666666666666,100.0,-0.009356295257628378,0.3201298291707098,0.2684755620724384,0.24438010945286798,0.1912226261246117,-0.24351529133692076,-0.009999999999999995,0.0,0.1671108419088425,0.5,0.4666666666666667
2020-12-01,103.69207763671875,12668900.0,0.0,0.03471817791724131,20.770000457763672,0.09,0.12,0.5,0.46,105.0,0.015778688938101526,0.32135818490296925,0.26937241642789317,0.2444869983797699,0.1919219627016615,-0.2477526593445286,-0.0050000000000000044,0.0,0.16684527052310383,0.5,0.46499999999999997
2020-12-02,105.683837890625,10811300.0,0.0,0.03406386512690555,21.170000076293945,0.09,0.11,0.5,0.4629032258064516,105.0,0.019208413017668624,0.3235055808709162,0.2711580840158932,0.24599551464652966,0.24776661850421827,-0.23790952524224782,-0.020000000000000004,0.0,0.1665892652642187,0.5,0.46398617511520734
2020-12-03,104.99105072021484,12904400.0,0.0,0.034288636748606806,21.280000686645508,0.09,0.1,0.5,0.4658064516129032,105.0,-0.006555280204028402,0.3170772283504529,0.27188307189990035,0.24425509218755437,0.28327970325721596,-0.24047111318915732,-0.01999999999999999,0.0,0.16620017555893862,0.5,0.46362519201228874
2020-12-04,105.94361877441406,13583700.0,0.0,0.03398033823693984,20.790000915527344,0.09,0.11,0.5,0.4687096774193549,105.0,0.009072849996878851,0.2978593534190422,0.27203122247344513,0.2438827130314605,0.17533974288123835,-0.24317428302743116,-0.009999999999999995,0.0,0.16578441363420282,0.5,0.4639170506912443
2020-12-05,105.8108393351237,12297233.333333334,0.0,0.03402308662169453,20.96000035603841,0.09,0.10666666666666667,0.5,0.47161290322580646,105.0,-0.0012533028494438048,0.2811511776913845,0.2706850105341387,0.24325661265414278,0.18878664690681055,-0.22717452728822798,-0.013333333333333322,0.0,0.16534206613320834,0.5,0.46486175115207373
2020-12-06,105.67805989583333,11010766.666666666,0.0,0.03406583500644922,21.12999979654948,0.09,0.10333333333333333,0.5,0.4745161290322581,105.0,-0.0012548755885948282,0.2763025508213473,0.2693641824433743,0.2426114439756364,0.15237753527451078,-0.21365012449621876,-0.016666666666666663,0.0,0.16484982694080696,0.5,0.46645929339477726
2020-12-07,105.54528045654297,9724300.0,0.0,0.03410858339120391,21.299999237060547,0.09,0.1,0.5,0.4774193548387097,105.0,-0.0012564522798889088,0.25159030287358136,0.2671761259930372,0.24194656928047034,0.15146637479726244,-0.19065240449026188,-0.01999999999999999,0.0,0.16434117686006733,0.5,0.4687096774193548
2020-12-08,105.64920043945312,9592100.0,0.0,0.03407503308142059,20.68000030517578,0.09,0.1,0.5,0.4803225806451612,105.0,0.0009846009453065019,0.22419020501655224,0.26659448820696896,0.2416526257849123,0.15144801021847357,-0.2062074102580758,-0.009999999999999995,0.0,0.163816213183962,0.5,0.47161290322580646
2020-12-09,104.8265151977539,13073900.0,0.0,0.034342456135345575,22.270000457763672,0.09,0.1,0.5,0.4832258064516129,105.0,-0.007786951896249228,0.19532525347308205,0.26752406959876623,0.24131461545378224,0.15113070903558434,-0.21989390412253765,-0.009999999999999995,0.009999999999999995,0.1632749608723092,0.5,0.47451612903225804
2020-12-10,104.15106201171875,13668400.0,0.0,0.03456517802569252,22.520000457763672,0.09,0.1,0.5,0.4861290322580645,105.0,-0.006443533725803308,0.19617542031128216,0.26820065255300823,0.24113789528036894,0.17960686356307193,-0.2223775723395423,-0.009999999999999995,0.009999999999999995,0.1627083245281522,0.5,0.4774193548387097
2020-12-11,103.53621673583984,9981600.0,0.0,0.03477044181733012,23.309999465942383,0.09,0.1,0.5,0.4890322580645161,105.0,-0.005903399005280696,0.19139178851314304,0.26877091466301994,0.2414632530570432,0.17158760704952705,-0.22841210448969682,-0.006666666666666668,0.009999999999999995,0.1621596468622093,0.5,0.48032258064516126
2020-12-12,103.17250569661458,10691866.666666666,0.0,0.03489388740477128,23.779999415079754,0.09,0.1,0.5,0.4919354838709677,103.33333333333333,-0.0035128870910285936,0.1875611528531713,0.2661896887718126,0.24159056311816787,0.16830056543530816,-0.2135199779468402,-0.003333333333333327,0.009999999999999995,0.16161446079768882,0.5,0.48322580645161295
2020-12-13,102.80879465738933,11402133.333333334,0.0,0.03501733299221243,24.24999936421712,0.09,0.1,0.5,0.49483870967741933,101.66666666666667,-0.003525270969910954,0.18762271763554536,0.2659486232476146,0.24171071882189313,0.15731766003755973,-0.21358229339271767,0.0,0.009999999999999995,0.16104818089397077,0.5,0.48612903225806453
2020-12-14,102.44508361816406,12112400.0,0.0,0.03514077857965359,24.719999313354492,0.09,0.1,0.5,0.4977419354838709,100.0,-0.0035377424707422334,0.18654554772890766,0.2650647369832153,0.23521569126785372,0.15710723993406545,-0.22684866197018752,-0.009999999999999995,0.009999999999999995,0.1604714242874301,0.5,0.48903225806451606
2020-12-15,104.19435119628906,12590200.0,0.0,0.03455081737797908,22.889999389648438,0.09,0.09,0.5,0.5006451612903225,105.0,0.01707517351096044,0.190802890600638,0.2665170703855866,0.23650579434675123,0.1571466743695009,-0.24440183531257514,-0.020000000000000004,0.009999999999999995,0.15988433346530018,0.5,0.4919354838709677
2020-12-16,104.49742889404297,11169400.0,0.0,0.03445060838434871,22.5,0.09,0.09,0.5,0.5035483870967742,105.0,0.0029087728295649207,0.18936575526864016,0.2659326453195617,0.23537019595793454,0.26005281790823326,-0.23937156898699605,-0.020000000000000004,0.009999999999999995,0.15928692689825263,0.5,0.49483870967741933
2020-12-17,103.63145446777344,11618000.0,0.0,0.034738487638610746,21.93000030517578,0.09,0.09,0.5,0.5064516129032258,105.0,-0.008287040508409116,0.18848296941434353,0.26635698741712516,0.2359311820746403,0.1581407300258986,-0.2269263232463627,-0.020000000000000004,0.009999999999999995,0.15867811073345361,0.5,0.4977419354838709
2020-12-18,103.12054443359375,11652040.0,0.0,0.03491059923872184,21.56999969482422,0.09,0.09,0.5,0.5093548387096775,105.0,-0.004930067196331489,0.18764972678104502,0.26625728020693984,0.23528294101299474,0.18325239931006854,-0.2189708854669473,-0.020000000000000004,0.006666666666666668,0.1580375372294074,0.5,0.5006451612903225
2020-12-19,104.41084543863933,11686080.0,0.0,0.03448958258403969,22.766666412353516,0.09,0.09,0.5,0.5122580645161291,105.0,0.012512550356796215,0.19047630135329569,0.26691221221072836,0.23487329224449374,0.16356162572693833,-0.20170636285189217,-0.020000000000000004,0.003333333333333327,0.15737702162333256,0.5,0.5035483870967742
2020-12-20,105.70114644368489,11720120.0,0.0,0.03406856592935753,23.963333129882812,0.09,0.09,0.5,0.5151612903225806,105.0,0.012357921244913639,0.1905490562628688,0.26615930066792665,0.2343571295438098,0.21677916683927573,-0.1955985232961612,-0.020000000000000004,0.0,0.1566581273320422,0.5,0.5064516129032258
2020-12-21,106.99144744873047,11754160.0,0.0,0.03364754927467538,25.15999984741211,0.09,0.09,0.5,0.5180645161290323,105.0,0.012207067268972471,0.19156793601496505,0.25874236072338913,0.23368650201437938,0.21645798910184155,-0.16915624261286366,-0.03,0.0,0.15592186885305992,0.5,0.5093548387096775
2020-12-22,105.36341094970703,11788200.0,0.0,0.034167458774833924,24.229999542236328,0.09,0.09,0.5,0.5209677419354839,105.0,-0.015216510644961434,0.19680329604236282,0.2611475643186037,0.23344980382442054,0.21513033761746184,-0.14569575444419994,-0.020000000000000004,0.0,0.1551693041088249,0.5,0.5122580645161291
2020-12-23,108.30773162841797,14973200.0,0.0,0.03323862429647106,23.309999465942383,0.09,0.09,0.5,0.5238709677419355,110.0,0.027944432058263136,0.20985606403306736,0.2650425078002829,0.2368965773453607,0.245022977150915,-0.1484540206055029,-0.010000000000000009,0.0,0.15440051056750725,0.5,0.5151612903225807
2020-12-24,107.83143615722656,4164900.0,0.0,0.03338544053842445,21.530000686645508,0.09,0.1,0.5,0.5267741935483872,110.0,-0.004397612839178278,0.16566848379700586,0.2644272895649205,0.2370867694343861,0.3774859334713982,-0.11220811934938432,-0.009999999999999995,0.0,0.1536824086802302,0.5,0.5180645161290324
2020-12-25,108.00897026062012,5141825.0,0.0,0.033330834233098246,21.572500705718994,0.09,0.10250000000000001,0.5,0.5296774193548388,110.0,0.0016464039589967339,0.1624734041981053,0.2633214632627774,0.2368648336775241,0.16852871348100823,-0.09221363132551068,-0.004166666666666666,0.0,0.1530151581262289,0.5,0.520967741935484
2020-12-26,108.18650436401367,6118750.0,0.0,0.03327622792777203,21.61500072479248,0.09,0.10500000000000001,0.5,0.5325806451612903,110.0,0.0016436977684832765,0.16203400368118,0.2591435488011176,0.23664133626679978,0.15242950195009825,-0.0661450467093742,0.0016666666666666774,0.0,0.15237690676102877,0.5,0.5238709677419354
2020-12-27,108.36403846740723,7095675.0,0.0,0.033221621622445824,21.657500743865967,0.09,0.1075,0.5,0.5354838709677419,110.0,0.0016410004596896233,0.16154648319154813,0.25030296524397877,0.23641631990293308,0.15204584252955633,-0.08054508334068397,0.007499999999999993,0.0,0.1517342125915626,0.5,0.5267741935483872
2020-12-28,108.54157257080078,8072600.0,0.0,0.033167015317119616,21.700000762939453,0.09,0.11,0.5,0.5383870967741935,110.0,0.0016383119889624709,0.1585765571156992,0.2503206167099702,0.23562949227051544,0.15203270876303707,-0.08051040668122489,0.009999999999999995,0.0,0.15109929495237728,0.5,0.5296774193548387
2020-12-29,108.25579071044922,8389200.0,0.0,0.0332545721238034,23.079999923706055,0.09,0.11,0.5,0.5412903225806451,110.0,-0.002632925372120898,0.15580570044619638,0.2505191688755403,0.23556922904796507,0.15202788498925904,-0.089306828082798,0.009999999999999995,0.0,0.1504721694316924,0.5,0.5325806451612903
2020-12-30,108.55887603759766,7398000.0,0.0,0.033161728744807537,22.770000457763672,0.09,0.12,0.5,0.5441935483870968,110.0,0.0027997146864788824,0.15226251296581977,0.25042882978279185,0.2354601083638185,0.15421218073431966,-0.08780433486848335,0.01999999999999999,0.0,0.14985278772961252,0.5,0.5354838709677419
2020-12-31,110.0396957397461,8580200.0,0.0,0.0327154666849891,22.75,0.09,0.1,0.5,0.5470967741935484,110.0,0.013640705911837081,0.15074144921376725,0.2511026810094242,0.2358802464156691,0.1546996046168202,-0.08490425876096884,0.0,0.0,0.14925582218634958,0.5,0.5383870967741936
2021-01-01,109.77989959716797,10640125.0,0.0,0.030729231523063467,23.804999828338623,0.09,0.1,0.5,0.5446774193548387,110.0,-0.002360931124278709,0.14223082995903888,0.25134891584911345,0.23595017098304627,0.22685298249482305,-0.09120426309363902,0.0,0.0,0.14847915828638625,0.5,0.5405299539170507
2021-01-02,109.52010345458984,12700050.0,0.0,0.028742996361137835,24.859999656677246,0.09,0.1,0.5,0.542258064516129,110.0,-0.0023665183110153087,0.14072918804536386,0.24520041974911938,0.23601115029249795,0.1555670947881378,-0.08836794716834749,0.0,0.0,0.14813071625370489,0.5,0.5419124423963134
2021-01-03,109.26030731201172,14759975.0,0.0,0.0267567611992122,25.91499948501587,0.09,0.1,0.5,0.5398387096774194,110.0,-0.0023721320048409877,0.13923448867426844,0.23484818357756576,0.2360632920057912,0.15361092566139212,-0.11677746989877326,0.0,0.0,0.14758174540149294,0.5,0.5425345622119816
2021-01-04,109.0005111694336,16819900.0,0.0,0.024770526037286567,26.969999313354492,0.09,0.1,0.5,0.5374193548387097,110.0,-0.0023777723948389395,0.13943303960979733,0.22265953964189752,0.2351914775645264,0.1535805581423515,-0.03876784758686948,0.010000000000000009,0.0,0.14664207315421418,0.5,0.5423963133640554
2021-01-05,109.5936279296875,13731200.0,0.9,0.0328486251254468,25.34000015258789,0.09,0.1,0.5,0.5332258064516129,110.0,0.005441412649266786,0.1398422856537223,0.22001555572619985,0.23395253664431287,0.15359358958014868,-0.11158582537652788,0.010000000000000009,0.0,0.14631562057896996,0.5,0.5412442396313364
2021-01-06,114.73967742919922,17835800.0,0.0,0.031375371455278855,25.06999969482422,0.09,0.11,0.5,0.5290322580645161,115.0,0.04695573635734829,0.19026702352960573,0.22141867012177133,0.24314626411223872,0.16527536555414712,-0.14449958927207773,0.020000000000000004,0.0,0.14579845841454575,0.5,0.5390783410138249
2021-01-07,118.50762939453125,21940400.0,0.0,0.030377791019808628,22.3700008392334,0.09,0.11,0.5,0.5248387096774194,120.0,0.032839136816094516,0.20848325989251426,0.21480225054565036,0.24760289205920014,0.5937873206166512,-0.2606208229666331,0.020000000000000004,0.0,0.14528192355622416,0.5,0.5358986175115208
2021-01-08,118.63848876953125,12035100.0,0.0,0.030344284029050723,21.559999465942383,0.09,0.1,0.5,0.5206451612903226,120.0,0.001104227429647997,0.2057381586119783,0.20030103706312488,0.2476282720871545,0.4399753675644346,-0.29579450384187184,0.010000000000000009,0.0,0.14476601486333562,0.5,0.5324654377880185
2021-01-09,119.2286860148112,13336033.333333334,0.0,0.030195548462191718,22.399999618530273,0.09,0.1,0.5,0.5164516129032258,120.0,0.00497475356776067,0.20327785885175986,0.1999748507335896,0.24764051497715414,0.1633748580350047,-0.3011344898900046,0.010000000000000009,0.0,0.14425088759532456,0.5,0.528778801843318
2021-01-10,119.81888326009114,14636966.666666666,0.0,0.03004681289533271,23.239999771118164,0.09,0.1,0.5,0.512258064516129,120.0,0.004950127901322432,0.20085935948989123,0.19652994175947583,0.24765233609698464,0.1631863084115842,-0.3428459831938059,0.010000000000000009,0.0,0.14373628541293604,0.5,0.5248387096774194
2021-01-11,120.4090805053711,15937900.0,0.0,0.029898077328473705,24.079999923706055,0.09,0.1,0.5,0.5080645161290323,120.0,0.004925744834383128,0.19928007867231,0.19389115770842544,0.2454142342441621,0.16306562408318204,-0.3093272079888207,0.010000000000000009,0.0,0.14322221443186312,0.5,0.5206451612903226
2021-01-12,122.3017807006836,18033500.0,0.0,0.02943538499092253,23.329999923706055,0.09,0.11,0.5,0.5038709677419355,120.0,0.015718915777519493,0.19974996904930728,0.19541806317744864,0.24573603078102527,0.16294808653235152,-0.32749156815635905,0.020000000000000004,0.0,0.1427088635621936,0.5,0.5164516129032258
2021-01-13,122.41517639160156,14816800.0,0.0,0.02940811838953477,22.209999084472656,0.09,0.12,0.5,0.4996774193548387,120.0,0.0009271793940228701,0.19835047428212374,0.19511206979905565,0.24506784337358192,0.24671961088956676,-0.3167484912756335,0.01999999999999999,0.0,0.14219606852422917,0.5,0.5122580645161291
2021-01-14,123.13038635253906,18565600.0,0.0,0.029237299635304564,23.25,0.09,0.1,0.5,0.4954838709677419,125.0,0.005842494223506911,0.1955936294950145,0.19479721006686593,0.24490175532430936,0.1538528125643383,-0.3074130265629361,-0.0025000000000000022,0.0,0.14168389286562832,0.5,0.5080645161290323
2021-01-15,120.92369842529297,18821240.0,0.0,0.029770839354736504,24.34000015258789,0.09,0.1,0.5,0.4912903225806451,120.0,-0.017921554480695323,0.20719108443462078,0.1992781646788596,0.2471279811670163,0.16739365263255387,-0.3296741736048654,-0.0050000000000000044,0.0,0.14117233546489194,0.5,0.5038709677419354
2021-01-16,120.79286193847656,19076880.0,0.0,0.029803190688852906,24.06500005722046,0.09,0.1,0.5,0.48709677419354835,120.0,-0.0010819755640970596,0.20422817088853693,0.19758687490397664,0.24676013197709434,0.27207644723671115,-0.3256693772502586,-0.007499999999999993,0.0,0.14066140646721292,0.5,0.49967741935483867
2021-01-17,120.66202545166016,19332520.0,0.0,0.02983554202296931,23.789999961853027,0.09,0.1,0.5,0.4829032258064516,120.0,-0.0010831475032277993,0.20287991426948987,0.1965726396260123,0.2463856401599255,0.15496315652082174,-0.3110672108224548,-0.009999999999999995,0.0,0.1401509789342006,0.5,0.49548387096774194
2021-01-18,120.53118896484375,19588160.0,0.0,0.029867893357085715,23.514999866485596,0.09,0.1,0.5,0.47870967741935483,120.0,-0.0010843219838774232,0.20249513707817943,0.19676355057902478,0.24649199319498694,0.15131693829935516,-0.31105762407540716,-0.009999999999999995,0.0,0.13964125355405077,0.5,0.49129032258064514
2021-01-19,120.40035247802734,19843800.0,0.0,0.029900244691202116,23.239999771118164,0.09,0.1,0.5,0.4745161290322581,120.0,-0.0010854990143220888,0.20190050261089715,0.1954523759657576,0.24554349094708364,0.15123580611907728,-0.30108326480801434,-0.01999999999999999,0.0,0.1391322134316857,0.5,0.4870967741935484
2021-01-20,118.59486389160156,16028800.0,0.0,0.030355446111818833,21.579999923706055,0.09,0.1,0.5,0.4703225806451613,120.0,-0.014995708478139802,0.20810640164595676,0.19855231567541373,0.24186958186441482,0.15123531798158332,-0.23883996000712246,0.0,0.0,0.13862386052111453,0.5,0.48290322580645156
2021-01-21,117.60057067871094,13411700.0,0.0,0.030612096346329238,21.31999969482422,0.08,0.1,0.5,0.4661290322580644,120.0,-0.008383948345346837,0.20360476206723144,0.19937491890279227,0.24243816775835977,0.24175270196664783,-0.23074082478440847,0.0,-0.009999999999999995,0.1381159891208732,0.5,0.47870967741935483
2021-01-22,116.6934585571289,12933200.0,0.0,0.03085005830243321,21.90999984741211,0.08,0.1,0.5,0.4619354838709678,115.0,-0.007713501017442281,0.19303206371191883,0.19994526359216044,0.2423683758866668,0.18596926495237318,-0.2353418670228978,0.0,-0.009999999999999995,0.13760872820361425,0.5,0.4745161290322581
2021-01-23,116.20792388916016,13359733.333333334,0.0,0.03098004078826868,22.336666742960613,0.08,0.1,0.5,0.457741935483871,115.0,-0.004160770226302346,0.19295947188205256,0.1791466498794644,0.24191427221758544,0.1798347688845923,-0.1936246318284548,0.0,-0.009999999999999995,0.13710218816416675,0.5,0.47032258064516125
2021-01-24,115.7223892211914,13786266.666666666,0.0,0.031110023274104153,22.763333638509113,0.08,0.1,0.5,0.4535483870967742,115.0,-0.004178154567427428,0.19392027813557372,0.17781199088811683,0.24144904370561204,0.16006798900588073,-0.20752364512980043,0.0,-0.009999999999999995,0.1365961545844543,0.5,0.4661290322580645
2021-01-25,115.23685455322266,14212800.0,0.0,0.031240005759939623,23.190000534057617,0.08,0.1,0.5,0.4493548387096774,115.0,-0.004195684786983622,0.19483067861856396,0.17792339544827768,0.23886064320709333,0.15967005531840345,-0.21303030532132958,0.0,-0.009999999999999995,0.13609063041568015,0.5,0.4619354838709677
2021-01-26,114.7658920288086,11307800.0,0.0,0.03136820475456529,23.020000457763672,0.08,0.09,0.5,0.4451612903225806,115.0,-0.0040869088820586486,0.19565681518538167,0.17801837175435326,0.23310069100803782,0.1597335970521987,-0.2129748794867161,-0.020000000000000004,-0.009999999999999995,0.1355858140088786,0.5,0.45774193548387093
2021-01-27,111.52122497558594,17603900.0,0.0,0.032280850580578786,26.614999771118164,0.08,0.09,0.5,0.4409677419354838,110.0,-0.028272050134966697,0.21481958996057005,0.18724331100040012,0.23918089263996725,0.1592899226226104,-0.33559465487606543,-0.020000000000000004,-0.009999999999999995,0.13508158906603818,0.5,0.4535483870967742
2021-01-28,113.48371887207031,13761800.0,0.0,0.031722612157769205,30.209999084472656,0.07,0.08,0.5,0.4367741935483871,115.0,0.017597492288252692,0.2197715943190134,0.18887238060056988,0.24018887479076106,0.389322822121679,-0.23284619792438344,-0.020000000000000004,-0.01999999999999999,0.13457796804512068,0.5,0.4493548387096774
2021-01-29,112.22769165039062,14808100.0,0.0,0.03207764453727379,33.09000015258789,0.07,0.1,0.5,0.4325806451612903,110.0,-0.011067906781373593,0.2227830799511142,0.18933555931668275,0.24127110263159698,0.27060300739331516,-0.2676001128816199,0.0,-0.01999999999999999,0.13407494986177837,0.5,0.4451612903225806
2021-01-30,112.50389607747395,13565633.333333334,0.0,0.031999276617528334,32.14000002543131,0.07333333333333333,0.09333333333333334,0.5,0.4283870967741935,111.66666666666667,0.002461107619889047,0.21969895007532564,0.18706300127954767,0.24115703777309822,0.20787876975800365,-0.2699898138058447,-0.006666666666666668,-0.016666666666666663,0.1335725715142333,0.5,0.4409677419354839
2021-01-31,112.7801005045573,12323166.666666666,0.0,0.031920908697782885,31.18999989827474,0.07666666666666667,0.08666666666666667,0.5,0.4241935483870968,113.33333333333333,0.0024550654396282567,0.21955141112650728,0.18342571310266112,0.2410426182358381,0.1552035052796214,-0.279961879061701,-0.013333333333333336,-0.013333333333333322,0.13307071192735886,0.5,0.43677419354838704
2021-02-01,113.05630493164062,11080700.0,0.0,0.03184254077803743,30.239999771118164,0.08,0.08,0.5,0.42,115.0,0.0024490528546050605,0.21937206311348945,0.18274713895858385,0.23629715225645184,0.15380595090331825,-0.2811237501834537,-0.03,-0.009999999999999995,0.1325694216006721,0.5,0.43258064516129036
2021-02-02,116.53645324707031,12253600.0,0.0,0.03089162146000443,25.559999465942383,0.08,0.08,0.5,0.4239285714285714,115.0,0.030782434624357702,0.23484269200022553,0.19161830638794683,0.23386675067817064,0.1537596248861962,-0.3791468092591953,-0.039999999999999994,-0.009999999999999995,0.13206881165453543,0.5,0.42954739960500327
2021-02-03,117.87093353271484,10600800.0,0.0,0.030541880785230464,22.90999984741211,0.08,0.08,0.5,0.4278571428571428,120.0,0.011451183286102617,0.23592231032189098,0.19256613768299063,0.2258697832986524,0.4082608958569651,-0.3910234845494406,-0.020000000000000004,-0.009999999999999995,0.13156879155911239,0.5,0.427674456879526
2021-02-04,120.58354949951172,12419500.0,0.0,0.02985481862942323,21.770000457763672,0.08,0.07,0.5,0.4317857142857143,120.0,0.023013442631673042,0.24296025356482048,0.19717029255523838,0.22655674957678934,0.21495504062455922,-0.4030312722501133,-0.03,-0.009999999999999995,0.13106936784926337,0.5,0.42696181698485847
2021-02-05,120.3480224609375,10051300.0,0.0,0.02991324598763961,20.8700008392334,0.08,0.06,0.5,0.4357142857142857,120.0,-0.0019532269497106736,0.2067648171704515,0.19722772487281245,0.21594079984361056,0.32294406299980233,-0.3972418713701191,-0.04000000000000001,-0.009999999999999995,0.13057053945864072,0.5,0.42740947992100065
2021-02-06,120.97601064046223,10079666.666666666,0.0,0.029759561462397225,20.99333381652832,0.07666666666666667,0.06333333333333334,0.5,0.43964285714285717,120.0,0.005218101358737126,0.18561078587602137,0.19730737975140014,0.2054266187390306,0.1584451074298907,-0.3981225787325345,-0.03666666666666667,-0.013333333333333322,0.13007247440438863,0.5,0.4290174456879526
2021-02-07,121.60399881998698,10108033.333333334,0.0,0.029605876937154836,21.116666793823242,0.07333333333333333,0.06666666666666667,0.5,0.44357142857142856,120.0,0.0051910141208997285,0.1860652213968356,0.196267735687198,0.19510345488462086,0.16425554922594315,-0.38811003613465106,-0.03333333333333334,-0.016666666666666663,0.129574978122021,0.5,0.4317857142857143
2021-02-08,122.23198699951172,10136400.0,0.0,0.02945219241191245,21.239999771118164,0.07,0.07,0.5,0.4475,120.0,0.005164206651249614,0.18610246037717404,0.19545010479423078,0.19496473367769437,0.16424965740187641,-0.3869873555007135,-0.03,-0.01999999999999999,0.12907791838881644,0.5,0.4357142857142858
2021-02-09,121.7435531616211,8614800.0,0.0,0.029570354294003624,21.6299991607666,0.08,0.07,0.5,0.4514285714285714,120.0,-0.003995957603901035,0.186191470747166,0.19512952890221485,0.19307675513867162,0.16411813536932435,-0.3842009211117769,-0.03,-0.009999999999999995,0.12858147392808128,0.5,0.4396428571428571
2021-02-10,121.81334686279297,10323200.0,0.0,0.02955341177888279,21.989999771118164,0.08,0.07,0.5,0.4553571428571428,120.0,0.0005732845753172455,0.18572810248701607,0.19475232690528338,0.19151153999047785,0.15902562892260677,-0.3828017317312685,-0.03,0.0,0.12808560603865415,0.5,0.4435714285714285
2021-02-11,121.4731674194336,9201000.0,0.0,0.02963617460940648,21.25,0.08,0.07,0.5,0.4592857142857143,120.0,-0.0027926286578641157,0.18020719999333298,0.19465658578606027,0.19159484360031986,0.15097284078357245,-0.37536252951807725,-0.03,0.0,0.12759032712367846,0.5,0.44749999999999995
2021-02-12,123.20018005371094,8324600.0,0.0,0.029220736515405476,19.969999313354492,0.08,0.06,0.5,0.4632142857142857,125.0,0.014217235550581853,0.18493380113283792,0.1955686173134057,0.1922551605204456,0.15463028854180086,-0.3817853058746027,-0.04000000000000001,0.0,0.12709563613443087,0.5,0.45142857142857146
2021-02-13,123.94155502319336,9276100.0,0.0,0.029049029576925053,20.342499256134033,0.08,0.065,0.5,0.4671428571428571,125.0,0.006017645178434172,0.1849804016055083,0.19353310228962045,0.19199874346070964,0.2322191335083018,-0.36429182954204786,-0.035,0.0,0.12660186516181393,0.5,0.45535714285714285
2021-02-14,124.68292999267578,10227600.0,0.0,0.028877322638444634,20.714999198913574,0.08,0.07,0.5,0.4710714285714285,125.0,0.005981649732760719,0.17727384554549708,0.19363544164863908,0.19174702612669894,0.17034953318464482,-0.3627533637760457,-0.03,0.0,0.1261085806759603,0.5,0.45928571428571424
2021-02-15,125.4243049621582,11179100.0,0.0,0.028705615699964215,21.087499141693115,0.08,0.075,0.5,0.4749999999999999,125.0,0.005946082350855697,0.17771512802788142,0.1922921248558527,0.19067228571778172,0.16850979873705194,-0.3708297265651853,-0.015,0.0,0.12561570613810158,0.5,0.4632142857142857
2021-02-16,126.16567993164062,12130600.0,0.0,0.028533908761483793,21.459999084472656,0.08,0.08,0.5,0.4789285714285713,125.0,0.005910935441947318,0.17806769151577964,0.19161806551195823,0.19001790770546456,0.16827289887845429,-0.37406841122024537,-0.009999999999999995,0.0,0.12512315478131986,0.5,0.4671428571428571
2021-02-17,126.55816650390625,10810100.0,0.0,0.028445418414693023,21.5,0.08,0.07,0.5,0.4828571428571429,125.0,0.003110882234204082,0.1779559839900143,0.19068283321840754,0.19001971884680163,0.16807524858496556,-0.39012103143922977,-0.009999999999999995,0.009999999999999995,0.12463139383596822,0.5,0.4710714285714285
2021-02-18,126.985595703125,10587800.0,0.0,0.02834967210309671,22.489999771118164,0.07,0.06,0.5,0.4867857142857143,125.0,0.0033773340040095245,0.17783448835521382,0.18974343370815935,0.18907309268393543,0.15594411858011648,-0.4044781601409865,-0.04000000000000001,0.0,0.12414020841460682,0.5,0.475
2021-02-19,129.10504150390625,11969800.0,0.0,0.02788427127294698,22.049999237060547,0.07,0.07,0.5,0.4907142857142857,130.0,0.016690442636787095,0.17537137549067927,0.19085920613656687,0.19014654449547083,0.15652549809516358,-0.4223082599466811,-0.02333333333333333,-0.003333333333333327,0.12364960364712396,0.5,0.47892857142857137
2021-02-20,129.50917053222656,11809333.333333334,0.0,0.027797799006136777,22.516666412353516,0.07,0.06666666666666667,0.5,0.4946428571428571,130.0,0.003130234293043266,0.17209746797735304,0.18694044956532588,0.18981484931179848,0.256200857174133,-0.4503448353003244,-0.020000000000000004,-0.006666666666666668,0.12315963922050721,0.5,0.48285714285714276
2021-02-21,129.91329956054688,11648866.666666666,0.0,0.027711326739326574,22.983333587646484,0.07,0.06333333333333334,0.5,0.49857142857142855,130.0,0.0031204665017892097,0.16893758710154466,0.18005366880996207,0.1894847760542065,0.15865875769680116,-0.4441226211478525,-0.016666666666666663,-0.009999999999999995,0.1226692197979029,0.5,0.48678571428571427
2021-02-22,130.3174285888672,11488400.0,0.0,0.02762485447251637,23.450000762939453,0.07,0.06,0.5,0.5025,130.0,0.003110759481033565,0.167347039659507,0.17938499976886313,0.17529982677871073,0.15575349841623515,-0.46791438515972555,-0.020000000000000004,-0.009999999999999995,0.12217938285399721,0.5,0.49071428571428566
2021-02-23,131.36410522460938,16234400.0,0.0,0.027404746478078144,23.110000610351562,0.07,0.08,0.5,0.5064285714285713,130.0,0.008031747150600177,0.1660023354203891,0.1796288379446538,0.17422801284687753,0.15565769454460632,-0.46896795749554454,0.0,-0.009999999999999995,0.12169115585054313,0.5,0.4946428571428571
2021-02-24,133.6754150390625,15061400.0,0.0,0.02693090572374892,21.34000015258789,0.07,0.08,0.5,0.5103571428571428,135.0,0.017594683193717042,0.16828889715245934,0.1819237163913962,0.17574863582094355,0.18094508609752702,-0.4837797703527911,0.009999999999999995,-0.009999999999999995,0.1212034404537119,0.5,0.49857142857142855
2021-02-25,131.86123657226562,18127700.0,0.0,0.02730142757327356,28.889999389648438,0.07,0.09,0.5,0.5142857142857143,130.0,-0.013571519237600582,0.17491197221892082,0.18527425244590492,0.1775847100225608,0.26562467587476635,-0.49536465995972706,0.03,-0.009999999999999995,0.1207162995706994,0.5,0.5025
2021-02-26,128.36366271972656,19829200.0,0.0,0.028045320020669392,27.950000762939453,0.07,0.08,0.5,0.5182142857142857,130.0,-0.026524655338130754,0.17199216496163353,0.19529668821895074,0.18326225374466254,0.2302128735365445,-0.4421239158470261,0.016666666666666663,-0.006666666666666668,0.12022973218696498,0.5,0.5064285714285715
2021-02-27,129.33182779947916,18167966.666666668,0.0,0.02783847245065182,26.416667302449543,0.07,0.08,0.5,0.5221428571428571,130.0,0.00754236097069394,0.16795288626781266,0.19519869271403043,0.1823943468991658,0.369532048962074,-0.4413480255269884,0.013333333333333336,-0.003333333333333327,0.11974408379866253,0.5,0.5103571428571428
2021-02-28,130.29999287923178,16506733.333333334,0.0,0.027631624880634247,24.883333841959637,0.07,0.08,0.5,0.5260714285714286,130.0,0.007485899613618008,0.16157798243791774,0.19541518283402454,0.18145255059242174,0.18458126429961413,-0.4435357469301011,0.009999999999999995,0.0,0.11925613464963392,0.5,0.5142857142857143
2021-03-01,131.26815795898438,14845500.0,0.0,0.027424777310616676,23.350000381469727,0.07,0.08,0.5,0.53,130.0,0.0074302773036214464,0.16154368635004657,0.19440722667163066,0.1803075593381142,0.17790322324676222,-0.44786858462396595,0.009999999999999995,-0.009999999999999995,0.11876841725222254,0.5,0.5182142857142857
2021-03-02,130.84072875976562,14221700.0,0.0,0.027514368302013186,24.100000381469727,0.07,0.08,0.5,0.5264516129032258,130.0,-0.0032561529457304506,0.1632104775296093,0.19452050886890393,0.17841251342877956,0.17738932703291913,-0.4475613118873423,0.009999999999999995,-0.009999999999999995,0.11828414112968089,0.5,0.5210747202106649
2021-03-03,133.37014770507812,14324100.0,0.0,0.0269925471475123,26.670000076293945,0.07,0.08,0.5,0.5229032258064517,135.0,0.019332045680949372,0.16808796911288332,0.19700150650272796,0.17994500621755158,0.1566698550085276,-0.39746862496387625,0.009999999999999995,-0.009999999999999995,0.1178004303693636,0.5,0.5228670177748519
2021-03-04,131.32044982910156,20093900.0,0.0,0.0274138567503004,28.56999969482422,0.07,0.08,0.5,0.5193548387096775,130.0,-0.015368490709848137,0.16164040690781648,0.20041362569675175,0.1821500041156634,0.2831071199471486,-0.41073698764077304,0.020000000000000004,-0.009999999999999995,0.11731728706443101,0.5,0.5235911784068467
2021-03-05,131.62574768066406,18465100.0,0.0,0.027350271990355,24.65999984741211,0.07,0.08,0.5,0.5158064516129032,130.0,0.0023248309913634913,0.1601601288262992,0.20009932244380513,0.1820459203171424,0.24806832266220938,-0.38887131427413996,0.015,-0.009999999999999995,0.11683471021692116,0.5,0.5232472021066491
2021-03-06,132.20721435546875,18021166.666666668,0.0,0.0272310303760741,24.929999669392902,0.07,0.08333333333333333,0.5,0.512258064516129,131.66666666666666,0.004417575474787716,0.14965662617907083,0.20006056035056025,0.18196829536689493,0.1561911147844074,-0.38848096585385217,0.013333333333333322,-0.009999999999999995,0.11635281830717514,0.5,0.5218350888742594
2021-03-07,132.78868103027344,17577233.333333332,0.0,0.0271117887617932,25.1999994913737,0.07,0.08666666666666667,0.5,0.5087096774193548,133.33333333333334,0.004398146331419328,0.14893418286605997,0.17916160028246644,0.18188443959946396,0.16051344105863274,-0.4236475014161686,0.011666666666666672,-0.009999999999999995,0.11584227619054399,0.5,0.5193548387096774
2021-03-08,133.37014770507812,17133300.0,0.0,0.0269925471475123,25.469999313354492,0.07,0.09,0.5,0.5051612903225806,135.0,0.004378887344111293,0.14886000570199304,0.16806778827022095,0.18189005688586485,0.1605256730666379,-0.3847143003186709,0.009999999999999995,-0.009999999999999995,0.11533232325284981,0.5,0.5158064516129033
2021-03-09,132.4281768798828,16238800.0,0.0,0.027184547011209946,24.030000686645508,0.07,0.1,0.5,0.5016129032258064,130.0,-0.0070628310862960175,0.15169830175828158,0.1690833307775069,0.18177593644225223,0.1604439984594623,-0.36926079114046456,0.03,-0.009999999999999995,0.11485214626517504,0.5,0.512258064516129
2021-03-10,135.3064727783203,14342200.0,0.0,0.026606265953721734,22.559999465942383,0.07,0.08,0.5,0.4980645161290322,135.0,0.021734769489790917,0.16097884133704066,0.17372478285991755,0.18384054453091217,0.17498644894993237,-0.38577476446419345,0.020000000000000004,0.0,0.11437243380146467,0.5,0.5087096774193548
2021-03-11,134.6000213623047,11771500.0,0.0,0.02674590957389102,21.90999984741211,0.07,0.08,0.5,0.494516129032258,135.0,-0.005221120627193043,0.16150858145728664,0.17426716203423953,0.18375081445017324,0.3086672560463308,-0.3829911925620936,0.009999999999999995,0.0,0.11389328178603875,0.5,0.5051612903225806
2021-03-12,136.19613647460938,12849500.0,0.0,0.026432467859843715,20.690000534057617,0.07,0.09,0.5,0.4909677419354838,135.0,0.011858208462006026,0.1630983122420836,0.17533469093756368,0.18401816299601856,0.16910598187683343,-0.39237268678064885,0.02333333333333333,0.0,0.1134146892373118,0.5,0.5016129032258064
2021-03-13,135.96934509277344,12600033.333333334,0.0,0.026476703717047616,20.470000584920246,0.07,0.08666666666666667,0.5,0.48741935483870963,135.0,-0.0016651821975743886,0.16273846792733246,0.17319560454313485,0.18385467353643506,0.21114369675989597,-0.38871425256746756,0.02333333333333333,0.0,0.11293667239227934,0.5,0.49806451612903224
2021-03-14,135.7425537109375,12350566.666666666,0.0,0.026520939574251518,20.25000063578288,0.07,0.08333333333333333,0.5,0.4838709677419354,135.0,-0.001667959654297002,0.16042148392566022,0.17333097854772578,0.1836893627540667,0.15364679080991953,-0.3898725323698114,0.02333333333333333,0.0,0.11242316751805204,0.5,0.49451612903225806
2021-03-15,135.51576232910156,12101100.0,0.0,0.02656517543145542,20.030000686645508,0.07,0.08,0.5,0.4803225806451612,135.0,-0.0016707463918712584,0.16081166024546764,0.17325395684725903,0.18236384792976026,0.15211925627253492,-0.3947921952549573,0.0,0.0,0.11191028213110221,0.5,0.49096774193548376
2021-03-16,133.8934783935547,12805600.0,0.0,0.026887045158528765,19.790000915527344,0.07,0.07,0.5,0.4767741935483871,135.0,-0.011971182596509644,0.16628020551762468,0.1707471580092496,0.18407483721781212,0.15208976221419898,-0.3791645525070162,-0.009999999999999995,0.0,0.11143399646822316,0.5,0.48741935483870963
2021-03-17,135.2716064453125,13952400.0,0.0,0.026613123733807403,19.229999542236328,0.07,0.07,0.5,0.4732258064516129,135.0,0.010292719767179825,0.16754547583483254,0.17153452598995014,0.1835320969433706,0.21309925581826605,-0.38141074071149,-0.01999999999999999,0.0,0.11095824465158843,0.5,0.48387096774193544
2021-03-18,137.5044708251953,21898500.0,0.0,0.026180966905261983,21.579999923706055,0.07,0.08,0.5,0.4696774193548387,140.0,0.01650652667295338,0.17207032294770974,0.17395652432897843,0.18439679528115283,0.19903513703741854,-0.3404262352744026,0.0,0.0,0.11048304637366013,0.5,0.4803225806451613
2021-03-19,135.31521606445312,21410075.0,0.0,0.026604546810798088,20.950000762939453,0.07,0.07,0.5,0.4661290322580644,135.0,-0.01592133512171623,0.18058629501325013,0.17781585577272216,0.18650445843004504,0.25503637458608114,-0.3242389881649214,-0.009999999999999995,0.0,0.11000840066893458,0.5,0.476774193548387
2021-03-20,134.1028289794922,20921650.0,0.0,0.02684950037577364,20.260000228881836,0.07,0.06666666666666667,0.5,0.4625806451612902,133.33333333333334,-0.008959724709625028,0.18344395127617977,0.17912375088907398,0.18686647907367174,0.25293225142016246,-0.31617871751898774,-0.013333333333333336,0.0,0.10953481412397736,0.5,0.47322580645161283
2021-03-21,132.89044189453125,20433225.0,0.0,0.02709445394074919,19.56999969482422,0.07,0.06333333333333334,0.5,0.4590322580645161,131.66666666666666,-0.009040727135937954,0.18057411204808002,0.17710859248489466,0.18718792442100196,0.19050666489299534,-0.3393260309641385,-0.016666666666666663,0.0,0.10905765702664882,0.5,0.46967741935483864
2021-03-22,131.6780548095703,19944800.0,0.0,0.027339407505724743,18.8799991607666,0.07,0.06,0.5,0.4554838709677419,130.0,-0.00912320756614804,0.18279511720647273,0.17730062517174003,0.18581201607137593,0.18948860026434336,-0.3343576029459137,-0.020000000000000004,0.0,0.10858058863823361,0.5,0.4661290322580645
2021-03-23,130.36106872558594,17076300.0,0.0,0.027615606677620228,20.299999237060547,0.07,0.08,0.5,0.4519354838709677,130.0,-0.01000156089706039,0.18515988505071862,0.17789816387707336,0.18205632354304516,0.19009255143552128,-0.34137717108818294,0.0,0.0,0.10810818948959433,0.5,0.4625806451612902
2021-03-24,131.372802734375,13079800.0,0.0,0.02740293215239462,21.200000762939453,0.07,0.07,0.5,0.4483870967741935,130.0,0.007761013458080779,0.18629093828232968,0.17785120523694828,0.18196855491480313,0.1970015789958262,-0.33394496095131,-0.009999999999999995,0.0,0.10763629818969034,0.5,0.4590322580645161
2021-03-25,133.05618286132812,15608300.0,0.0,0.027056239872384886,19.809999465942383,0.07,0.07,0.5,0.4448387096774193,135.0,0.012813764279329343,0.18848959379239252,0.17869736795942215,0.1828176173199119,0.18001384410747925,-0.3405435350217211,-0.009999999999999995,0.0,0.1071649537078827,0.5,0.4554838709677419
2021-03-26,135.2716064453125,16754400.0,0.0,0.026613123733807403,18.860000610351562,0.07,0.06,0.5,0.4412903225806451,135.0,0.016650286640894407,0.1877791315702875,0.18049841117916007,0.18434923151496177,0.2197543918424401,-0.34435254055742115,-0.02333333333333333,0.0,0.10669415509425972,0.5,0.45193548387096766
2021-03-27,134.57091776529947,17026366.666666668,0.0,0.026753152110291355,19.486666997273762,0.07,0.06,0.5,0.4377419354838709,135.0,-0.005179865150018004,0.1838309601088577,0.18068816488481512,0.1847917342699218,0.2568380328659026,-0.34869746029721815,-0.026666666666666672,0.0,0.10622406840638354,0.5,0.4483870967741935
2021-03-28,133.87022908528647,17298333.333333332,0.0,0.02689318048677531,20.113333384195965,0.07,0.06,0.5,0.4341935483870967,135.0,-0.005206835857618608,0.16540730938519027,0.16935362295103032,0.18522834522910192,0.16695622085722014,-0.28373376410051987,-0.03,0.0,0.10575363343353561,0.5,0.44483870967741934
2021-03-29,133.16954040527344,17570300.0,0.0,0.027033208863259262,20.739999771118164,0.07,0.06,0.5,0.4306451612903225,135.0,-0.005234088899382039,0.16544371545572986,0.16748725128442096,0.18547799287621305,0.1645227050761076,-0.3574701419176029,-0.04000000000000001,0.0,0.10528419934358135,0.5,0.4412903225806451
2021-03-30,134.7395477294922,13184300.0,0.0,0.02671821347676991,19.610000610351562,0.07,0.06,0.5,0.4270967741935484,135.0,0.011789537753458923,0.16734554575649394,0.16598821161846672,0.18614536726317352,0.1646044383558108,-0.335740030093582,-0.020000000000000004,0.0,0.10481619816021426,0.5,0.4377419354838709
2021-03-31,132.77706909179688,16736700.0,0.0,0.027113115424404356,19.399999618530273,0.06,0.07,0.5,0.4235483870967741,135.0,-0.014564978662651051,0.17229700668857026,0.16991382759841311,0.18734582902720873,0.21047137439846772,-0.3290309886089937,-0.009999999999999995,-0.010000000000000009,0.10434811470081629,0.5,0.4341935483870967
2021-04-01,134.06790161132812,16561500.0,0.0,0.026852064936741107,17.329999923706055,0.07,0.06,0.5,0.42,135.0,0.00972180308211823,0.173991593332576,0.1705014118659579,0.18761885390328673,0.23850291320932163,-0.3374341615953467,-0.03,0.0,0.10388057145625273,0.5,0.4306451612903225
2021-04-02,134.24557876586914,15798125.0,0.225,0.02848607051918106,17.47499990463257,0.07,0.06,0.5,0.41733333333333333,135.0,0.0013252773587528743,0.16511209259512188,0.17052914828669397,0.1874647281275738,0.19521284475617462,-0.3386692135552696,-0.026666666666666672,0.0,0.10360365425061291,0.5,0.4272227342549923
2021-04-03,134.42325592041016,15034750.0,0.45,0.03012007610162102,17.619999885559082,0.07,0.06,0.5,0.41466666666666663,135.0,0.0013235233232589128,0.158263166247264,0.1606578219192612,0.1873078122098946,0.1526513406919731,-0.24735079447493558,-0.02333333333333333,0.0,0.10408785936204623,0.5,0.42392626728110594
2021-04-04,134.60093307495117,14271375.0,0.675,0.03175408168406097,17.764999866485596,0.07,0.06,0.5,0.412,135.0,0.0013217739246416116,0.15820489556431386,0.1595683653597757,0.18714808948611597,0.15156180052211196,-0.22899927392410363,-0.020000000000000004,0.0,0.10423328988761282,0.5,0.4207557603686635
2021-04-05,134.7786102294922,13508000.0,0.9,0.03338808726650093,17.90999984741211,0.07,0.06,0.5,0.4093333333333333,135.0,0.0013200291445385481,0.157836336256404,0.15372277079038082,0.187082720036555,0.1515349861870199,-0.21253507942180086,-0.010000000000000009,0.0,0.10456998406452422,0.5,0.4177112135176651
2021-04-06,133.8310546875,13071600.0,0.0,0.026899586261246472,18.1200008392334,0.07,0.06,0.5,0.4066666666666666,135.0,-0.007030459361309305,0.15895682491910196,0.15461542540815917,0.17256851909763,0.15153200967689331,-0.21844203388418396,-0.010000000000000009,0.0,0.10414950237556786,0.5,0.41479262672811057
2021-04-07,135.92791748046875,16903500.0,0.0,0.026484625577503442,17.15999984741211,0.07,0.06,0.5,0.4039999999999999,135.0,0.015667983771517013,0.16466571657954204,0.15703052149325855,0.16631784662811455,0.17460220701133933,-0.22960429380573744,-0.020000000000000004,0.0,0.1037293987402872,0.5,0.412
2021-04-08,136.09463500976562,12335500.0,0.0,0.02645218159952946,16.950000762939453,0.07,0.05,0.5,0.4013333333333333,135.0,0.0012265142612872815,0.16303309947991637,0.1568915419069271,0.16631709834565137,0.2464017771933586,-0.23043411168730463,-0.020000000000000004,0.0,0.10330967902942478,0.5,0.40933333333333327
2021-04-09,137.11233520507812,12122400.0,0.0,0.02625584339013336,16.690000534057617,0.07,0.06,0.5,0.3986666666666666,135.0,0.0074778862167452775,0.15234730509620312,0.15716701519071516,0.16651464111999725,0.1541687328748928,-0.2319951029584123,-0.006666666666666668,0.0,0.10289034271692943,0.5,0.4066666666666666
2021-04-10,137.01583353678384,12172733.333333334,0.0,0.026274361737443627,16.763333638509113,0.07,0.06,0.5,0.39599999999999996,135.0,-0.0007038146360058839,0.15144352270490383,0.15678126763485797,0.16645750865854525,0.17720286081897546,-0.22995145999262182,-0.003333333333333341,0.0,0.10246897786785225,0.5,0.4039999999999999
2021-04-11,136.9193318684896,12223066.666666666,0.0,0.026292880084753896,16.836666742960613,0.07,0.06,0.5,0.39333333333333337,135.0,-0.0007043103399312356,0.14770040651688718,0.15685172822212085,0.16639580043863647,0.15151077642729197,-0.22977386847811518,0.0,0.0,0.10204719425508135,0.5,0.40133333333333326
2021-04-12,136.8228302001953,12273400.0,0.0,0.026311398432064162,16.90999984741211,0.07,0.06,0.5,0.3906666666666667,135.0,-0.0007048067426078664,0.14762241330623535,0.15663991597780832,0.16469257234073623,0.15088728871626503,-0.23464351006206402,-0.020000000000000004,0.0,0.10162667815690529,0.5,0.39866666666666667
2021-04-13,135.19093322753906,16113600.0,0.0,0.026629004727268663,16.649999618530273,0.07,0.06,0.5,0.3879999999999999,135.0,-0.01192708095767725,0.1517423988358385,0.15714216599958775,0.16617716540697366,0.15087369537672568,-0.2143452886971216,-0.010000000000000009,0.0,0.10120895605773272,0.5,0.39599999999999996
2021-04-14,132.66416931152344,19939600.0,0.0,0.027136189211319307,16.989999771118164,0.07,0.06,0.5,0.3853333333333333,135.0,-0.018690335628964383,0.16114752144010297,0.1623118591631814,0.16929776386183304,0.21268516706706317,-0.218946415342884,-0.010000000000000009,0.0,0.10079153399763707,0.5,0.39333333333333337
2021-04-15,133.50645446777344,17694100.0,0.0,0.02696498842959678,16.56999969482422,0.07,0.06,0.5,0.3826666666666666,135.0,0.006349002602745957,0.15869716699344447,0.16235998415441924,0.1664807947495474,0.28096715501027,-0.22345267539244043,0.0,0.0,0.10037449219364003,0.5,0.3906666666666666
2021-04-16,134.49781799316406,13773400.0,0.0,0.026766233487765374,16.25,0.07,0.06,0.5,0.38,135.0,0.007425584997689638,0.15729620868850677,0.16257293233437442,0.1667705742569546,0.17382091255574456,-0.2274708952722059,0.0,0.0,0.09995783012637949,0.5,0.388
2021-04-17,134.30773417154947,13149000.0,0.0,0.026804222888181357,16.59666697184245,0.07,0.06666666666666667,0.5,0.37733333333333335,135.0,-0.0014132855421064017,0.14926354922244922,0.16235459762883878,0.16678427459321615,0.1772684454598108,-0.23150866082584434,0.006666666666666668,0.0,0.09954155944823917,0.5,0.38533333333333336
2021-04-18,134.1176503499349,12524600.0,0.0,0.02684221228859734,16.943333943684895,0.07,0.07333333333333333,0.5,0.37466666666666665,135.0,-0.0014152857449875045,0.14211297733583525,0.16237359962757852,0.16679799634278217,0.1522881596470885,-0.23278567781274548,0.013333333333333336,0.0,0.09912377123316873,0.5,0.38266666666666665
2021-04-19,133.9275665283203,11900200.0,0.0,0.026880201689013325,17.290000915527344,0.07,0.08,0.5,0.372,135.0,-0.0014172916176106165,0.1397572691598608,0.16236734164293892,0.16681173954240955,0.1516861130179096,-0.23785548978426418,0.020000000000000004,0.0,0.09870635176942044,0.5,0.37999999999999995
2021-04-20,130.96212768554688,13716700.0,0.0,0.02748886310585881,18.68000030517578,0.07,0.07,0.5,0.3693333333333333,130.0,-0.022142109497273355,0.15202161692066493,0.1658957714946267,0.169252593778775,0.15167557724182631,-0.2617019876310754,0.0,0.010000000000000009,0.09829120671394431,0.5,0.37733333333333335
2021-04-21,132.07638549804688,12236700.0,0.0,0.027256954272520097,17.5,0.07,0.07,0.5,0.3666666666666666,130.0,0.008508244575679447,0.1518671491468793,0.16665341734589667,0.16892178300626595,0.3181463515885967,-0.27125281648201727,0.010000000000000009,0.0,0.09787643802952672,0.5,0.37466666666666665
2021-04-22,129.2951202392578,15256100.0,0.0,0.0278432781789311,18.709999084472656,0.07,0.06,0.5,0.364,130.0,-0.021058005549600578,0.16156984230566096,0.1723148020756141,0.1724542407521339,0.18889187963684564,-0.291924106323739,0.0,0.0,0.09746204598253949,0.5,0.372
2021-04-23,131.76930236816406,14041900.0,0.0,0.02732047552275554,17.329999923706055,0.07,0.07,0.5,0.3613333333333333,130.0,0.019135928133465763,0.16948305504062783,0.17657489778002033,0.1747642575917442,0.3064646376391751,-0.31030336482571086,0.010000000000000009,0.0,0.09704803006019813,0.5,0.36933333333333324
2021-04-24,131.87749226888022,12960966.666666666,0.0,0.027298099015140173,17.433333079020183,0.07,0.06666666666666667,0.5,0.35866666666666663,130.0,0.000821055426201367,0.16523120009743367,0.1758291611890023,0.17451197815856187,0.28381506452609623,-0.309525815006323,0.006666666666666668,0.0,0.09663439381797034,0.5,0.36666666666666664
2021-04-25,131.98568216959634,11880033.333333334,0.0,0.027275722507524806,17.53666623433431,0.07,0.06333333333333334,0.5,0.3559999999999999,130.0,0.0008203818472338753,0.15743386431271308,0.17207260378198672,0.1742531822391553,0.15518145992845372,-0.28796027115324635,0.003333333333333341,0.0,0.09621869419966589,0.5,0.36399999999999993
2021-04-26,132.0938720703125,10799100.0,0.0,0.027253345999909438,17.639999389648438,0.07,0.06,0.5,0.3533333333333333,130.0,0.0008197093725448301,0.15694608888192077,0.16978116160621207,0.17399959933083553,0.1510619054563567,-0.24469433654631317,0.0,0.0,0.0958034921897637,0.5,0.36133333333333334
2021-04-27,132.69927978515625,12821200.0,0.0,0.02712900933470399,17.559999465942383,0.07,0.06,0.5,0.3506666666666666,135.0,0.004583162756569781,0.1570177490448679,0.1604677671477631,0.1663645648349645,0.1509680283577053,-0.2918646305631462,0.0,0.0,0.09539110252201333,0.5,0.35866666666666663
2021-04-28,133.55908203125,8943700.0,0.0,0.026954363157105827,17.280000686645508,0.07,0.05,0.5,0.348,135.0,0.006479328655632388,0.1574725511460952,0.1602866753463191,0.16446892038622846,0.16112294099993066,-0.2821826392275573,0.0,0.0,0.0949789625176718,0.5,0.3559999999999999
2021-04-29,136.15606689453125,12976900.0,0.0,0.02644024671180183,17.610000610351562,0.06,0.05,0.5,0.3453333333333333,135.0,0.019444464755108193,0.1636989982201048,0.16423864545479958,0.16555632321230446,0.17114195638526042,-0.2502864474313138,-0.009999999999999995,-0.010000000000000009,0.09456719557727711,0.5,0.35333333333333333
2021-04-30,134.94529724121094,11705100.0,0.0,0.026677476530101683,18.610000610351562,0.05,0.05,0.5,0.3426666666666667,135.0,-0.008892513429153315,0.15992414310545613,0.16481593323690227,0.16658971779846926,0.28446265284482847,-0.25225040493256295,-0.009999999999999995,-0.020000000000000004,0.09415580119451894,0.5,0.3506666666666667
2021-05-01,134.81369018554688,11737100.0,0.0,0.026703570411306065,18.510000228881836,0.05333333333333334,0.05333333333333334,0.5,0.3426379928315412,135.0,-0.0009752622607427375,0.15759985215752667,0.1646619642597781,0.16666332609351453,0.19099950038726873,-0.24888000236391508,-0.006666666666666661,-0.01666666666666667,0.09374478461535118,0.5,0.3483768561187916
2021-05-02,134.6820831298828,11769100.0,0.0,0.02672966429251045,18.40999984741211,0.056666666666666664,0.056666666666666664,0.5,0.3426093189964157,135.0,-0.0009762143257330269,0.1575963891348233,0.16002678577213708,0.16673478351411752,0.15211992106598127,-0.3610777490434107,-0.003333333333333334,-0.013333333333333343,0.09333394415541774,0.5,0.34646390168970814
2021-05-03,134.55047607421875,11801100.0,0.0,0.02675575817371483,18.309999465942383,0.06,0.06,0.5,0.3425806451612903,135.0,-0.0009771682513786129,0.15758337142244752,0.1566936672382843,0.15973226058209603,0.15113823800933412,-0.32373513842594204,0.0,-0.010000000000000009,0.09292351698876344,0.5,0.34492780337941625
2021-05-04,136.4104766845703,12977700.0,0.0,0.02639093482771477,19.479999542236328,0.06,0.06,0.5,0.3438709677419355,135.0,0.013823812925980006,0.16249266714742772,0.1590164169467135,0.16018630062815734,0.15111720357307076,-0.3176593852209363,0.0,-0.010000000000000009,0.0925136557077233,0.5,0.34395698924731183
2021-05-05,138.20028686523438,10506700.0,0.0,0.02604914998121914,19.149999618530273,0.06,0.06,0.5,0.3451612903225806,140.0,0.013120767731079397,0.16653802260740116,0.16087215107939287,0.15735732608136385,0.22849404262150866,-0.32333528567408465,0.0,-0.010000000000000009,0.09210411671902285,0.5,0.34355145929339476
2021-05-06,140.98146057128906,13542400.0,0.0,0.025535272406825536,18.389999389648438,0.06,0.05,0.5,0.3464516129032258,140.0,0.020124225275789387,0.1736355991331069,0.16546278179618032,0.16022408080036096,0.22351194106186484,-0.34121798862959457,-0.009999999999999995,-0.010000000000000009,0.09169494726906935,0.5,0.3437112135176651
2021-05-07,141.4639892578125,14257800.0,0.0,0.025448172491722564,16.690000534057617,0.06,0.05,0.5,0.3477419354838709,140.0,0.0034226392929121996,0.16874141339694385,0.16539138230459566,0.1601431082297102,0.29235509575079394,-0.34158952085811606,-0.016666666666666663,-0.010000000000000009,0.09128614685792003,0.5,0.34443625192012284
2021-05-08,141.45814005533853,14176633.333333334,0.0,0.02544922484420142,17.68000030517578,0.06,0.05,0.5,0.34903225806451604,140.0,-4.134764263796775e-05,0.16878821604573543,0.16455120086838398,0.16006384764524126,0.16097908781976952,-0.36914348136641756,-0.02333333333333333,-0.010000000000000009,0.0908777149968103,0.5,0.34534971838197637
2021-05-09,141.4522908528646,14095466.666666666,0.0,0.025450277196680277,18.670000076293945,0.06,0.05,0.5,0.35032258064516125,140.0,-4.134935233601755e-05,0.16780543728746705,0.15897067768780734,0.15998086333961453,0.1508495362933346,-0.32852162978971094,-0.03,-0.010000000000000009,0.09046843887786293,0.5,0.34645161290322574
2021-05-10,141.44644165039062,14014300.0,0.0,0.025451329549159133,19.65999984741211,0.06,0.05,0.5,0.3516129032258064,140.0,-4.1351062175842834e-05,0.16775661357110636,0.15849250875188683,0.159723452565607,0.15061548502291566,-0.3357305906772985,-0.020000000000000004,-0.010000000000000009,0.09005998655590863,0.5,0.3477419354838709
2021-05-11,139.09515380859375,15451700.0,0.0,0.025881563098552614,21.84000015258789,0.06,0.05,0.5,0.3529032258064516,140.0,-0.016623167146250895,0.17550234850326987,0.16084198438717898,0.16266667052169004,0.1506102527351318,-0.3656652575676006,-0.020000000000000004,-0.010000000000000009,0.08965311282954436,0.5,0.3490322580645161
2021-05-12,138.13882446289062,14381700.0,0.0,0.026060740085182194,27.59000015258789,0.06,0.05,0.5,0.3541935483870968,140.0,-0.0068753606399480915,0.17679316383393642,0.16147854670064005,0.1631158796574227,0.2582540106175032,-0.3365823744697695,-0.009999999999999995,-0.010000000000000009,0.0892461509576028,0.5,0.3503225806451612
2021-05-13,141.69210815429688,15395000.0,0.0,0.02540720190343804,23.1299991607666,0.06,0.05,0.5,0.3554838709677419,140.0,0.025722556314070832,0.1870757753001669,0.16942632184754775,0.16665413810761326,0.17641278016874617,-0.4262243184173554,-0.020000000000000004,-0.010000000000000009,0.08883955514281938,0.5,0.3516129032258064
2021-05-14,143.89425659179688,10584000.0,0.0,0.025018371721482795,18.809999465942383,0.06,0.06,0.5,0.3567741935483871,145.0,0.015541786103584254,0.18082399292107157,0.17200005094988888,0.16810540590321674,0.35199605663171285,-0.45552112724731014,-0.006666666666666668,-0.010000000000000009,0.08843332489152012,0.5,0.3529032258064516
2021-05-15,144.08727518717447,10351600.0,0.0,0.024984946787224464,19.113332748413086,0.06,0.06,0.5,0.35806451612903223,145.0,0.0013413919356430881,0.18053387177722338,0.16983850874381468,0.16794808365100133,0.24939487458575493,-0.4644867475595497,-0.003333333333333341,-0.010000000000000009,0.08802747044786208,0.5,0.3541935483870967
2021-05-16,144.2802937825521,10119200.0,0.0,0.024951521852966136,19.41666603088379,0.06,0.06,0.5,0.3593548387096773,145.0,0.0013395950136949608,0.17997093466559708,0.1687964636841251,0.16778923193725595,0.15442559020949248,-0.4619351071035853,0.0,-0.010000000000000009,0.08761838219391027,0.5,0.3554838709677419
2021-05-17,144.4733123779297,9886800.0,0.0,0.024918096918707805,19.719999313354492,0.06,0.06,0.5,0.3606451612903225,145.0,0.0013378028996011704,0.17964853144363124,0.1657617863183531,0.16762888118356545,0.15162400947425309,-0.5255727590436217,0.0,-0.010000000000000009,0.08720966814838027,0.5,0.3567741935483871
2021-05-18,142.43785095214844,11098100.0,0.0,0.025274180815950453,21.34000015258789,0.06,0.06,0.5,0.3619354838709677,140.0,-0.014088840300530148,0.1857370515548113,0.1649949962225792,0.16964734724997327,0.15155836240430723,-0.5641291255707799,0.009999999999999995,-0.010000000000000009,0.0868049160355111,0.5,0.3580645161290322
2021-05-19,141.34996032714844,13278900.0,0.0,0.025468701877722173,22.18000030517578,0.06,0.05,0.5,0.3632258064516129,140.0,-0.0076376512122853235,0.18761166916073485,0.1646772055835585,0.17027254933654745,0.23285948840763032,-0.5814508416921791,0.0,0.0,0.08640051080738731,0.5,0.3593548387096774
2021-05-20,141.1042938232422,10426000.0,0.0,0.025513043596742915,20.670000076293945,0.06,0.05,0.5,0.364516129032258,140.0,-0.0017380019303695482,0.1734906306474248,0.16346364441857877,0.16833992303708753,0.18054013634572316,-0.5845985104957894,0.0,0.009999999999999995,0.08599646819392559,0.5,0.3606451612903226
2021-05-21,142.70985412597656,10249000.0,0.0,0.0252260085475395,20.149999618530273,0.06,0.04,0.5,0.3658064516129032,145.0,0.011378536111350535,0.17453511200550906,0.1634124648915622,0.16918993567421584,0.1529002585237352,-0.6005884217000256,-0.013333333333333336,0.006666666666666661,0.08559278770763012,0.5,0.3619354838709677
2021-05-22,142.96719868977866,9979433.333333334,0.0,0.02518076397859156,19.56666628519694,0.06,0.04,0.5,0.36709677419354836,145.0,0.001803271157259534,0.1592631649141017,0.1616791736798892,0.1691594231136064,0.20675903943088125,-0.5920722782954636,-0.016666666666666663,0.003333333333333334,0.08518948817831751,0.5,0.3632258064516129
2021-05-23,143.22454325358072,9709866.666666666,0.0,0.025135519409643623,18.983332951863606,0.06,0.04,0.5,0.36838709677419357,145.0,0.0018000252236911596,0.15226451410552921,0.16116496418065018,0.16912887713825264,0.1537523416148116,-0.602665697369015,-0.019999999999999997,0.0,0.08478121446737918,0.5,0.364516129032258
2021-05-24,143.4818878173828,9440300.0,0.0,0.025090274840695682,18.399999618530273,0.06,0.04,0.5,0.3696774193548387,145.0,0.0017967909546512395,0.1521817972298015,0.15944114446514837,0.16872510655347014,0.15235186086238853,-0.5945681451620711,-0.019999999999999997,0.0,0.08437157101469506,0.5,0.3658064516129032
2021-05-25,141.99920654296875,12609100.0,0.0,0.025352254337496213,18.84000015258789,0.06,0.04,0.5,0.3709677419354838,140.0,-0.010333577965611629,0.15685092302733997,0.1579716440053788,0.1674587746833322,0.15231446496807027,-0.5902031445511705,-0.019999999999999997,0.0,0.08396409269222094,0.5,0.36709677419354836
2021-05-26,141.98165893554688,13058300.0,0.0,0.025355387639429076,17.360000610351562,0.06,0.04,0.5,0.372258064516129,140.0,-0.00012357539065943612,0.15695923184406513,0.15748982710314174,0.1657002293728465,0.19898368125665292,-0.5807037655110036,-0.010000000000000002,0.0,0.08356228602501625,0.5,0.3683870967741935
2021-05-27,144.19256591796875,15707500.0,0.0,0.024966613064143977,16.739999771118164,0.06,0.04,0.5,0.3735483870967742,145.0,0.01557177877056315,0.16136916102674986,0.15974425661210845,0.16072642964078543,0.15186604113088562,-0.5778027744330126,-0.010000000000000002,0.0,0.08316077928650034,0.5,0.36967741935483867
2021-05-28,144.0960693359375,10291300.0,0.0,0.024983332415592557,16.760000228881836,0.05,0.05,0.5,0.3748387096774193,145.0,-0.0006692202293295813,0.1612752925633856,0.15922501129923988,0.16041245463189674,0.24512877155240606,-0.5755499982875428,0.0,-0.009999999999999995,0.0827596312740595,0.5,0.3709677419354839
2021-05-29,144.4930648803711,10079825.0,0.0,0.02491525171938016,17.045000076293945,0.052500000000000005,0.0475,0.5,0.3761290322580645,145.0,0.002755075459470513,0.1532971866752541,0.15777568318207089,0.16008564535811634,0.153586719396677,-0.5687951965713682,-0.0025000000000000022,-0.007499999999999993,0.08235890855475625,0.5,0.372258064516129
2021-05-30,144.8900604248047,9868350.0,0.0,0.02484717102316776,17.329999923706055,0.055,0.045,0.5,0.37741935483870964,145.0,0.002747505873463618,0.14976868637475416,0.1543080666268613,0.15975978169630697,0.15456063673402748,-0.5842999430403581,-0.0050000000000000044,-0.0049999999999999975,0.08195833375274786,0.5,0.3735483870967742
2021-05-31,145.28705596923828,9656875.0,0.0,0.024779090326955366,17.614999771118164,0.057499999999999996,0.0425,0.5,0.3787096774193548,145.0,0.0027399777684518067,0.14943409842486427,0.15338181279857166,0.1596116420906418,0.1545613053417463,-0.5763899143657952,-0.0075,-0.0025000000000000022,0.08155810715009038,0.5,0.37483870967741933
2021-06-01,145.68405151367188,9445400.0,0.0,0.024711009630742967,17.899999618530273,0.06,0.04,0.5,0.38,145.0,0.0027324908043953045,0.14907173956397127,0.15340822577894084,0.15671177351117072,0.15454047316508915,-0.5756174464155644,-0.010000000000000002,0.0,0.08115840244520722,0.5,0.3761290322580645
2021-06-02,145.6928253173828,10498600.0,0.0,0.024709521502912876,17.479999542236328,0.06,0.05,0.5,0.3803333333333333,145.0,6.022487444412583e-05,0.14888447069509703,0.15343145248028708,0.154225160648828,0.15451932826185572,-0.5743710465048306,0.0,0.0,0.08075904104706422,0.5,0.3772826420890937
2021-06-03,145.78932189941406,13354400.0,0.0,0.024693166502851187,18.040000915527344,0.06,0.04,0.5,0.3806666666666667,145.0,0.0006623289912941477,0.14520777434283133,0.15343777551595691,0.15421457434639954,0.15069955973939309,-0.574041015992614,-0.019999999999999997,0.0,0.08036003550435544,0.5,0.3782995391705069
2021-06-04,146.02621459960938,8510800.0,0.0,0.024653107730491224,16.420000076293945,0.06,0.05,0.5,0.381,145.0,0.0016248974692314455,0.14153976662967246,0.15343894516410353,0.1541176382951513,0.15083902341579422,-0.5677419260499351,-0.009999999999999995,0.0,0.07996138534165831,0.5,0.3791797235023041
2021-06-05,145.79811096191406,8096266.666666667,0.0,0.024691799005417334,16.420000076293945,0.06,0.05,0.5,0.38133333333333336,145.0,-0.0015620732093942769,0.13098484724101753,0.15256644948777143,0.15408034090287157,0.1519788219090565,-0.5686290144408944,-0.009999999999999995,0.0,0.0795631046347065,0.5,0.37992319508448535
2021-06-06,145.57000732421875,7681733.333333333,0.0,0.024730490280343444,16.420000076293945,0.06,0.05,0.5,0.38166666666666665,145.0,-0.0015645170996413382,0.1310216142410956,0.14980816096209632,0.15403711439618048,0.15190517066373307,-0.563657848637177,-0.009999999999999995,0.0,0.07916465796540706,0.5,0.3805299539170507
2021-06-07,145.34190368652344,7267200.0,0.0,0.024769181555269554,16.420000076293945,0.06,0.05,0.5,0.382,145.0,-0.0015669686488870571,0.13119699336287322,0.14991089671051114,0.15349524600488473,0.15190747363254692,-0.5633859618330294,-0.009999999999999995,0.0,0.07876661892543635,0.5,0.38100000000000006
2021-06-08,144.7628631591797,10370700.0,0.0,0.02486825641215371,17.06999969482422,0.06,0.05,0.5,0.3823333333333333,145.0,-0.003983988874899036,0.13194157095909698,0.14967312933611843,0.14975194685815743,0.15191149215088387,-0.5654506881552517,0.0,0.0,0.07836945364254078,0.5,0.38133333333333336
2021-06-09,142.95553588867188,12377400.0,0.0,0.025182655415342137,17.889999389648438,0.06,0.05,0.5,0.3826666666666666,145.0,-0.012484743884351723,0.13748642683836726,0.15217012009036837,0.1510775501549555,0.15870705427459392,-0.5685131101798874,0.0,0.0,0.07797257381583989,0.5,0.38166666666666665
2021-06-10,140.72703552246094,12119400.0,0.0,0.02558143846798661,16.100000381469727,0.06,0.05,0.5,0.3829999999999999,140.0,-0.015588765782014957,0.13637835673786353,0.15582881049765665,0.15234932903403062,0.2178556291173227,-0.5101113748485776,0.010000000000000002,0.0,0.0775760465337223,0.5,0.382
2021-06-11,140.6304931640625,13683800.0,0.0,0.025599000039060973,15.649999618530273,0.06,0.05,0.5,0.3833333333333333,140.0,-0.0006860256669233289,0.1346713810720276,0.15582821655089352,0.15232116869516593,0.24879921665720162,-0.5089438982537827,0.010000000000000002,0.0,0.07717987132665383,0.5,0.3823333333333333
2021-06-12,139.8350372314453,15761833.333333334,0.0,0.025746296543676973,15.896666208902994,0.06,0.05,0.5,0.38366666666666666,140.0,-0.005656354569482991,0.11337154464513018,0.15419911063122504,0.15262024592975446,0.15373011562188335,-0.5202422913297476,0.010000000000000002,0.0,0.07678424029397757,0.5,0.38266666666666665
2021-06-13,139.03958129882812,17839866.666666668,0.0,0.02589359304829297,16.143332799275715,0.06,0.05,0.5,0.38399999999999995,140.0,-0.005688530917330903,0.10381883476217296,0.14939987029032348,0.15291891982725797,0.16656562408838393,-0.5302000226776911,0.010000000000000002,0.0,0.07638871040022255,0.5,0.38299999999999995
2021-06-14,138.24412536621094,19917900.0,0.0,0.02604088955290897,16.389999389648438,0.06,0.05,0.5,0.3843333333333333,140.0,-0.005721075431805112,0.10437219222881693,0.14953297776748226,0.15183965986763243,0.16701379322527948,-0.5290772138357211,0.010000000000000002,0.0,0.07599335636903981,0.5,0.38333333333333325
2021-06-15,136.14727783203125,19738885.714285713,0.0,0.026441953576489586,17.020000457763672,0.06,0.08,0.5,0.3846666666666667,135.0,-0.015167715290795192,0.11148625920970177,0.15231568038672863,0.153136079259633,0.16719930473533923,-0.5284309020210171,0.04,0.0,0.07559860234328686,0.5,0.3836666666666666
2021-06-16,137.1035919189453,19559871.42857143,0.0,0.02625751776166663,18.149999618530273,0.06,0.08,0.5,0.385,135.0,0.007024114636312362,0.11410713957964627,0.1529089404708978,0.15110093988692486,0.2436991904019905,-0.5134911470466026,0.04,0.0,0.07520418061479717,0.5,0.38399999999999995
2021-06-17,133.14674377441406,19380857.14285714,0.0,0.027037837336070014,17.75,0.1,0.08,0.5,0.3853333333333333,135.0,-0.028860280676457517,0.13490508787941463,0.16450542912387353,0.15659658824138362,0.17656998070120866,-0.46192354312102707,0.03,0.05,0.0748101081614101,0.5,0.3843333333333333
2021-06-18,129.77767944335938,19201842.85714286,0.0,0.027739747046187528,20.700000762939453,0.1,0.09,0.5,0.3856666666666667,130.0,-0.025303392599392294,0.1503363120517549,0.17260414315829953,0.16163963509495116,0.3964838538229975,-0.5046925459757956,0.042499999999999996,0.0475,0.07441638451938792,0.5,0.38466666666666666
2021-06-19,130.5117390950521,19022828.57142857,0.0,0.027585461162706014,19.763333638509113,0.1,0.09,0.5,0.386,130.0,0.005656285848546716,0.1523172971571232,0.1669023092473615,0.1612682927213889,0.3585660131078354,-0.4965623693138589,0.045,0.045000000000000005,0.07402319478658304,0.5,0.38500000000000006
2021-06-20,131.24579874674478,18843814.285714287,0.0,0.027431175279224496,18.826666514078777,0.1,0.09,0.5,0.3863333333333333,130.0,0.005624472225889798,0.14864105668481745,0.16637960323755357,0.1608372400217236,0.1732955727353052,-0.4937329113455934,0.047499999999999994,0.04250000000000001,0.07363019596191345,0.5,0.38533333333333336
2021-06-21,131.9798583984375,18664800.0,0.0,0.027276889395742982,17.889999389648438,0.1,0.09,0.5,0.3866666666666666,130.0,0.005593014471336977,0.1500510454399053,0.16078906285638794,0.16020659512860155,0.1666567779323749,-0.48773161043439633,0.049999999999999996,0.04000000000000001,0.07323738876374031,0.5,0.38566666666666666
2021-06-22,131.78683471679688,14251200.0,0.0,0.02731684092524276,16.65999984741211,0.1,0.09,0.5,0.387,130.0,-0.0014625237819084758,0.14950461921912356,0.156069575829206,0.1597105649924649,0.16634079100882734,-0.46959835394412036,0.039999999999999994,0.04000000000000001,0.07284508529644018,0.5,0.386
2021-06-23,132.58523559570312,12733300.0,0.0,0.027152344556505583,16.31999969482422,0.1,0.08,0.5,0.3873333333333333,135.0,0.006058274945460074,0.15112935992509743,0.15655228217607717,0.158592748618974,0.1520856172789598,-0.4704451549445976,0.04,0.04000000000000001,0.0724530987700096,0.5,0.38633333333333336
2021-06-24,133.80470275878906,13733200.0,0.0,0.02690488395232081,15.970000267028809,0.1,0.08,0.5,0.3876666666666666,135.0,0.009197609052070455,0.1530178936618131,0.15764668282071329,0.15688710193496705,0.16854438942745698,-0.47064991037891807,0.03,0.04000000000000001,0.07206145828965882,0.5,0.38666666666666666
2021-06-25,135.15591430664062,15484900.0,0.0,0.026635904307023884,15.619999885559082,0.1,0.09,0.5,0.3879999999999999,135.0,0.010098386080550581,0.15688180531977683,0.15892378337188162,0.1575633222296508,0.18957948854641113,-0.4705081050834038,0.039999999999999994,0.04000000000000001,0.0716701633973551,0.5,0.38699999999999996
2021-06-26,135.23778279622397,15031866.666666666,0.0,0.026619799308661093,15.666666666666666,0.1,0.08666666666666667,0.5,0.38833333333333325,135.0,0.0006057336817506531,0.14850179305212835,0.15868474954039516,0.1573131116240634,0.1969571750753967,-0.47094503090314976,0.03666666666666667,0.04000000000000001,0.07127921578946506,0.5,0.38733333333333325
2021-06-27,135.31965128580728,14578833.333333334,0.0,0.026603694310298298,15.713333447774252,0.1,0.08333333333333333,0.5,0.38866666666666666,135.0,0.0006053669905745629,0.14865713271047903,0.15816955945444086,0.15705302758403203,0.15198820201704094,-0.47069596047905643,0.033333333333333326,0.04000000000000001,0.0708885871850431,0.5,0.38766666666666666
2021-06-28,135.40151977539062,14125800.0,0.0,0.026587589311935507,15.760000228881836,0.1,0.08,0.5,0.389,135.0,0.0006050007430955517,0.14817850683484143,0.15311809702698967,0.1558365835154862,0.15083044941322102,-0.4949635097668166,0.03,0.04000000000000001,0.0704984604571528,0.5,0.38799999999999996
2021-06-29,135.2347869873047,14528700.0,0.0,0.026620369508460525,16.020000457763672,0.1,0.08,0.5,0.3893333333333333,135.0,-0.0012313952484619417,0.14748011514871667,0.15202870714188046,0.15385052177616015,0.15080425618950327,-0.4894647136731134,0.03,0.04000000000000001,0.0701087029052041,0.5,0.38833333333333325
2021-06-30,136.46307373046875,12531000.0,0.0,0.026380762953577025,15.829999923706055,0.08,0.07,0.5,0.3896666666666666,135.0,0.009082624157047414,0.15045299285690159,0.15312620743258565,0.15374375906070578,0.1514009474539868,-0.4876191615838477,0.020000000000000004,0.020000000000000004,0.06971912888443033,0.5,0.3886666666666666
2021-07-01,137.81422424316406,10479400.0,0.0,0.026122122152268105,15.479999542236328,0.1,0.09,0.5,0.39,140.0,0.009901217052783018,0.15381417900496624,0.15437317645072243,0.15458086222897766,0.18839611576225268,-0.4871612073034217,0.039999999999999994,0.04000000000000001,0.06932989772070708,0.5,0.38899999999999996
2021-07-02,137.681884765625,11424000.0,0.9,0.026147230669657504,15.069999694824219,0.1,0.08,0.5,0.3867741935483871,140.0,-0.000960274443845166,0.15373237586431568,0.1543725436598162,0.15458495543940398,0.1953807886999132,-0.48638830721204174,0.03,0.04000000000000001,0.0694693378130522,0.5,0.3888248847926267
2021-07-03,137.1039047241211,12338850.0,0.675,0.02625886974345323,15.412499904632568,0.1,0.0775,0.5,0.3835483870967742,138.75,-0.004197938185461325,0.15367898379177045,0.1521093202552428,0.15475479299735978,0.15222921719813415,-0.5196794284583168,0.027499999999999997,0.04000000000000001,0.06960829247516886,0.5,0.38814132104454685
2021-07-04,136.5259246826172,13253700.0,0.45,0.026370508817248957,15.755000114440918,0.1,0.07500000000000001,0.5,0.38032258064516133,137.5,-0.004215635161280873,0.15339949378809134,0.14992983127849446,0.15491969267306185,0.15958058067343808,-0.5246975447110661,0.02500000000000001,0.04000000000000001,0.06974707100617539,0.5,0.3869493087557604
2021-07-05,135.94794464111328,14168550.0,0.22499999999999998,0.026482147891044687,16.097500324249268,0.1,0.07250000000000001,0.5,0.3770967741935484,136.25,-0.00423348197675677,0.15349293010425452,0.1441413505230202,0.15462083535024876,0.15981437499865458,-0.5293102581002297,-0.007499999999999993,0.04000000000000001,0.06972269151151234,0.5,0.3852488479262673
2021-07-06,135.36996459960938,15083400.0,0.0,0.026593786964840414,16.440000534057617,0.1,0.07,0.5,0.3738709677419355,135.0,-0.0042514805430100555,0.1535747622685727,0.14408491115410807,0.1525839756538864,0.15989393692518647,-0.5282724997303336,-0.009999999999999995,0.04000000000000001,0.06953611723684361,0.5,0.38303993855606766
2021-07-07,135.52879333496094,12271800.0,0.0,0.02656262120701215,16.200000762939453,0.1,0.08,0.5,0.3706451612903225,135.0,0.0011732937643984531,0.15391216652241424,0.14413130416978176,0.15258274738246802,0.15997097328282653,-0.5318556039803313,0.0,0.0,0.0691875414492924,0.5,0.3803225806451613
2021-07-08,133.19039916992188,17834600.0,0.0,0.027028975229717467,19.0,0.1,0.07,0.5,0.3674193548387097,135.0,-0.017253855121838857,0.15996072767251646,0.1481226409829076,0.15477751389322522,0.15153697114663256,-0.5627836183135672,-0.01999999999999999,0.0,0.06883919279851614,0.5,0.37709677419354837
2021-07-09,137.45245361328125,13694500.0,0.0,0.026190874774258324,16.18000030517578,0.1,0.08,0.5,0.3641935483870968,135.0,0.031999712215907694,0.18547687697403903,0.1624111836334321,0.16367676275068208,0.2648296456061227,-0.6021952518618905,-0.009999999999999995,0.0,0.06849107106258012,0.5,0.3738709677419355
2021-07-10,138.10836791992188,15776466.666666666,0.0,0.026067657551108177,16.176666895548504,0.1,0.08,0.5,0.36096774193548387,136.66666666666666,0.004771935963296947,0.1811013669861617,0.15915026654307055,0.16386217778256523,0.42325268390897564,-0.5830182943424687,-0.009999999999999995,0.0,0.06814330759256104,0.5,0.3706451612903226
2021-07-11,138.7642822265625,17858433.333333332,0.0,0.025944440327958028,16.173333485921223,0.1,0.08,0.5,0.357741935483871,138.33333333333334,0.004749272737919474,0.18176685010875238,0.1588192307996055,0.16403985972475166,0.17241762882496942,-0.6341693637578386,-0.009999999999999995,0.0,0.06779549781645233,0.5,0.36741935483870974
2021-07-12,139.42019653320312,19940400.0,0.0,0.025821223104807882,16.170000076293945,0.1,0.08,0.5,0.3545161290322581,140.0,0.004726823762686294,0.18166442204809252,0.15015448907443935,0.16291343072711836,0.16234736630997976,-0.5721190738252007,-0.009999999999999995,0.0,0.06744787514025474,0.5,0.3641935483870968
2021-07-13,137.3465576171875,22671700.0,0.0,0.026211068281987267,17.1200008392334,0.1,0.08,0.5,0.3512903225806451,135.0,-0.014873303635903223,0.18609006672989567,0.1495118363329471,0.1617426185179563,0.16201320438800018,-0.5611702030722737,0.0,0.0,0.06710075106619628,0.5,0.36096774193548387
2021-07-14,136.87887573242188,14622800.0,0.0,0.026300625138370306,16.329999923706055,0.1,0.08,0.5,0.3480645161290322,135.0,-0.0034051227266223005,0.18563270897548628,0.14954161882648484,0.16155022391314636,0.24069495909936695,-0.55622536924854,0.0,0.0,0.06675376064887084,0.5,0.357741935483871
2021-07-15,137.17889404296875,11539300.0,0.0,0.02624310412411086,17.010000228881836,0.1,0.07,0.5,0.3448387096774193,135.0,0.002191852533427907,0.1802312291310257,0.14960508364874198,0.16113471735003382,0.15903732210854388,-0.5510425003398679,-0.01999999999999999,0.0,0.0664069958207616,0.5,0.35451612903225804
2021-07-16,134.04637145996094,14002700.0,0.0,0.02685637783992761,18.450000762939453,0.1,0.08,0.5,0.3416129032258064,135.0,-0.022835310088056282,0.1912163037971332,0.15631730208865802,0.16577628387472446,0.1532718837369714,-0.5772045883256778,-0.006666666666666668,0.0,0.06606045636194646,0.5,0.35129032258064513
2021-07-17,132.5933380126953,16726100.0,0.0,0.027157280271888434,19.8000005086263,0.1,0.07666666666666667,0.5,0.33838709677419354,133.33333333333334,-0.010839782020505062,0.17402834482443783,0.15529606558821876,0.1667586495961105,0.32600739699708403,-0.5707751555825595,-0.006666666666666654,0.0,0.06571485221885354,0.5,0.3480645161290323
2021-07-18,131.1403045654297,19449500.0,0.0,0.027458182703849258,21.150000254313152,0.1,0.07333333333333333,0.5,0.33516129032258063,131.66666666666666,-0.010958570536375722,0.16002065220432504,0.15604301830545972,0.16774010098286507,0.20774054961843796,-0.5762332664249163,-0.006666666666666668,0.0,0.06536936866678489,0.5,0.3448387096774193
2021-07-19,129.68727111816406,22172900.0,0.0,0.02775908513581008,22.5,0.1,0.07,0.5,0.3319354838709678,130.0,-0.011079991403715739,0.16256957170986924,0.15735334192124306,0.16455875044488152,0.2053250111689558,-0.5988926771133799,-0.009999999999999995,0.0,0.06502342500681202,0.5,0.34161290322580645
2021-07-20,132.10507202148438,15385200.0,0.0,0.027251035444078395,19.729999542236328,0.1,0.08,0.5,0.3287096774193548,130.0,0.018643316976863167,0.17064506120161152,0.16047733741402403,0.16686956732318997,0.206306145687262,-0.629984586443222,0.009999999999999995,0.020000000000000004,0.06467780968476267,0.5,0.33838709677419354
2021-07-21,134.88465881347656,12356700.0,0.0,0.02668946959326347,17.90999984741211,0.1,0.07,0.5,0.3254838709677419,135.0,0.0210407272745754,0.18025558100196565,0.16665633732820614,0.1665359000520815,0.27671200823343456,-0.6513961468169315,-0.01999999999999999,0.0,0.0643323933925295,0.5,0.3351612903225806
2021-07-22,133.18161010742188,9913300.0,0.0,0.02703075895460571,17.690000534057617,0.1,0.07,0.5,0.322258064516129,135.0,-0.012625962960025938,0.18434098163476673,0.16827047985994004,0.1650054217149936,0.3029806138474621,-0.6405522097545832,-0.009999999999999995,0.0,0.06398720115628254,0.5,0.3319354838709677
2021-07-23,132.92567443847656,9666100.0,0.0,0.027082804094902126,17.200000762939453,0.1,0.07,0.5,0.3190322580645161,135.0,-0.001921704270874014,0.18364895158807087,0.1681592050536945,0.16503624597866903,0.22251974032224492,-0.6383323481847784,-0.007499999999999993,0.0,0.06364223275809122,0.5,0.3287096774193548
2021-07-24,133.2227579752604,9180066.666666666,0.0,0.027022678253394397,17.326667149861652,0.1,0.07333333333333333,0.5,0.3158064516129032,135.0,0.0022349597851492042,0.18176424914808176,0.16722417182213753,0.1650709053635448,0.1544734407287208,-0.6354571236252983,-0.0016666666666666774,0.0,0.06329751692786001,0.5,0.32548387096774195
2021-07-25,133.51984151204428,8694033.333333334,0.0,0.026962552411886664,17.453333536783855,0.1,0.07666666666666667,0.5,0.3125806451612903,135.0,0.0022299758787387436,0.17935053793562863,0.1673499708432436,0.16510500541263645,0.15326480030597212,-0.6431339184149041,0.004166666666666666,0.0,0.0629527571480284,0.5,0.32225806451612904
2021-07-26,133.81692504882812,8208000.0,0.0,0.026902426570378935,17.579999923706055,0.1,0.08,0.5,0.3093548387096774,135.0,0.0022250141508521892,0.1794909592096527,0.1639485845661966,0.1649722973948088,0.15322635786891295,-0.6410383647644371,0.009999999999999995,0.0,0.06260819809052554,0.5,0.31903225806451607
2021-07-27,133.64047241210938,11218700.0,0.0,0.026937947277667646,19.360000610351562,0.1,0.07,0.5,0.3061290322580645,135.0,-0.0013186122506877451,0.17948844398606442,0.163944256470664,0.1646356160688499,0.15321423851162785,-0.6256388876814247,-0.009999999999999995,0.0,0.06226412932770886,0.5,0.3158064516129032
2021-07-28,133.8610382080078,9217300.0,0.0,0.026893561025620683,18.309999465942383,0.1,0.07,0.5,0.3029032258064516,135.0,0.0016504416058802374,0.17956556461979778,0.16384473250014214,0.16141071397301412,0.15157016583238686,-0.6271823240049453,0.0,0.0,0.061920277095848686,0.5,0.3125806451612903
2021-07-29,135.00816345214844,9063500.0,0.0,0.026665054230412998,17.700000762939453,0.1,0.08,0.5,0.2996774193548387,135.0,0.008569522988146172,0.18138473537896424,0.16487737044667253,0.16137768851192924,0.152038066608784,-0.6328638940555362,0.0,0.0,0.06157664740016222,0.5,0.30935483870967734
2021-07-30,133.93165588378906,9805200.0,0.0,0.026879380951757053,18.239999771118164,0.07,0.07,0.5,0.2964516129032258,135.0,-0.007973647969375719,0.18068262997549547,0.16525756056934904,0.1619264693813178,0.18465469062484058,-0.6376649392797098,-0.009999999999999995,-0.03,0.06123324002468644,0.5,0.30612903225806454
2021-07-31,133.7522226969401,9937866.666666666,0.0,0.026915537572428726,18.646666208902996,0.08,0.07,0.5,0.2944086021505376,135.0,-0.0013397369401947357,0.1779342634229558,0.16503819195712238,0.16193336589833057,0.1815942016214934,-0.6398289482901448,-0.009999999999999995,-0.020000000000000004,0.0608900652438078,0.5,0.30307219662058366
2021-08-01,133.57278951009116,10070533.333333334,0.0,0.026951694193100402,19.053332646687824,0.09000000000000001,0.07,0.5,0.2923655913978494,135.0,-0.001341534243176734,0.17793702170146825,0.16500933866125345,0.16194026109254786,0.15229766813614412,-0.63907739243285,-0.009999999999999995,-0.009999999999999995,0.06054707051624608,0.5,0.30018433179723497
2021-08-02,133.3933563232422,10203200.0,0.0,0.026987850813772075,19.459999084472656,0.1,0.07,0.5,0.2903225806451612,135.0,-0.001343336374924009,0.17768336171325586,0.16495099575817837,0.1602560451953337,0.1515810995892423,-0.6416837172083186,-0.009999999999999995,0.0,0.06020484276061677,0.5,0.2974654377880184
2021-08-03,134.91111755371094,10394800.0,0.0,0.026684235260053826,18.040000915527344,0.1,0.07,0.5,0.2906451612903226,135.0,0.011378087127449366,0.18084699435977963,0.16691377082070932,0.15987742315615214,0.151567559391648,-0.6577880776679628,-0.009999999999999995,0.0,0.05986287757564046,0.5,0.2952534562211981
2021-08-04,133.45513916015625,10155000.0,0.0,0.026975356832678644,17.969999313354492,0.1,0.07,0.5,0.2909677419354838,135.0,-0.010792130551991241,0.1830687071143153,0.1680530587052365,0.15714224592393644,0.20673331390869681,-0.6518985070572946,0.0,0.0,0.05952057788826548,0.5,0.29354838709677417
2021-08-05,135.14053344726562,9151500.0,0.0,0.026638935840850354,17.280000686645508,0.1,0.08,0.5,0.2912903225806451,135.0,0.012628920082925932,0.1866102756483885,0.1704923809379717,0.15854174194544482,0.20389367846129533,-0.6549134908209222,0.0,0.0,0.05917849923183516,0.5,0.29235023041474645
2021-08-06,138.97900390625,13328800.0,0.0,0.02590319327967284,16.149999618530273,0.1,0.09,0.5,0.2916129032258064,140.0,0.028403546745523478,0.20358202512695364,0.180716232999565,0.16556724626047037,0.21857264570187257,-0.658009434707083,0.013333333333333322,0.0,0.05883664139233136,0.5,0.29165898617511515
2021-08-07,138.9290008544922,12058166.666666666,0.0,0.025912523021752867,16.339999516805012,0.1,0.08666666666666667,0.5,0.2919354838709677,140.0,-0.00035978853173779246,0.19616873212528374,0.18059085205174646,0.16556725920790377,0.3822410479930372,-0.6572908515677196,0.013333333333333336,0.0,0.0584950049086268,0.5,0.29130568356374803
2021-08-08,138.87899780273438,10787533.333333334,0.0,0.02592185276383289,16.529999415079754,0.1,0.08333333333333333,0.5,0.292258064516129,140.0,-0.00035991802611601287,0.1742022192076061,0.17888634001763762,0.16556725323035368,0.15956338872444442,-0.6524900110663039,0.013333333333333322,0.0,0.05815337806285781,0.5,0.2912903225806451
2021-08-09,138.82899475097656,9516900.0,0.0,0.02593118250591292,16.719999313354492,0.1,0.08,0.5,0.2925806451612903,140.0,-0.0003600476137424202,0.17370560831263612,0.17604822552303695,0.16317996117432781,0.15088232273725893,-0.7202729729229526,0.0,0.0,0.05781218860740056,0.5,0.2916129032258064
2021-08-10,140.53201293945312,8667000.0,0.0,0.02561693897853029,16.790000915527344,0.1,0.08,0.5,0.2929032258064516,140.0,0.012267020960076369,0.17672507126348033,0.17787351747306288,0.16402643628577873,0.15068274409218815,-0.7134867092796163,0.009999999999999995,0.0,0.05747142958599305,0.5,0.29193548387096774
2021-08-11,142.20863342285156,9156500.0,0.0,0.025314918745443164,16.170000076293945,0.1,0.08,0.5,0.2932258064516129,140.0,0.011930523503714374,0.17942576258443957,0.1791150450970852,0.15964161997129633,0.21439985521385704,-0.7154123587683462,0.009999999999999995,0.0,0.05713067255496962,0.5,0.29225806451612896
2021-08-12,142.76449584960938,8844200.0,0.0,0.025216353537873333,15.59000015258789,0.1,0.09,0.5,0.2935483870967742,145.0,0.003908781157505148,0.17336263893602702,0.17882564490790728,0.15765008695754024,0.21268377620586545,-0.7157969083964311,0.01999999999999999,0.0,0.056790135062642744,0.5,0.2925806451612903
2021-08-13,141.16738891601562,8980900.0,0.0,0.02550164048257448,15.449999809265137,0.1,0.08,0.5,0.2938709677419355,140.0,-0.011187003632024628,0.17666690998316426,0.17999214186825982,0.1587311884228538,0.1599082226073868,-0.7069871789400877,0.006666666666666668,0.0,0.05644981689691764,0.5,0.2929032258064516
2021-08-14,140.85853068033853,8905866.666666666,0.0,0.025557803816556427,15.673333485921225,0.1,0.08,0.5,0.29419354838709677,140.0,-0.0021878865795331714,0.1768726822639462,0.17711213115061572,0.15874243792563159,0.20632797522545418,-0.7064144836643516,0.003333333333333327,0.0,0.056109745767465746,0.5,0.29322580645161284
2021-08-15,140.54967244466147,8830833.333333334,0.0,0.02561396715053837,15.89666716257731,0.1,0.08,0.5,0.2945161290322581,140.0,-0.0021926839232618844,0.16199305047626772,0.17668769150437777,0.15875143288830343,0.15452767184277588,-0.727834226974961,0.0,0.0,0.055768948866742774,0.5,0.2935483870967742
2021-08-16,140.24081420898438,8755800.0,0.0,0.02567013048452032,16.1200008392334,0.1,0.08,0.5,0.2948387096774194,140.0,-0.002197502351339198,0.1580851624499422,0.16561480384299976,0.15704112639835874,0.1531814432947637,-0.7956871415986583,0.009999999999999995,0.0,0.05542839216484152,0.5,0.2938709677419355
2021-08-17,138.54661560058594,9347200.0,0.0,0.025984034214003384,17.90999984741211,0.1,0.07,0.5,0.2951612903225806,140.0,-0.012080638706744584,0.15892136806680754,0.1585597546409404,0.15782499631266497,0.15316208873003667,-0.7748087795182214,0.0,0.0,0.0550889985363876,0.5,0.2941935483870967
2021-08-18,137.28482055664062,8065500.0,0.0,0.026222855414045728,21.56999969482422,0.09,0.07,0.5,0.2954838709677419,135.0,-0.009107368220259704,0.15760731825296534,0.15964003565022897,0.1585121609478446,0.21409927515982163,-0.746062814662157,-0.009999999999999995,-0.010000000000000009,0.05474977466983688,0.5,0.29451612903225804
2021-08-19,136.13766479492188,9517700.0,0.0,0.026443820712093523,21.670000076293945,0.09,0.06,0.5,0.2958064516129032,135.0,-0.008356027688039003,0.15219702455423065,0.1604313290340068,0.1578504566513219,0.1905549707029799,-0.7409990696805288,-0.010000000000000009,0.01999999999999999,0.05441076886232432,0.5,0.2948387096774194
2021-08-20,136.52593994140625,6974100.0,0.0,0.026368615382139367,18.559999465942383,0.09,0.06,0.5,0.2961290322580645,135.0,0.0028520773223874585,0.14030799476759218,0.1601676591117501,0.15790380666623977,0.18443433412754381,-0.7006209664972942,-0.010000000000000009,0.009999999999999995,0.05407198090365961,0.5,0.2951612903225806
2021-08-21,137.1083221435547,7294266.666666667,0.0,0.026257555358260163,18.089999516805012,0.09,0.06333333333333334,0.5,0.2964516129032258,136.66666666666666,0.004265725637182083,0.13505046511407845,0.1602872740733603,0.15805916143182072,0.15558516974372355,-0.712774973870459,-0.006666666666666668,-1.3877787807814457e-17,0.05373351445974417,0.5,0.2954838709677419
2021-08-22,137.69070434570312,7614433.333333333,0.0,0.026146495334380963,17.619999567667644,0.09,0.06666666666666667,0.5,0.2967741935483871,138.33333333333334,0.004247606513182234,0.13508465447510182,0.16007138244795452,0.15821177294411995,0.15985980624765017,-0.7129267572116921,-0.003333333333333341,-0.010000000000000009,0.053394248703440006,0.5,0.2958064516129032
2021-08-23,138.27308654785156,7934600.0,0.0,0.02603543531050176,17.149999618530273,0.09,0.07,0.5,0.2970967741935484,140.0,0.0042296406639494855,0.13534269626291498,0.15926619166010425,0.15750255633469123,0.15987892621356908,-0.7139458061883709,0.0,-0.010000000000000009,0.053055135601198566,0.5,0.2961290322580645
2021-08-24,139.12899780273438,7670900.0,0.0,0.025875267247337616,17.219999313354492,0.09,0.06,0.5,0.2974193548387097,140.0,0.006190006141119975,0.13607325137119505,0.1584746763689319,0.15787374712984786,0.15980520539270854,-0.7124021333555837,-0.010000000000000009,-0.010000000000000009,0.052717256133703705,0.5,0.2964516129032258
2021-08-25,141.99681091308594,11335000.0,0.0,0.025352682055680142,16.790000915527344,0.09,0.07,0.5,0.2977419354838709,140.0,0.020612619623823658,0.14683739903530035,0.1636493889336403,0.15947517909773065,0.1694444090215896,-0.7019826547486548,-0.009999999999999995,-0.010000000000000009,0.05237955514586812,0.5,0.2967741935483871
2021-08-26,142.729248046875,11027500.0,0.0,0.025222580860355205,18.84000015258789,0.09,0.07,0.5,0.2980645161290322,145.0,0.00515812382742431,0.1467712870475068,0.16388906772911083,0.15972026146787904,0.29668207802725216,-0.670420460782203,-0.01999999999999999,-0.010000000000000009,0.05204207075063505,0.5,0.2970967741935483
2021-08-27,143.87635803222656,8780200.0,0.0,0.025021484066156608,16.389999389648438,0.08,0.07,0.5,0.2983870967741935,145.0,0.008036965100347349,0.14771943198764398,0.1645347612073638,0.16022747575494029,0.1681920297025292,-0.6670085609970973,-0.016666666666666663,-0.020000000000000004,0.05170480273969713,0.5,0.2974193548387097
2021-08-28,143.1086629231771,8499333.333333334,0.0,0.025157165544529743,16.323333104451496,0.08,0.07333333333333333,0.5,0.2987096774193548,143.33333333333334,-0.005335797482985516,0.14819415544484718,0.1649904385952392,0.16040054621895075,0.1812312748688267,-0.6639966461460574,-0.009999999999999995,-0.020000000000000004,0.05136791781494554,0.5,0.29774193548387096
2021-08-29,142.3409678141276,8218466.666666667,0.0,0.025292847022902874,16.25666681925456,0.08,0.07666666666666667,0.5,0.2990322580645161,141.66666666666666,-0.005364420946771142,0.1468514000843291,0.16461357870193935,0.16056359424378638,0.16550950453201863,-0.662837871911929,-0.003333333333333327,-0.020000000000000004,0.051030399165703955,0.5,0.2980645161290322
2021-08-30,141.57327270507812,7937600.0,0.0,0.02542852850127601,16.190000534057617,0.08,0.08,0.5,0.2993548387096774,140.0,-0.00539335316345424,0.14813016483809266,0.16396029494669925,0.16071658827593358,0.16528757802479066,-0.6607770758675104,0.0,-0.020000000000000004,0.05069300171939073,0.5,0.2983870967741935
2021-08-31,141.14089965820312,12340800.0,0.0,0.025506426618492704,16.479999542236328,0.06,0.07,0.5,0.2996774193548387,140.0,-0.0030540584293456963,0.1485389992856307,0.16409363595394724,0.16078053030234674,0.16543122393227053,-0.6627774541708752,-0.009999999999999995,-0.04000000000000001,0.050356693147352916,0.5,0.29870967741935484
2021-09-01,140.93789672851562,8729900.0,0.0,0.025543165348455358,16.110000610351562,0.08,0.07,0.5,0.3,140.0,-0.0014382998137258962,0.14855695209224773,0.1638586625235605,0.1607814277969033,0.15573431606920288,-0.6604914768021105,-0.01999999999999999,-0.020000000000000004,0.050020575987279825,0.5,0.29903225806451605
2021-09-02,141.59095764160156,8813300.0,0.0,0.025425352437493973,16.40999984741211,0.08,0.07,0.5,0.3013333333333333,140.0,0.004633678579324174,0.14609197016244532,0.16378157383553074,0.16096528060383847,0.151798210524168,-0.6571275058523778,-0.009999999999999995,-0.020000000000000004,0.04968460248439488,0.5,0.2994992319508448
2021-09-03,140.7349853515625,7959700.0,0.0,0.025579993425281097,16.40999984741211,0.08,0.08,0.5,0.3026666666666666,140.0,-0.006045388097492221,0.1431733247763208,0.16405421406073764,0.16123783696982188,0.16136493299232232,-0.654181533771581,0.0,-0.020000000000000004,0.04934884391460925,0.5,0.300110599078341
2021-09-04,140.67322158813477,8291175.0,0.0,0.02559123934981748,16.84249973297119,0.08,0.08,0.5,0.30399999999999994,140.0,-0.00043886573955609354,0.13957955829227778,0.1637596039542275,0.16122564965972647,0.16887032288387743,-0.6534590868440476,0.0,-0.020000000000000004,0.04901330173752805,0.5,0.30086635944700457
2021-09-05,140.61145782470703,8622650.0,0.0,0.02560248527435386,17.274999618530273,0.08,0.08,0.5,0.3053333333333333,140.0,-0.00043905842725755484,0.11443144074260633,0.16377054657780596,0.16121316218151255,0.15114112305139268,-0.6534058065735086,0.0,-0.020000000000000004,0.0486765900073427,0.5,0.3017665130568356
2021-09-06,140.5496940612793,8954125.0,0.0,0.025613731198890242,17.707499504089355,0.08,0.08,0.5,0.30666666666666664,140.0,-0.00043925128423549786,0.11443619466175681,0.15943148613444985,0.16109658105450841,0.15072136744901588,-0.62940814648136,0.009999999999999995,-0.020000000000000004,0.04833998880732415,0.5,0.302811059907834
2021-09-07,140.48793029785156,9285600.0,0.0,0.025624977123426623,18.139999389648438,0.08,0.08,0.5,0.308,140.0,-0.0004394443107134105,0.11444093714555849,0.1461284018783277,0.1597612350970569,0.15071206572891016,-0.5769843065301031,0.009999999999999995,-0.009999999999999995,0.04800406247505706,0.5,0.30399999999999994
2021-09-08,139.86141967773438,7852700.0,0.0,0.025739764463245413,17.959999084472656,0.08,0.08,0.5,0.3093333333333333,140.0,-0.004459533418913031,0.11528972116213575,0.1461665989966089,0.15776438635150525,0.1507119461354046,-0.574686772885665,0.020000000000000004,-0.009999999999999995,0.04766937725197762,0.5,0.30533333333333335
2021-09-09,140.47027587890625,7904300.0,0.0,0.025628197691470435,18.799999237060547,0.08,0.07,0.5,0.3106666666666666,140.0,0.004353282002819592,0.11036201071944969,0.14611666736616727,0.1579330600008534,0.16066342988568338,-0.5663172076406549,0.010000000000000009,-0.009999999999999995,0.04733490572737842,0.5,0.3066666666666666
2021-09-10,138.85545349121094,8311600.0,0.0,0.02592624135016683,20.950000762939453,0.08,0.08,0.5,0.312,140.0,-0.011495829830129978,0.10933596993463962,0.1477686297053752,0.15883566440810343,0.1603386176864977,-0.5822323341541067,0.016666666666666663,-0.009999999999999995,0.04700064769665291,0.5,0.30799999999999994
2021-09-11,139.59078979492188,8892000.0,0.0,0.02579109099684657,20.4233341217041,0.08,0.07666666666666667,0.5,0.31333333333333335,140.0,0.00529569624543047,0.10992292610857184,0.1448381630816292,0.15879757694354746,0.20902258083643357,-0.5787401915379045,0.010000000000000009,-0.009999999999999995,0.04666676149254756,0.5,0.3093333333333333
2021-09-12,140.3261260986328,9472400.0,0.0,0.025655940643526307,19.89666748046875,0.08,0.07333333333333333,0.5,0.31466666666666665,140.0,0.005267799578978272,0.10657941316196427,0.1449860815034895,0.15872959664277697,0.16589703980952208,-0.5896726500210012,0.003333333333333327,-0.009999999999999995,0.04633284124324355,0.5,0.31066666666666665
2021-09-13,141.06146240234375,10052800.0,0.0,0.025520790290206048,19.3700008392334,0.08,0.07,0.5,0.316,140.0,0.005240195280485915,0.10753884190581132,0.14527818540570078,0.1567752533794082,0.16466591069206357,-0.5951527300727258,0.010000000000000009,-0.009999999999999995,0.045999022959105185,0.5,0.31199999999999994
2021-09-14,138.59957885742188,11685600.0,0.0,0.025974104897557727,19.459999084472656,0.08,0.07,0.5,0.3173333333333333,140.0,-0.01745255935246115,0.11899802422949456,0.14186844119118489,0.15922732996395428,0.16450135044489575,-0.5624037555235293,0.0,-0.009999999999999995,0.04566566432194019,0.5,0.31333333333333335
2021-09-15,139.56138610839844,11691500.0,0.0,0.025795100639111248,18.18000030517578,0.08,0.07,0.5,0.3186666666666666,140.0,0.006939467341138039,0.12076325345844922,0.14041454925051958,0.15163946306074116,0.2670864202674916,-0.555465363583858,0.0,-0.009999999999999995,0.04533247077697822,0.5,0.31466666666666665
2021-09-16,139.49964904785156,10880900.0,0.0,0.025806516536576504,18.690000534057617,0.08,0.07,0.5,0.32,140.0,-0.0004423649138803887,0.11530398046197467,0.13825117725039193,0.14505419353699675,0.1768066537685564,-0.5423886817063645,0.0,0.0,0.04499948950364119,0.5,0.31599999999999995
2021-09-17,139.13784790039062,12115650.0,0.0,0.025873621407291388,20.809999465942383,0.08,0.07,0.5,0.3213333333333333,140.0,-0.002593563137473054,0.11219527647317017,0.13613078997036898,0.1449311656820786,0.15134531462177211,-0.5243645286704223,-0.003333333333333327,0.0,0.044666720299141094,0.5,0.31733333333333336
2021-09-18,137.74952189127603,13350400.0,0.0,0.026139756531953946,22.44333267211914,0.08,0.07,0.5,0.32266666666666666,138.33333333333334,-0.009978061541590755,0.11340960904711363,0.13315919282944144,0.14579435577873293,0.15409225023562534,-0.49746107923467014,-0.006666666666666668,0.0,0.04433475106265261,0.5,0.31866666666666665
2021-09-19,136.36119588216147,14585150.0,0.0,0.0264058916566165,24.0766658782959,0.08,0.07,0.5,0.32399999999999995,136.66666666666666,-0.010078626699048354,0.1171436127956748,0.12819496447335266,0.14662364744421397,0.19610758407236956,-0.47739148422642746,-0.009999999999999995,0.0,0.04400171051452295,0.5,0.31999999999999995
2021-09-20,134.97286987304688,15819900.0,0.0,0.02667202678127906,25.709999084472656,0.08,0.07,0.5,0.3253333333333333,135.0,-0.010181239612435888,0.12001763028500162,0.12722964743065843,0.14766363428957596,0.19775639640557874,-0.5129049493500595,0.0,0.020000000000000004,0.043668294578083744,0.5,0.3213333333333333
2021-09-21,134.9905242919922,8999900.0,0.0,0.026668538542846128,24.360000610351562,0.08,0.07,0.5,0.3266666666666666,135.0,0.00013079975969931823,0.11918901112499444,0.12715126654689451,0.14734003047832223,0.19862711128305216,-0.5088764255958087,0.0,0.0,0.04333637250083733,0.5,0.32266666666666666
2021-09-22,137.5759735107422,11236200.0,0.0,0.02616735980951576,20.8700008392334,0.08,0.08,0.5,0.3279999999999999,140.0,0.019152820039112672,0.13147269116268984,0.13276590499759244,0.149922376790535,0.1518565595043784,-0.5618820069852091,0.009999999999999995,0.0,0.04300466146480009,0.5,0.32399999999999995
2021-09-23,142.2262725830078,12336100.0,0.0,0.025311779143328984,18.6299991607666,0.08,0.08,0.5,0.3293333333333333,140.0,0.033801680290508784,0.1625547071580009,0.1487117866568739,0.1589415043174542,0.28118781304732626,-0.596274491557436,0.0,0.0,0.042673161285476935,0.5,0.3253333333333333
2021-09-24,143.86749267578125,10102400.0,0.0,0.025023025932014636,17.75,0.08,0.08,0.5,0.3306666666666666,145.0,0.011539500142743186,0.15505278710161335,0.15022337896191,0.15998597335271003,0.44388400479788276,-0.6013055493694873,0.0,0.0,0.04234187176188109,0.5,0.3266666666666666
2021-09-25,145.02639770507812,11141900.0,0.0,0.02482621255847945,18.086666742960613,0.08,0.08333333333333333,0.5,0.33199999999999996,145.0,0.008055364055788328,0.15603360365504862,0.15077142369443025,0.16045601498126547,0.21724728334443758,-0.5994315612353491,0.003333333333333327,0.0,0.04201115493127272,0.5,0.3279999999999999
2021-09-26,146.185302734375,12181400.0,0.0,0.02462939918494426,18.423333485921223,0.08,0.08666666666666667,0.5,0.33333333333333326,145.0,0.007990993692428283,0.15601467923828638,0.15137600339053442,0.16090590193790702,0.1825183731155243,-0.5966920035629579,0.006666666666666668,0.0,0.041679604273975546,0.5,0.3293333333333333
2021-09-27,147.34420776367188,13220900.0,0.0,0.024432585811409075,18.760000228881836,0.08,0.09,0.5,0.3346666666666666,145.0,0.007927643939710238,0.15639910430433235,0.15125466684249333,0.16129576472642831,0.18122630671052764,-0.5885185456679809,0.009999999999999995,0.0,0.04134790247302922,0.5,0.3306666666666666
2021-09-28,146.5500030517578,13387900.0,0.0,0.024564994370751186,23.25,0.08,0.09,0.5,0.336,145.0,-0.005390131882129334,0.15640824370228598,0.15065238552081278,0.16105572401909488,0.18076612434341433,-0.5676330482155648,0.009999999999999995,0.0,0.04101745437575777,0.5,0.33199999999999996
2021-09-29,146.43533325195312,7777100.0,0.0,0.024584230595534797,22.559999465942383,0.08,0.09,0.5,0.3373333333333333,145.0,-0.0007824619407492683,0.1553397823871253,0.15061178027335195,0.16034334435367206,0.16577591971256084,-0.5628843121371346,0.01999999999999999,0.0,0.04068721589426327,0.5,0.3333333333333333
2021-09-30,144.44110107421875,13161200.0,0.0,0.02492365381616828,23.139999389648438,0.06,0.09,0.5,0.3386666666666666,145.0,-0.013618517699571453,0.16080582104979052,0.153713831011523,0.16212130845545428,0.1512821798370704,-0.5601016646717865,0.009999999999999995,-0.020000000000000004,0.04035718686721945,0.5,0.3346666666666666
2021-10-01,147.47654724121094,11285000.0,0.0,0.024410660998944338,21.100000381469727,0.08,0.09,0.5,0.34,145.0,0.02101511373436904,0.1707573533323626,0.15870143165031492,0.165417137947512,0.2283362052540355,-0.5808817682321253,0.013333333333333322,0.0,0.040027367095419875,0.5,0.33599999999999997
2021-10-02,147.4236043294271,12230000.0,0.0,0.0244194336807708,21.71999994913737,0.08,0.09,0.5,0.33870967741935487,145.0,-0.000358992075514597,0.17057894394255396,0.15747085634716834,0.16521033202233978,0.3018078162008976,-0.5736860989846405,0.016666666666666663,0.0,0.04189675272499516,0.5,0.3369585253456221
2021-10-03,147.37066141764322,13175000.0,0.0,0.02442820636259727,22.339999516805012,0.08,0.09,0.5,0.33741935483870966,145.0,-0.0003591209971068876,0.1692216260297173,0.15541690458469282,0.16499884298165726,0.15566422053314724,-0.5840397107299709,0.01999999999999999,0.0,0.04328967724182231,0.5,0.337542242703533
2021-10-04,147.31771850585938,14120000.0,0.0,0.024436979044423733,22.959999084472656,0.08,0.09,0.5,0.3361290322580645,145.0,-0.00035925001132897094,0.1692137068250158,0.15379431630104134,0.16478259405368023,0.15079101249937577,-0.5813311817154792,0.01999999999999999,0.0,0.043976061004159295,0.5,0.33775115207373274
2021-10-05,149.72349548339844,12292900.0,1.0,0.024712220270132965,21.299999237060547,0.08,0.09,0.5,0.3348387096774193,150.0,0.016330533773799782,0.17431785490583335,0.1468268384906216,0.16674921981270874,0.15068040397509097,-0.5956734390412878,0.01999999999999999,0.0,0.04402754153111532,0.5,0.33758525345622115
2021-10-06,150.0430908203125,8692600.0,0.0,0.024659582655698682,21.0,0.08,0.1,0.5,0.3335483870967741,150.0,0.0021345703684128026,0.1741524844185858,0.1467996012421358,0.1637865505208585,0.25255195009214304,-0.5956286425091759,0.03,0.0,0.04385819706206395,0.5,0.33704454685099844
2021-10-07,150.99290466308594,10195400.0,0.0,0.02450446269813736,19.540000915527344,0.08,0.1,0.5,0.332258064516129,150.0,0.006330273773891504,0.17436930687443644,0.14711694427789437,0.15587950383629792,0.15592740384530354,-0.5979563170386056,0.03,0.0,0.04368893327670742,0.5,0.3361290322580645
2021-10-08,151.1083221435547,8190100.0,0.0,0.024485746036442366,18.770000457763672,0.08,0.09,0.5,0.3309677419354838,150.0,0.0007643900932052805,0.17323271380627725,0.1470777331994524,0.15575309544599872,0.17016628964938252,-0.595371618341242,0.01999999999999999,0.0,0.043519750117398504,0.5,0.3348387096774193
2021-10-09,150.04896036783853,9511633.333333334,0.0,0.024661093983955575,19.18000030517578,0.08,0.0925,0.5,0.32967741935483863,150.0,-0.007010611729973082,0.17535125581685085,0.14633533314737246,0.1561982320328831,0.15137609063226237,-0.6026309602994634,0.022499999999999992,0.0,0.04335094239724602,0.5,0.33354838709677415
2021-10-10,148.9895985921224,10833166.666666666,0.0,0.02483644193146879,19.59000015258789,0.08,0.095,0.5,0.32838709677419353,150.0,-0.007060107401738347,0.1727589603607311,0.1455295756495021,0.156622900431197,0.17447281227942077,-0.6009066628265214,0.024999999999999994,0.0,0.043182022665596564,0.5,0.33225806451612894
2021-10-11,147.93023681640625,12154700.0,0.0,0.025011789878981998,20.0,0.08,0.0975,0.5,0.3270967741935484,150.0,-0.007110306932340271,0.1746647681524031,0.14627323600780806,0.15493345173015227,0.17526871412859782,-0.5994803423233588,0.027499999999999997,0.0,0.04301289295214761,0.5,0.33096774193548384
2021-10-12,146.7939910888672,13032600.0,0.0,0.02520539139616463,19.850000381469727,0.08,0.1,0.5,0.3258064516129032,145.0,-0.007680956591377908,0.1765549678849132,0.1452253983182818,0.15543253732172474,0.17560738226961967,-0.6047002262522211,0.020000000000000004,0.0,0.042844036013230724,0.5,0.32967741935483863
2021-10-13,142.9235076904297,22753500.0,0.0,0.025887973642615518,18.639999389648438,0.08,0.11,0.5,0.324516129032258,145.0,-0.026366769986479577,0.19410551298635736,0.15560583823803542,0.1620748486486289,0.1793807851474846,-0.5166736897402429,0.03,0.0,0.042675255100944165,0.5,0.3283870967741935
2021-10-14,145.1161651611328,15176800.0,0.0,0.025496814885451437,16.860000610351562,0.08,0.1,0.5,0.3232258064516128,145.0,0.015341475353742196,0.19088170490119602,0.1585085524071445,0.15896083546443768,0.36705211599653065,-0.5320061338640383,0.020000000000000004,0.0,0.04250655446995921,0.5,0.3270967741935484
2021-10-15,147.90362548828125,14267400.0,0.0,0.025016290086095013,16.299999237060547,0.08,0.12,0.5,0.3219354838709677,150.0,0.01920847566536321,0.1969798939133244,0.16285504215691296,0.16056031348687186,0.24797724108434355,-0.528722422260238,0.03666666666666667,0.0,0.0423379340630099,0.5,0.32580645161290317
2021-10-16,147.8858846028646,13735900.0,0.0,0.025019291844138727,16.303332646687824,0.08,0.11666666666666667,0.5,0.32064516129032256,150.0,-0.0001199489556668043,0.19694828145460025,0.1605908071015443,0.15923939280070465,0.28328446663470014,-0.5151922496921814,0.03,0.0,0.042169393907280694,0.5,0.32451612903225807
2021-10-17,147.8681437174479,13204400.0,0.0,0.025022293602182444,16.306666056315105,0.08,0.11333333333333333,0.5,0.31935483870967735,150.0,-0.00011996334514496887,0.1965822994337951,0.15919259774285408,0.1578561467268154,0.1548267272682641,-0.5048451195683124,0.02333333333333333,0.0,0.04200056032116395,0.5,0.32322580645161286
2021-10-18,147.85040283203125,12672900.0,0.0,0.025025295360226157,16.309999465942383,0.08,0.11,0.5,0.3180645161290322,150.0,-0.00011997773807559398,0.19337298916849904,0.15795342386175462,0.15522597123730192,0.15071220177884087,-0.5066475331306973,0.020000000000000004,0.0,0.04183217011994911,0.5,0.3219354838709677
2021-10-19,149.6435546875,8053900.0,0.0,0.024725421737853626,15.699999809265137,0.08,0.11,0.5,0.3167741935483871,150.0,0.012128149948335887,0.19160448861247148,0.15944007123397747,0.15276990688520808,0.15061901040913792,-0.5282357682135557,0.020000000000000004,0.0,0.041664233164391495,0.5,0.32064516129032256
2021-10-20,151.65869140625,8185600.0,0.0,0.024396887284809578,15.489999771118164,0.08,0.1,0.5,0.3154838709677419,150.0,0.013466244656899606,0.18953715180776454,0.16119224958939762,0.1523033589405509,0.2131802246933951,-0.5240308416453762,0.010000000000000009,0.020000000000000004,0.04149601296965555,0.5,0.31935483870967735
2021-10-21,150.4691619873047,8415200.0,0.0,0.024589756140943848,15.010000228881836,0.08,0.12,0.5,0.3141935483870968,150.0,-0.007843463555668562,0.19231476975768466,0.16227920878008734,0.15299979072463285,0.22631160831989017,-0.5134435549881265,0.03,0.0,0.0413278726565538,0.5,0.3180645161290322
2021-10-22,152.49317932128906,8817900.0,0.0,0.024263380280139885,15.430000305175781,0.08,0.13,0.5,0.3129032258064516,150.0,0.013451376396680814,0.1890831152236397,0.1640108605982163,0.15430370196919715,0.18174840735704723,-0.49929318549238355,0.04000000000000001,0.0,0.04115981216820108,0.5,0.3167741935483871
2021-10-23,152.24461364746094,9265000.0,0.0,0.02430312422433769,15.366666793823242,0.08,0.13333333333333333,0.5,0.3116129032258064,150.0,-0.0016300117482921372,0.16703338363042033,0.16386789171467478,0.1543873452498933,0.22556199988356357,-0.5002205774487858,0.043333333333333335,0.0,0.040991847077567645,0.5,0.3154838709677419
2021-10-24,151.9960479736328,9712100.0,0.0,0.024342868168535498,15.303333282470703,0.08,0.1366666666666667,0.5,0.3103225806451613,150.0,-0.0016326730245032062,0.16506530385395393,0.1591670076577467,0.15446813288927008,0.15404476850430243,-0.504811821499309,0.04666666666666669,0.0,0.040823150218718185,0.5,0.31419354838709673
2021-10-25,151.7474822998047,10159200.0,0.0,0.024382612112733303,15.239999771118164,0.08,0.14,0.5,0.3090322580645161,150.0,-0.0016353430049131923,0.16428943126984366,0.15904386130814654,0.15448494528101364,0.15206812910774142,-0.5297987806091731,0.05000000000000002,0.0,0.04065452662267699,0.5,0.31290322580645163
2021-10-26,152.1558380126953,8015100.0,0.0,0.024317174078403,15.979999542236328,0.08,0.14,0.5,0.3077419354838709,150.0,0.0026910213382245196,0.16319802120386176,0.1584186891938449,0.15449923004299998,0.15202818764175352,-0.5223142811423322,0.04000000000000001,0.0,0.04048679408842348,0.5,0.3116129032258064
2021-10-27,148.98666381835938,9847000.0,0.0,0.02483443756087419,16.979999542236328,0.08,0.12,0.5,0.3064516129032258,150.0,-0.02082847582931069,0.1742703753802787,0.164237718179516,0.15852191646239375,0.15435003627217567,-0.5317175829745558,0.01999999999999999,0.0,0.0403191323758485,0.5,0.3103225806451612
2021-10-28,151.23265075683594,7212900.0,0.0,0.02446561626397172,16.530000686645508,0.08,0.15,0.5,0.3051612903225806,150.0,0.015075087131387832,0.1783558502574544,0.1663149213502686,0.1594448367948184,0.3034819893426644,-0.5339436303087236,0.06,0.0,0.04015155014753957,0.5,0.3090322580645161
2021-10-29,150.8153533935547,8140100.0,0.0,0.0245333112096671,16.260000228881836,0.07,0.15,0.5,0.3038709677419355,150.0,-0.0027593073400017376,0.17862468153040037,0.16596696464471586,0.15953054561288,0.24351561316663384,-0.5340259001791006,0.057499999999999996,-0.009999999999999995,0.039984047346986795,0.5,0.30774193548387097
2021-10-30,150.78872680664062,7905233.333333333,0.0,0.024537644883270735,16.31000010172526,0.07333333333333333,0.15,0.5,0.30258064516129035,150.0,-0.00017655090357138192,0.17317342578376374,0.1657668998176787,0.15948708390822489,0.1571525342219133,-0.533367158179289,0.05499999999999999,-0.006666666666666668,0.03981662409999531,0.5,0.3064516129032258
2021-10-31,150.76210021972656,7670366.666666667,0.0,0.02454197855687437,16.359999974568684,0.07666666666666667,0.15,0.5,0.30129032258064514,150.0,-0.0001765820792969386,0.16317450007790915,0.16570440250074991,0.15944325637532808,0.15077468251537332,-0.5354036944929258,0.05249999999999999,-0.003333333333333327,0.039648639956683995,0.5,0.3051612903225806
2021-11-01,150.7354736328125,7435500.0,0.0,0.024546312230478005,16.40999984741211,0.08,0.15,0.5,0.3,150.0,-0.0001766132660346864,0.16316473287389593,0.16556329475991757,0.15856905816101624,0.15062913709732378,-0.5376861419333802,0.04999999999999999,0.0,0.03948077332328226,0.5,0.30387096774193545
2021-11-02,151.33026123046875,7173800.0,0.0,0.02444983554455825,16.030000686645508,0.08,0.15,0.5,0.301,150.0,0.003945903265645034,0.16338824900933935,0.16499744993881937,0.15730415405280948,0.1506258900445506,-0.5404980127153584,0.039999999999999994,0.0,0.03931362607239297,0.5,0.3029078341013825
2021-11-03,151.38351440429688,8402700.0,0.0,0.024441234665212523,15.100000381469727,0.08,0.17,0.5,0.302,150.0,0.00035190036279009185,0.16335422908495148,0.16497165617159548,0.15617551514875125,0.15846894783856058,-0.5363904537712172,0.07,0.0,0.03914651994227403,0.5,0.30227188940092165
2021-11-04,149.39501953125,9574200.0,0.0,0.02476655521455349,15.4399995803833,0.08,0.14,0.5,0.303,150.0,-0.013135478330462358,0.16166949432258076,0.16758129041575817,0.15134636566770274,0.1508535455072667,-0.5345206538758911,0.020000000000000018,0.0,0.038979492901757506,0.5,0.301963133640553
2021-11-05,149.1819610595703,7975600.0,0.0,0.024801926276612905,16.479999542236328,0.08,0.14,0.5,0.304,150.0,-0.0014261417304819446,0.16157665847823438,0.16762999788681102,0.151380119042504,0.22376120154301155,-0.5339885536929322,0.023333333333333345,0.0,0.03881254489470942,0.5,0.3019815668202765
2021-11-06,149.4808146158854,7454966.666666667,0.0,0.02475253783790854,16.72666613260905,0.08,0.14666666666666667,0.5,0.305,150.0,0.0020032821273596735,0.16054921353382534,0.16761551287261528,0.1513808423310482,0.15366815709860682,-0.5332137417315255,0.03333333333333334,0.0,0.03864569913974081,0.5,0.30232718894009214
2021-11-07,149.77966817220053,6934333.333333333,0.0,0.02470314939920417,16.97333272298177,0.08,0.15333333333333335,0.5,0.306,150.0,0.0019992770114551917,0.16066234929515152,0.16723209111993265,0.15138031755908396,0.15274569944104524,-0.5351669778973628,0.04333333333333335,0.0,0.038458178280272426,0.5,0.303
2021-11-08,150.07852172851562,6413700.0,0.0,0.024653760960499805,17.219999313354492,0.08,0.16,0.5,0.307,150.0,0.0019952878782687478,0.15949733273320235,0.16710920089676803,0.1501725389993029,0.1527168342009796,-0.5411995035660434,0.05,0.0,0.03827073413613391,0.5,0.304
2021-11-09,148.94227600097656,7990300.0,0.0,0.02484183872667382,17.780000686645508,0.08,0.14,0.5,0.308,150.0,-0.007571008259226297,0.15970302522181826,0.16602023743634636,0.14961825542690527,0.15270804196566987,-0.528213591347073,0.04000000000000001,0.0,0.038104122379919,0.5,0.305
2021-11-10,148.80023193359375,6999200.0,0.0,0.02486555264007403,18.729999542236328,0.08,0.17,0.5,0.309,150.0,-0.0009536853551364022,0.1583053193571438,0.16585218250089911,0.14952758899337723,0.17816799955110962,-0.526276497254875,0.05000000000000002,0.0,0.03793758187426688,0.5,0.306
2021-11-11,148.79135131835938,5815300.0,0.0,0.02486703674115672,17.65999984741211,0.08,0.17,0.5,0.31,150.0,-5.9681460969351896e-05,0.1565280463249179,0.16563629606294894,0.1482128683848326,0.1517502157923502,-0.5197026342322942,0.04000000000000001,0.0,0.03777112005856087,0.5,0.307
2021-11-12,148.1255645751953,8113400.0,0.0,0.02497880774740751,16.290000915527344,0.08,0.17,0.5,0.311,150.0,-0.004474633352442137,0.13473736258100513,0.1657675675981332,0.14838411613841856,0.15063665732746498,-0.5016065508945371,0.03666666666666668,0.0,0.03760473687704158,0.5,0.308
2021-11-13,148.0367889404297,7573100.0,0.0,0.02499380518380983,16.356667200724285,0.08,0.17333333333333334,0.5,0.312,150.0,-0.0005993268955309938,0.12805553554365265,0.161299317787082,0.14832427288905514,0.16072804177962244,-0.5120427900066018,0.03666666666666665,0.0,0.037438434369968965,0.5,0.309
2021-11-14,147.94801330566406,7032800.0,0.0,0.025008802620212146,16.423333485921223,0.08,0.17666666666666667,0.5,0.313,150.0,-0.0005996863036616951,0.11563160051466141,0.16087635667339106,0.14826361598782078,0.15102915165046943,-0.5080403402966531,0.03666666666666665,0.0,0.037271216610533786,0.5,0.31
2021-11-15,147.85923767089844,6492500.0,0.0,0.025023800056614465,16.489999771118164,0.08,0.18,0.5,0.314,150.0,-0.0006000461431152626,0.11564466830922535,0.16088260852046746,0.14670292972490645,0.1508056006875967,-0.508051536901619,0.03999999999999998,0.0,0.037104117871445075,0.5,0.311
2021-11-16,146.7939910888672,9706100.0,0.0,0.02520539139616463,16.3700008392334,0.08,0.17,0.5,0.315,145.0,-0.00720446418371401,0.11752650107692986,0.1616000452345365,0.14637213342966054,0.15080082765064462,-0.5094493043354633,0.05000000000000002,0.0,0.036938091283617025,0.5,0.312
2021-11-17,146.00392150878906,9909600.0,0.0,0.025341785081966238,17.110000610351562,0.08,0.18,0.5,0.316,145.0,-0.005382165674614248,0.11846975278460838,0.16053844961872035,0.14592806100935177,0.17570752378625676,-0.5002050285966085,0.03,0.0,0.036772101034675764,0.5,0.313
2021-11-18,144.74331665039062,8122500.0,0.0,0.025562492870996507,17.59000015258789,0.08,0.18,0.5,0.317,145.0,-0.00863404794454481,0.11467485671360889,0.16013512823151155,0.1467361055123543,0.16561347842008137,-0.48984214170508,0.03,0.009999999999999995,0.03660618908612645,0.5,0.314
2021-11-19,142.8524627685547,12193600.0,0.0,0.025900848527859337,17.90999984741211,0.08,0.18,0.5,0.318,145.0,-0.013063496993115487,0.11127717833069499,0.1611169348760307,0.14840570663955582,0.1859219408610881,-0.4761512291897076,0.03,0.006666666666666668,0.03644035538257828,0.5,0.315
2021-11-20,143.86744181315103,12979033.333333334,0.0,0.025720661502520722,18.329999923706055,0.08,0.18666666666666668,0.5,0.319,145.0,0.007105086079200351,0.11283986530693671,0.16159553624769793,0.1486866582377572,0.22367747650966918,-0.4757738366709123,0.03666666666666668,0.003333333333333327,0.03627488730120043,0.5,0.316
2021-11-21,144.8824208577474,13764466.666666666,0.0,0.025540474477182107,18.75,0.08,0.19333333333333333,0.5,0.32,145.0,0.007054959981248388,0.10693326491942948,0.1577499014892334,0.14896045302226238,0.1764801363622953,-0.4214860332251446,0.043333333333333335,0.0,0.03610846523464173,0.5,0.317
2021-11-22,145.89739990234375,14549900.0,0.0,0.025360287451843492,19.170000076293945,0.08,0.2,0.5,0.321,145.0,0.0070055362036840485,0.10985922340595317,0.14323934277813397,0.14905363636547936,0.1749667221107264,-0.33116594907806696,0.05000000000000002,0.0,0.03594185147255691,0.5,0.318
2021-11-23,149.38612365722656,12354400.0,0.0,0.02476803005137092,19.3799991607666,0.08,0.21,0.5,0.322,150.0,0.023912172233487183,0.13166870955720808,0.14928397305618893,0.15036436086266766,0.17462464111272769,-0.2918855200596391,0.03999999999999998,0.0,0.03577634770368898,0.5,0.319
2021-11-24,148.21437072753906,9629800.0,0.0,0.02496384110284199,18.579999923706055,0.08,0.24,0.5,0.3229999999999999,150.0,-0.007843786966292399,0.13333553417613397,0.14947520296177533,0.15081876744623426,0.3321467909084758,-0.281042152861598,0.09999999999999998,0.0,0.03561090490078289,0.5,0.32
2021-11-25,145.98172760009766,11624550.0,0.0,0.02535156773412639,23.600000381469727,0.08,0.22,0.5,0.32399999999999995,147.5,-0.015063607641297105,0.1392165256149349,0.1519531706304078,0.15249680085915746,0.185347127534056,-0.35004060181021973,0.07999999999999999,0.0,0.035446219462396344,0.5,0.321
2021-11-26,143.74908447265625,13619300.0,0.0,0.025739294365410788,28.6200008392334,0.08,0.2,0.5,0.325,145.0,-0.015293990310605965,0.13312229780588655,0.1542553062116522,0.15444354832428028,0.2429565038571922,-0.40280064647715935,0.053333333333333344,0.0,0.035280868519294906,0.5,0.32199999999999995
2021-11-27,143.54194132486978,13114333.333333334,0.0,0.025776545855736414,26.733333587646484,0.08,0.20333333333333334,0.5,0.32599999999999996,145.0,-0.0014410049882848108,0.12400053748691688,0.1539208715382783,0.15419203527081338,0.2463734818336191,-0.4036096328311554,0.04999999999999999,0.0,0.03511567472549948,0.5,0.32299999999999995
2021-11-28,143.33479817708334,12609366.666666666,0.0,0.02581379734606204,24.84666633605957,0.08,0.20666666666666667,0.5,0.32699999999999996,145.0,-0.0014430844802191256,0.12396486565533643,0.15393486039604976,0.15393404517601134,0.15446055013506504,-0.39334883042170726,0.04666666666666666,0.0,0.03494955835356217,0.5,0.32399999999999995
2021-11-29,143.12765502929688,12104400.0,0.0,0.025851048836387665,22.959999084472656,0.08,0.21,0.5,0.3279999999999999,145.0,-0.0014451699825924758,0.12388424677715228,0.1514214699256686,0.1538628780157667,0.15177626532369115,-0.37811358318483895,0.06999999999999998,0.0,0.03478351108830169,0.5,0.3249999999999999
2021-11-30,140.99717712402344,18922600.0,0.0,0.026241660120226516,27.190000534057617,0.07,0.24,0.5,0.3289999999999999,140.0,-0.014885159020018524,0.12957677039730559,0.14799975563428736,0.15591949657411877,0.15171887780197243,-0.3838343684664215,0.06999999999999998,-0.009999999999999995,0.034618538311910196,0.5,0.32599999999999996
2021-12-01,140.16270446777344,12253400.0,0.0,0.026397892463973636,31.1200008392334,0.08,0.25,0.5,0.33,140.0,-0.005918364277009536,0.1298577156324301,0.14837785040409948,0.1560349811764701,0.2406624903917841,-0.3842111986541416,0.07999999999999999,0.0,0.03445364023051689,0.5,0.32699999999999996
2021-12-02,143.10995483398438,12969900.0,0.0,0.025854246158432577,27.950000762939453,0.08,0.27,0.5,0.3329032258064516,145.0,0.021027350873417117,0.14532529815641823,0.15487187208657197,0.1595723376364016,0.17026195772378996,-0.43639915460885775,0.1,0.0,0.03428881967816588,0.5,0.3282718894009216
2021-12-03,140.51779174804688,12681800.0,0.0,0.026331185211294985,30.670000076293945,0.08,0.26,0.5,0.3358064516129032,140.0,-0.0181130871639541,0.1527038322591272,0.15910422667008653,0.162534994685166,0.3010796901785217,-0.466163350231069,0.08666666666666667,0.0,0.034124076600192454,0.5,0.329815668202765
2021-12-04,141.07113647460938,12183366.666666666,0.0,0.02622870634452559,29.50666681925456,0.08,0.26666666666666666,0.5,0.3387096774193548,140.0,0.003937897967786652,0.15029410453566783,0.1554545899952023,0.16266688980987715,0.27665046110732744,-0.45163546452883235,0.09,0.0,0.03395949977072599,0.5,0.3316313364055299
2021-12-05,141.62448120117188,11684933.333333334,0.0,0.026126227477756194,28.343333562215168,0.08,0.2733333333333334,0.5,0.34161290322580645,140.0,0.003922451752999656,0.15123802811605247,0.15565040321633386,0.16279395998165075,0.162189441977444,-0.4542819260273032,0.09333333333333338,0.0,0.03379498218553301,0.5,0.33371889400921656
2021-12-06,142.17782592773438,11186500.0,0.0,0.0260237486109868,27.18000030517578,0.08,0.28,0.5,0.3445161290322581,140.0,0.003907126238835046,0.151744522883306,0.15524717059905108,0.1629162667808836,0.15863315214952722,-0.4508299316148502,0.11000000000000001,0.0,0.03363046606959652,0.5,0.33607834101382483
2021-12-07,144.3172149658203,9851600.0,0.0,0.0256379670358543,21.889999389648438,0.08,0.31,0.5,0.3474193548387096,145.0,0.01504727635358094,0.15892447292637218,0.1586158596511717,0.16459127315580951,0.15849386842500965,-0.4866862387691146,0.13,0.0,0.033466045278881085,0.5,0.33870967741935487
2021-12-08,142.6660919189453,11705700.0,0.0,0.025934683919863227,19.899999618530273,0.08,0.29,0.5,0.3503225806451613,145.0,-0.011440929256194776,0.16133721974034135,0.15963216888479131,0.16563557505844112,0.24015690360699846,-0.45353810951987583,0.10999999999999999,0.0,0.033301688714144184,0.5,0.34161290322580645
2021-12-09,142.4441680908203,11189600.0,0.0,0.025975089395312657,21.579999923706055,0.08,0.28,0.5,0.3532258064516129,140.0,-0.001555547118029188,0.16036088068361773,0.15910973192172628,0.16447052721887864,0.2102470825286317,-0.45029967744387,0.10000000000000003,0.0,0.03313740929689657,0.5,0.3445161290322581
2021-12-10,141.87599182128906,10405400.0,0.0,0.026079112840040074,18.690000534057617,0.08,0.27,0.5,0.3561290322580644,140.0,-0.003988764700910696,0.16051541966127428,0.1587010689233328,0.16440493995084257,0.15343876940858622,-0.42887951637701005,0.08333333333333334,0.0,0.03297320697283279,0.5,0.3474193548387097
2021-12-11,141.31377156575522,10959933.333333334,0.0,0.02618370143729434,19.230000178019207,0.08,0.27,0.5,0.35903225806451605,140.0,-0.003962758239195452,0.16059195993921369,0.15817928585335475,0.16432349942055713,0.15875876726270993,-0.43267919026053475,0.07666666666666669,0.0,0.03280917364802538,0.5,0.35032258064516125
2021-12-12,140.75155131022134,11514466.666666666,0.0,0.026288290034548602,19.769999821980793,0.08,0.27,0.5,0.36193548387096774,140.0,-0.003978524168624764,0.16052387185306619,0.14874586596475783,0.16422928963750186,0.15877299288383329,-0.4972362083174938,0.07,0.0,0.03264507457221799,0.5,0.35322580645161283
2021-12-13,140.1893310546875,12069000.0,0.0,0.02639287863180287,20.309999465942383,0.08,0.27,0.5,0.3648387096774194,140.0,-0.003994416049416638,0.16062370310470922,0.1453803831952165,0.1616630493218352,0.15883542369318976,-0.4843388019573211,0.060000000000000026,0.0,0.03248096940309342,0.5,0.35612903225806447
2021-12-14,141.2634735107422,12563600.0,0.0,0.02619219185289705,21.889999389648438,0.08,0.26,0.5,0.3677419354838709,140.0,0.00766208418268044,0.16292099781016586,0.1406159861101813,0.16175277944568162,0.15889965306707515,-0.47013461222736935,0.020000000000000018,0.0,0.032317083796020274,0.5,0.35903225806451605
2021-12-15,140.20703125,14014200.0,0.0,0.02638954670827181,19.290000915527344,0.08,0.29,0.5,0.3706451612903225,140.0,-0.007478523885099397,0.1638016530206789,0.14128440063534728,0.1622552829089001,0.17851001306640468,-0.4390857165766158,0.06999999999999998,0.0,0.03215326616487135,0.5,0.3619354838709677
2021-12-16,142.3997344970703,19542800.0,0.0,0.025983194512740632,20.56999969482422,0.08,0.26,0.5,0.3735483870967742,140.0,0.015639039123227283,0.1703515194062703,0.14522763250798063,0.16423590456377885,0.1780849503964389,-0.4044357382063161,0.06,0.0,0.03198952530211163,0.5,0.36483870967741927
2021-12-17,139.15957641601562,18444100.0,0.0,0.02658818095952593,21.56999969482422,0.08,0.27,0.5,0.3764516129032258,140.0,-0.022753961532992584,0.1815763186748113,0.15229447283145622,0.16793556683883168,0.2461759751410499,-0.4052401634349548,0.06666666666666668,0.0,0.03182586115379027,0.5,0.3677419354838709
2021-12-18,138.32511393229166,17345400.0,0.0,0.026750536134869624,22.003333409627277,0.08,0.27,0.5,0.3793548387096774,138.33333333333334,-0.005996443113834626,0.18083897463710524,0.1501609093543851,0.16736507521984165,0.32635636970446374,-0.40358566259568945,0.06333333333333335,0.0,0.03166248519505532,0.5,0.37064516129032254
2021-12-19,137.49065144856772,16246700.0,0.0,0.026912891310213315,22.43666712443034,0.08,0.27,0.5,0.38225806451612904,136.66666666666666,-0.006032617360665182,0.17801761465015278,0.14729576736330174,0.16677501264120045,0.17384348090754023,-0.40802698850818503,0.060000000000000026,0.0,0.03149746307448997,0.5,0.3735483870967742
2021-12-20,136.65618896484375,15148000.0,0.0,0.02707524648555701,22.8700008392334,0.08,0.27,0.5,0.3851612903225806,135.0,-0.006069230707195561,0.17673337731608685,0.1470177425940517,0.16710717057749766,0.16907466863043527,-0.41447313637849137,0.030000000000000027,0.009999999999999995,0.03133230711463031,0.5,0.3764516129032258
2021-12-21,138.5648193359375,11291300.0,0.0,0.02670230450796962,21.010000228881836,0.08,0.29,0.5,0.3880645161290322,140.0,0.013966658850590008,0.18074047346615468,0.1472422822432693,0.16569103091908055,0.16917372612053108,-0.44574619759374035,0.03999999999999998,0.0,0.03116895031982425,0.5,0.3793548387096774
2021-12-22,139.10629272460938,7273000.0,0.0,0.0265983653760721,18.6299991607666,0.08,0.28,0.5,0.3909677419354838,140.0,0.003907726299264391,0.17970384391289132,0.14767242138218625,0.15605669108065695,0.2301037870462721,-0.4509645146012266,0.010000000000000009,0.0,0.031005669919613066,0.5,0.38225806451612904
2021-12-23,139.60342407226562,8055200.0,0.0,0.02650364791972937,17.959999084472656,0.08,0.31,0.5,0.3938709677419355,140.0,0.003573751682394599,0.16395437859860768,0.14803717007136574,0.15493221683331837,0.16044206401136368,-0.4529228233535548,0.04999999999999999,0.0,0.030842465910608796,0.5,0.3851612903225807
2021-12-24,139.80316925048828,7588425.0,0.0,0.026465942184664665,17.889999389648438,0.08,0.315,0.5,0.39677419354838706,140.0,0.0014308042911559404,0.16340116668985497,0.1481511228206419,0.15431678260321458,0.15730466830529405,-0.4529233092061006,0.04833333333333334,0.0,0.030679429717832996,0.5,0.38806451612903226
2021-12-25,140.00291442871094,7121650.0,0.0,0.026428236449599955,17.81999969482422,0.08,0.32,0.5,0.3996774193548387,140.0,0.0014287600151952073,0.15873850562988445,0.14802634468207992,0.15369988009006907,0.15182023704099254,-0.45705529911339365,0.046666666666666634,0.0,0.030516355751030178,0.5,0.39096774193548384
2021-12-26,140.2026596069336,6654875.0,0.0,0.02639053071453525,17.75,0.08,0.325,0.5,0.40258064516129033,140.0,0.0014267215724594884,0.1532229505390841,0.14233264200191,0.15308150775641277,0.15169245089944008,-0.4563701886013026,0.044999999999999984,0.0,0.030353336826782762,0.5,0.3938709677419355
2021-12-27,140.40240478515625,6188100.0,0.0,0.026352824979470543,17.68000030517578,0.08,0.33,0.5,0.4054838709677419,140.0,0.0014246889380176153,0.1533489723370213,0.13849485860354133,0.1528949203290371,0.15168659644755342,-0.46141138362159945,0.020000000000000018,0.0,0.030190399776623522,0.5,0.396774193548387
2021-12-28,140.82846069335938,6342300.0,0.0,0.02627309836224369,17.540000915527344,0.08,0.39,0.5,0.4083870967741935,140.0,0.0030345342649584772,0.15371753618790113,0.1387311254255149,0.15300633795653223,0.15168347965435894,-0.4619182808952133,0.10000000000000003,0.0,0.03002758485593926,0.5,0.39967741935483875
2021-12-29,140.75747680664062,6398900.0,0.0,0.026286347865433195,16.950000762939453,0.08,0.38,0.5,0.4112903225806451,140.0,-0.0005040450372691962,0.15369608009777114,0.13872301333340337,0.15134807759167804,0.15533297969688897,-0.46195633864453667,0.09999999999999998,0.0,0.029864838069684874,0.5,0.4025806451612903
2021-12-30,140.68643188476562,6948200.0,0.0,0.02629962214857095,17.329999923706055,0.08,0.38,0.5,0.4141935483870968,140.0,-0.0005047328460753286,0.14747763541743106,0.1387148328893535,0.14708286670305876,0.15084838235921672,-0.4616063601742717,0.10999999999999999,0.0,0.029702167300508897,0.5,0.40548387096774186
2021-12-31,140.57102966308594,5805900.0,0.0,0.026321212904735682,17.219999313354492,0.07,0.39,0.5,0.4170967741935484,140.0,-0.000820279682508529,0.14645231130219183,0.13870175358897366,0.14708343130542725,0.15074704335258615,-0.4617151707220546,0.12,-0.009999999999999995,0.02953966849415446,0.5,0.4083870967741935
2022-01-01,141.56231689453125,8244233.333333334,0.0,0.02613944480402599,17.013333002726238,0.07333333333333333,0.39333333333333337,0.5,0.4154838709677419,141.66666666666666,0.007051860072599503,0.1344719989185688,0.13933007987607574,0.14762585651348567,0.15096205507301177,-0.4595519731412963,0.12333333333333335,-0.006666666666666668,0.02973523336108741,0.5,0.4106451612903226
2022-01-02,142.55360412597656,10682566.666666668,0.0,0.025957676703316293,16.80666669209798,0.07666666666666667,0.39666666666666667,0.5,0.4138709677419355,143.33333333333334,0.0070024795665351025,0.12480671903086073,0.1402859358515456,0.1481478064593735,0.17441309526134513,-0.4579775869457389,0.12666666666666665,-0.003333333333333327,0.030367286809308558,0.5,0.412258064516129
2022-01-03,143.54489135742188,13120900.0,0.0,0.0257759086026066,16.600000381469727,0.08,0.4,0.5,0.412258064516129,145.0,0.006953785823396563,0.12582599209383485,0.13885970894197877,0.14600994727537578,0.17459326431689456,-0.4604437908743485,0.14,0.0,0.031354336284153295,0.5,0.4132258064516129
2022-01-04,148.98666381835938,20195800.0,0.0,0.018793628424445333,16.90999984741211,0.08,0.38,0.5,0.4083870967741935,150.0,0.03790989988900173,0.16454037022074647,0.1590606210961642,0.15899847252475138,0.17429536587507136,-0.39141603897144184,0.09000000000000002,0.0,0.03199473293084165,0.5,0.41322580645161283
2022-01-05,146.2628936767578,17539400.0,1.0,0.02598061548268032,19.729999542236328,0.08,0.41,0.5,0.4045161290322581,145.0,-0.018281972841020955,0.17438813891606245,0.16341262797936845,0.16155935054412618,0.4896017547513144,-0.41978421882014,0.14999999999999997,0.0,0.03198974815947442,0.5,0.412258064516129
2022-01-06,147.81678771972656,14047500.0,0.0,0.025707499524378306,19.610000610351562,0.08,0.45,0.5,0.4006451612903225,150.0,0.010623979902947056,0.1717833669310424,0.16487870323300438,0.16258106139325465,0.28434977992571453,-0.41809188500450145,0.18,0.0,0.03198476494111735,0.5,0.41032258064516125
2022-01-07,149.2813720703125,13913300.0,0.0,0.025455285862526607,18.760000228881836,0.08,0.43,0.5,0.3967741935483871,150.0,0.009908105656868393,0.16963147069512297,0.16611313283144516,0.16304025756321733,0.20365454150033602,-0.4224516657380275,0.15999999999999998,0.0,0.031979783275045026,0.5,0.40741935483870967
2022-01-08,149.32901509602866,13583033.333333334,0.0,0.02544716960011382,18.97333335876465,0.08,0.44,0.5,0.3929032258064516,150.0,0.00031914916814757,0.16942368815911404,0.1653748969118798,0.16260670687856926,0.19577624768367755,-0.4209305805920861,0.16999999999999998,0.0,0.03197480376270212,0.5,0.40419354838709676
2022-01-09,149.37665812174478,13252766.666666666,0.0,0.02543905333770103,19.18666648864746,0.08,0.45,0.5,0.38903225806451613,150.0,0.00031904734445276084,0.16865069056030893,0.16536268415364347,0.16215498878208273,0.15181754646324136,-0.4209680947408464,0.18,0.0,0.03196954806934471,0.5,0.4006451612903225
2022-01-10,149.42430114746094,12922500.0,0.0,0.02543093707528824,19.399999618530273,0.08,0.46,0.5,0.3851612903225806,150.0,0.00031894558571066156,0.1678499017507353,0.16536329052765772,0.16161449147028098,0.15068921526648318,-0.42227904273761235,0.17000000000000004,0.0,0.03196433491879458,0.5,0.3967741935483871
2022-01-11,149.57606506347656,11854100.0,0.0,0.025405134159582076,18.40999984741211,0.08,0.46,0.5,0.3812903225806451,150.0,0.0010156575259190337,0.16695958609859707,0.16510008734172613,0.15506556413476869,0.15066388052724955,-0.430566423905816,0.18,0.0,0.03195940103587103,0.5,0.39290322580645165
2022-01-12,150.4244842529297,12568000.0,0.0,0.025261844964085296,17.6200008392334,0.08,0.48,0.5,0.3774193548387097,150.0,0.0056721587714791966,0.16627397471876057,0.16547411311628363,0.15331044087672008,0.15114534367886706,-0.4328093478281516,0.16999999999999998,0.0,0.031954427194627044,0.5,0.38903225806451613
2022-01-13,150.23692321777344,13623400.0,0.0,0.025293382735825685,20.309999465942383,0.08,0.47,0.5,0.3735483870967742,150.0,-0.0012468783661633287,0.16581307716391497,0.1654939264864409,0.15005467824727564,0.16642601279928487,-0.42868478514641634,0.15499999999999997,0.0,0.0319494549012993,0.5,0.3851612903225807
2022-01-14,141.00283813476562,15082833.333333334,0.0,0.02694981214752636,19.190000534057617,0.08,0.51,0.5,0.3696774193548387,140.0,-0.06146348637360399,0.2511159366624044,0.21078292922204994,0.1839724757663294,0.1517859277076782,-0.2844398160251796,0.19,0.0,0.03194448415516615,0.5,0.38129032258064516
2022-01-15,139.52485275268555,16542266.666666666,0.0,0.027244661241021442,20.09000062942505,0.08,0.5275,0.5,0.36580645161290326,138.75,-0.010481954843117869,0.24863690250464635,0.21132264083159397,0.18473106300719547,0.8080461966538789,-0.2896260941455188,0.20249999999999996,0.0,0.03194053179349199,0.5,0.3774193548387097
2022-01-16,138.04686737060547,18001700.0,0.0,0.027539510334516522,20.99000072479248,0.08,0.5449999999999999,0.5,0.36193548387096774,137.5,-0.010592990086861986,0.2414623819377937,0.212078569702827,0.18548498349325343,0.23270784850148218,-0.2919086357539069,0.2149999999999999,0.0,0.031936899489247494,0.5,0.3735483870967742
2022-01-17,136.5688819885254,19461133.333333332,0.0,0.0278343594280116,21.890000820159912,0.08,0.5625,0.5,0.3580645161290323,136.25,-0.01070640290671887,0.24283318785666277,0.2124476996276697,0.1849496419780629,0.20285397087143534,-0.2944151689208586,0.1725,0.0,0.03193297281549734,0.5,0.3696774193548387
2022-01-18,135.0908966064453,20920566.666666664,0.0,0.028129208521506684,22.790000915527344,0.08,0.58,0.5,0.3541935483870968,135.0,-0.010822270495003838,0.24420515394222359,0.21194247360624277,0.18405687685118863,0.20308557619413117,-0.2982135013153197,0.19999999999999996,0.0,0.031928054358678626,0.5,0.3658064516129032
2022-01-19,133.0011749267578,22380000.0,0.0,0.028571176172636183,23.850000381469727,0.08,0.57,0.5,0.3503225806451613,135.0,-0.015469004442063894,0.24759444909673964,0.21336989973942455,0.1852876259218007,0.204066049487199,-0.3069527781372637,0.18999999999999995,0.0,0.03192314081549941,0.5,0.36193548387096774
2022-01-20,131.86703491210938,14860800.0,0.0,0.028816906382499126,25.59000015258789,0.08,0.6,0.5,0.3464516129032258,130.0,-0.008527293200778052,0.24448007298690783,0.21316001945267182,0.1839790252678587,0.247335129821603,-0.3149743617979213,0.20999999999999996,0.009999999999999995,0.0319181787947076,0.5,0.35806451612903223
2022-01-21,129.56292724609375,20705400.0,0.0,0.029329377475257434,28.850000381469727,0.08,0.58,0.5,0.3425806451612903,130.0,-0.017472961817571298,0.2481659163860789,0.21490301376618812,0.1859199685915838,0.18716333642246358,-0.33922850147915806,0.1866666666666666,0.006666666666666668,0.03191321831623406,0.5,0.35419354838709677
2022-01-22,129.52423095703125,20258025.0,0.0,0.029338145075015132,29.200000127156574,0.08,0.58,0.5,0.33870967741935476,130.0,-0.0002986679128436087,0.2476146296058959,0.20821458641166757,0.18593661650936888,0.26763365249779586,-0.3506852437135137,0.1833333333333333,0.003333333333333327,0.03190825990655144,0.5,0.35032258064516125
2022-01-23,129.48553466796875,19810650.0,0.0,0.02934691267477283,29.549999872843426,0.08,0.58,0.5,0.3348387096774193,130.0,-0.00029875714201565984,0.247426978040926,0.20793900387276165,0.1859529644754813,0.15424147734393223,-0.35529090074787484,0.17999999999999994,0.0,0.03190310380582417,0.5,0.34645161290322585
2022-01-24,129.44683837890625,19363275.0,0.0,0.02935568027453053,29.899999618530273,0.08,0.58,0.5,0.3309677419354838,130.0,-0.00029884642451938337,0.24723596614167212,0.20621697209791068,0.1858177002989164,0.15073770981167953,-0.3334826174552563,0.19999999999999996,0.0,0.03189799199197929,0.5,0.3425806451612902
2022-01-25,130.85784912109375,18915900.0,0.0,0.029039144579577653,31.15999984741211,0.08,0.65,0.5,0.3270967741935484,130.0,0.010900310581995809,0.250062421393111,0.20594454602650694,0.18411654913385384,0.15065854040923962,-0.29251018409100193,0.24000000000000005,0.0,0.03189308093544829,0.5,0.3387096774193548
2022-01-26,132.0991668701172,20709100.0,0.0,0.02876626772170519,31.959999084472656,0.08,0.7,0.5,0.3232258064516128,130.0,0.009486001469233507,0.2521704560837369,0.20717662512761983,0.1829517866926557,0.20271367203281818,-0.2873567438224912,0.24999999999999994,0.0,0.03188812820662368,0.5,0.3348387096774193
2022-01-27,129.76829528808594,17536800.0,0.0,0.02928296153975045,30.489999771118164,0.08,0.75,0.5,0.3193548387096774,130.0,-0.017644862093059377,0.2557395962324398,0.20989131814626144,0.18496481305652193,0.1924993815594846,-0.265381146149269,0.32,0.0,0.03188317701579524,0.5,0.33096774193548384
2022-01-28,130.92926025390625,14117000.0,0.0,0.029023306116835925,27.65999984741211,0.08,0.75,0.5,0.3154838709677419,130.0,0.008946445379766743,0.2578955820801263,0.21100519004383977,0.18579509728396953,0.26952552927012463,-0.28309845794669286,0.31,0.0,0.031878227362246214,0.5,0.3270967741935483
2022-01-29,131.52166748046875,14073233.333333334,0.0,0.028893744877386048,26.71666653951009,0.08,0.76,0.5,0.3116129032258064,131.66666666666666,0.00452463586377605,0.2586274922037162,0.2094515514658722,0.1860602779123916,0.1903269953056437,-0.2591534708272614,0.31,0.0,0.0318733983807733,0.5,0.32322580645161286
2022-01-30,132.11407470703125,14029466.666666666,0.0,0.028764183637936168,25.773333231608074,0.08,0.77,0.5,0.30774193548387097,133.33333333333334,0.004504255746685004,0.2593396501289294,0.20952633177503086,0.18631952562579526,0.16179537343451747,-0.2606691742291348,0.31,0.0,0.03186850264183927,0.5,0.3193548387096774
2022-01-31,132.70648193359375,13985700.0,0.0,0.02863462239848629,24.829999923706055,0.08,0.78,0.5,0.3038709677419355,135.0,0.004484058400864521,0.25866627107585494,0.20489192993225533,0.1863656814532911,0.16101147594659918,-0.21973841340294967,0.32,0.0,0.03186352427727668,0.5,0.3154838709677419
2022-02-01,134.98373413085938,14584900.0,0.0,0.028151540068643434,21.959999084472656,0.08,0.78,0.5,0.3,135.0,0.017160067572322246,0.26333842632807236,0.20513564878839766,0.18889271014712114,0.1609061805668739,-0.22060051697199645,0.30000000000000004,0.0,0.03185861569228576,0.5,0.3116129032258064
2022-02-02,133.9031524658203,12441100.0,0.0,0.028378719470178088,22.09000015258789,0.08,0.76,0.5,0.3032142857142857,135.0,-0.008005273168628535,0.2625894341998855,0.20545541556433483,0.18816188877967682,0.2609558438351817,-0.21851970909215557,0.29000000000000004,0.0,0.03185367368778658,0.5,0.3087541145490454
2022-02-03,132.7957305908203,12474900.0,0.0,0.02861537779184205,24.350000381469727,0.08,0.78,0.5,0.3064285714285714,135.0,-0.008270319664674619,0.23470898936192175,0.20576611537625178,0.18853526528078957,0.18389144545958838,-0.22503518595139194,0.27,0.0,0.03184873321628645,0.5,0.30690750493745883
2022-02-04,136.2428741455078,16654400.0,0.0,0.027891366971175228,23.219999313354492,0.08,0.89,0.5,0.3096428571428571,135.0,0.025958240821077894,0.24538081648830015,0.21270950921467516,0.19377606404708203,0.18366893310166427,-0.23704577181177686,0.36250000000000004,0.0,0.03184379427707307,0.5,0.30607307439104675
2022-02-05,136.39470418294272,15293700.0,0.0,0.02786038820040254,23.099999745686848,0.08,0.8866666666666667,0.5,0.31285714285714283,135.0,0.001114407181932675,0.24256439661269757,0.21023890955241026,0.19374261532868212,0.35467691420746295,-0.19028153156680558,0.3416666666666668,0.0,0.03183886416226289,0.5,0.3062508229098091
2022-02-06,136.5465342203776,13933000.0,0.0,0.027829409429629855,22.980000178019207,0.08,0.8833333333333333,0.5,0.31607142857142856,135.0,0.0011131666610106894,0.2399455967668615,0.20911778986473648,0.1937091720941184,0.15868445521153646,-0.21657798155924474,0.3208333333333333,0.0,0.031833631573943144,0.5,0.30744075049374586
2022-02-07,136.6983642578125,12572300.0,0.0,0.02779843065885717,22.860000610351562,0.08,0.88,0.5,0.3192857142857143,135.0,0.0011119288988312714,0.24005098812404718,0.20914425807469333,0.19342339291438446,0.15143579435487736,-0.21835556965808395,0.30000000000000004,0.0,0.031828403708159314,0.5,0.30964285714285716
2022-02-08,139.2703399658203,20411400.0,0.0,0.027285063000008436,21.440000534057617,0.08,0.91,0.5,0.3225,140.0,0.018814970625084193,0.24795890190390965,0.2127283690732274,0.19618236302262568,0.15126848507867216,-0.26041747575979013,0.3400000000000001,0.0,0.0318234813704823,0.5,0.31285714285714283
2022-02-09,139.850830078125,9131100.0,0.0,0.02717180868985334,19.959999084472656,0.08,0.91,0.5,0.3257142857142857,140.0,0.004168081390819811,0.24856520060932896,0.2127831415274302,0.1963504694564598,0.27768573912704825,-0.26228973429884994,0.31000000000000005,0.0,0.03181855017209889,0.5,0.31607142857142856
2022-02-10,139.2703399658203,16455600.0,0.0,0.027285063000008436,23.90999984741211,0.08,1.14,0.5,0.3289285714285714,140.0,-0.004150780599445958,0.2484346979633744,0.21279667440350658,0.1963334179042401,0.16312178042979014,-0.2563147238904053,0.5599999999999999,0.0,0.03181362050170344,0.5,0.3192857142857143
2022-02-11,137.45742797851562,16830000.0,0.0,0.027644922910924345,27.360000610351562,0.08,1.07,0.5,0.3321428571428571,135.0,-0.013017215207126065,0.24911027383976858,0.2143074410780639,0.19742969673546903,0.15962655764237943,-0.2789493150933595,0.4900000000000001,0.0,0.03180869235858541,0.5,0.32249999999999995
2022-02-12,137.0317586263021,16895500.0,0.0,0.027731334719863086,27.68333371480306,0.08,1.09,0.5,0.3353571428571428,135.0,-0.003096735901970016,0.2490545751678147,0.2137326470990743,0.19746603622818112,0.22279098878708437,-0.29323465681517547,0.5100000000000001,0.0,0.031803822712325625,0.5,0.3257142857142857
2022-02-13,136.60608927408853,16961000.0,0.0,0.027817746528801826,28.00666681925456,0.08,1.1099999999999999,0.5,0.3385714285714286,135.0,-0.0031063554644613633,0.17119512329195535,0.21330721001929423,0.19750168162432655,0.15745447020831763,-0.3214632960461558,0.5299999999999999,0.0,0.03179835376959117,0.5,0.3289285714285714
2022-02-14,136.180419921875,17026500.0,0.0,0.027904158337740567,28.329999923706055,0.08,1.13,0.5,0.3417857142857143,135.0,-0.003116034976738624,0.16896073435376266,0.2107587555219223,0.1972470528380568,0.1557123623978037,-0.344875215069615,0.47999999999999987,0.0,0.031792719805461056,0.5,0.33214285714285713
2022-02-15,138.17190551757812,9500000.0,0.0,0.027501972892141714,25.700000762939453,0.08,1.11,0.5,0.345,140.0,0.014623876155218207,0.17194191562345318,0.20783428078228403,0.19875183376625316,0.15570366361332327,-0.35846304733137024,0.41000000000000014,0.0,0.03178731794628531,0.5,0.3353571428571428
2022-02-16,138.42193603515625,9076500.0,0.0,0.02745229628225168,24.290000915527344,0.08,1.09,0.5,0.3482142857142857,140.0,0.001809561188589992,0.16891776086992605,0.20750450406560456,0.1983217915880312,0.23607427737466435,-0.356417395387638,0.3400000000000001,0.0,0.0317824881344011,0.5,0.3385714285714285
2022-02-17,135.2338104248047,11367500.0,0.0,0.028099481838626067,28.110000610351562,0.08,1.05,0.5,0.3514285714285715,135.0,-0.02303193916852775,0.17965157841155432,0.2126060185641044,0.20086692274241988,0.15470396678879758,-0.4006375638353176,0.30000000000000004,0.0,0.03177756938898746,0.5,0.34178571428571425
2022-02-18,135.8678436279297,11733300.0,0.0,0.027968354384177864,27.75,0.08,1.03,0.5,0.3546428571428571,135.0,0.004688422230604505,0.17384313740252444,0.21249374663830278,0.20064663741881983,0.32825795362012716,-0.4008447539982019,0.27,0.0,0.03177265216581504,0.5,0.34500000000000003
2022-02-19,135.80755996704102,11633350.0,0.0,0.02798078582046306,28.014999866485596,0.08,1.065,0.5,0.3578571428571428,135.0,-0.0004436933661342568,0.17165791725100177,0.21049080210555063,0.20022744141629645,0.1673626976750105,-0.38676266136511983,0.29499999999999993,0.0,0.031767738203356766,0.5,0.3482142857142857
2022-02-20,135.74727630615234,11533400.0,0.0,0.027993217256748255,28.27999973297119,0.08,1.1,0.5,0.36107142857142854,135.0,-0.0004438903173232811,0.1624482005809921,0.2103056747573837,0.19980399921434788,0.1511058685066447,-0.3874314753329039,0.32000000000000006,0.0,0.03176271650734752,0.5,0.35142857142857137
2022-02-21,135.68699264526367,11433450.0,0.0,0.02800564869303345,28.544999599456787,0.08,1.135,0.5,0.36428571428571427,135.0,-0.00044408744343948925,0.16246316632587707,0.21014246923064528,0.1954830086312758,0.15072279607172365,-0.38584038735018383,0.355,0.0,0.03175814325510373,0.5,0.35464285714285715
2022-02-22,135.626708984375,11333500.0,0.0,0.028018080129318647,28.809999465942383,0.08,1.17,0.5,0.3675,135.0,-0.00044428474471591706,0.16247810516168762,0.21010503718697035,0.19514562598427007,0.15071431894705883,-0.38556594734284383,0.4099999999999999,0.0,0.03175367947455676,0.5,0.3578571428571428
2022-02-23,132.78683471679688,11799000.0,0.0,0.028617294840294273,31.020000457763672,0.08,1.16,0.5,0.3707142857142857,135.0,-0.02093890125952469,0.17528125001337191,0.21427595091648421,0.19662881664349427,0.15071422071955343,-0.40693049780324947,0.3799999999999999,0.0,0.03174876974298191,0.5,0.36107142857142854
2022-02-24,129.08961486816406,15083350.0,0.0,0.02943691484307892,30.31999969482422,0.08,1.08,0.5,0.3739285714285714,130.0,-0.027843271183608742,0.1917437465750237,0.22141636520840943,0.20041580145549578,0.30466730477743703,-0.3714445034572503,0.19000000000000006,0.0,0.03174386152945052,0.5,0.36428571428571427
2022-02-25,132.14385986328125,18367700.0,0.0,0.02875653854769762,27.59000015258789,0.08,1.13,0.5,0.3771428571428571,130.0,0.023659881534517035,0.20198118675096466,0.22710354109546804,0.20459119501913967,0.3861942769014912,-0.4062723896028536,0.24333333333333318,0.0,0.03173895483325917,0.5,0.3675
2022-02-26,130.30716196695963,18575280.0,0.0,0.029173623780583635,28.44333330790202,0.08,1.0899999999999999,0.5,0.38035714285714284,128.33333333333334,-0.013899229962117898,0.19934860484392158,0.2284862706885304,0.20575727126722157,0.3334025173123603,-0.409041759421851,0.20666666666666655,0.0,0.03173523358044639,0.5,0.37071428571428566
2022-02-27,128.47046407063803,18782860.0,0.0,0.029590709013469645,29.296666463216145,0.08,1.05,0.5,0.38357142857142856,126.66666666666667,-0.014095141576234371,0.20174847856078337,0.2300019053517561,0.20692787673901542,0.2352541203030066,-0.41258787426910415,0.17000000000000004,0.0,0.03173088475200436,0.5,0.37392857142857144
2022-02-28,126.6337661743164,18990440.0,0.0,0.03000779424635566,30.149999618530273,0.08,1.01,0.5,0.3867857142857143,125.0,-0.014296654951847398,0.2049776717164651,0.23149730718753853,0.20681751533102744,0.23446777013455508,-0.4157868727955712,0.09999999999999998,0.0,0.031726602844938556,0.5,0.37714285714285717
2022-03-01,121.85594177246094,19198020.0,0.0,0.031184363640598345,33.31999969482422,0.08,0.91,0.5,0.39,120.0,-0.03772946620949902,0.2306876042986762,0.24339484778951612,0.21589049791298145,0.23639465279133903,-0.45879821708885143,0.0,0.0,0.03172295078297194,0.5,0.3803571428571428
2022-03-02,124.38327026367188,19405600.0,0.0,0.030550732360908592,30.739999771118164,0.08,1.06,0.5,0.39,125.0,0.02074029755504392,0.2395448749886161,0.24716733318035178,0.2158085200771033,0.505076647721972,-0.4809372547945427,-0.07999999999999985,0.0,0.031718051096908395,0.5,0.3831122448979592
2022-03-03,123.49918365478516,16640800.0,0.0,0.03076943415773553,30.479999542236328,0.08,1.08,0.5,0.39,125.0,-0.007107761413674085,0.23288044303599398,0.24663119319047278,0.2141629485866265,0.3063973163540386,-0.47755335092278395,0.010000000000000009,0.0,0.03171315292414767,0.5,0.38540816326530614
2022-03-04,120.02519989013672,21016000.0,0.0,0.03166001809185299,31.979999542236328,0.08,1.05,0.5,0.39,120.0,-0.02812960913457696,0.24406750871435276,0.25156539506629233,0.21870146941896723,0.1795636029079477,-0.484787265411599,-0.040000000000000036,0.0,0.03170825626398921,0.5,0.3872448979591837
2022-03-05,118.48023732503255,20563950.0,0.0,0.03208391453369507,32.07399978637695,0.08,1.0566666666666666,0.5,0.39,118.33333333333333,-0.012871984937482539,0.24520828814445764,0.23797347229210986,0.21927547944147918,0.38783017467623976,-0.5129422312625996,-0.05333333333333323,0.0,0.03170437216244548,0.5,0.38862244897959186
2022-03-06,116.93527475992839,20111900.0,0.0,0.03250781097553716,32.168000030517575,0.08,1.0633333333333335,0.5,0.39,116.66666666666667,-0.013039833477593299,0.23004679120416247,0.2368223194105662,0.2198322632238936,0.2276532500044372,-0.49874787701896955,-0.06666666666666643,0.0,0.03170027182031787,0.5,0.3895408163265306
2022-03-07,115.39031219482422,19659850.0,0.0,0.03293170741737925,32.262000274658206,0.08,1.07,0.5,0.39,115.0,-0.013212117286901082,0.23045967422708075,0.23571664043276924,0.21868510517825052,0.22431778655237106,-0.49701181215746265,-0.040000000000000036,0.0,0.03170792811141987,0.5,0.39
2022-03-08,114.57765197753906,19207800.0,0.0,0.033165280789179755,32.35600051879883,0.08,1.12,0.5,0.39,115.0,-0.007042707501415446,0.22961509507461977,0.2339728023871146,0.21829238296030531,0.22584811513089828,-0.4913331532173853,0.030000000000000027,0.0,0.03171579960692594,0.5,0.39
2022-03-09,119.16790008544922,17536200.0,0.0,0.0318877818378541,32.45000076293945,0.08,1.15,0.5,0.39,120.0,0.04006233352390565,0.2637744095480213,0.2503851626233387,0.22918218876192115,0.1764644199496246,-0.4629707928231896,0.09999999999999987,0.0,0.03171090619582739,0.5,0.39
2022-03-10,117.75691986083984,15604200.0,0.0,0.0322698657920968,30.229999542236328,0.08,1.19,0.5,0.39,120.0,-0.011840270942071074,0.2551295916970659,0.2507882617614783,0.2297610256404937,0.5143408997308361,-0.44010036367765965,0.15999999999999992,0.0,0.03170601429449871,0.5,0.39
2022-03-11,115.10454559326172,20061800.0,0.0,0.033013465979248466,30.75,0.08,1.22,0.5,0.39,115.0,-0.02252414780135714,0.2581117949405423,0.25355638406869047,0.2323431833949848,0.224292005992536,-0.4393307664792249,0.15500000000000003,0.0,0.03170112390224089,0.5,0.39
2022-03-12,115.48558044433594,18636833.333333332,0.0,0.0329052549222766,31.09000015258789,0.08,1.24,0.5,0.39,115.0,0.003310337129696528,0.2596000698673118,0.2538065876238939,0.23251177582413246,0.32340649972122204,-0.4359973984533442,0.1399999999999999,0.0,0.03169629860580536,0.5,0.39
2022-03-13,115.86661529541016,17211866.666666668,0.0,0.032797043865304736,31.43000030517578,0.08,1.26,0.5,0.39,115.0,0.0032994149538685402,0.26018380033319477,0.25345630533710795,0.23267197568361245,0.16193682865948827,-0.43072145929137445,0.125,0.0,0.031691443368704775,0.5,0.39
2022-03-14,116.24765014648438,15786900.0,0.0,0.03268883280833287,31.770000457763672,0.08,1.28,0.5,0.39,115.0,0.003288564614602363,0.2613922300540173,0.2538629648220656,0.23226936494962977,0.15640238181959432,-0.44367632817378394,0.1100000000000001,0.0,0.03170235095064,0.5,0.39
2022-03-15,118.3105697631836,15096600.0,0.0,0.032118854702553386,29.829999923706055,0.08,1.28,0.5,0.39,120.0,0.017745903801923868,0.26977592277428375,0.22599332529935395,0.23442178862246912,0.15624086662520675,-0.5868169398546811,0.1200000000000001,0.0,0.03171328692431352,0.5,0.39
2022-03-16,123.59738159179688,20354900.0,0.0,0.030744987887770955,26.670000076293945,0.08,1.35,0.5,0.39,125.0,0.04468587920078182,0.3042487857412537,0.244759589342913,0.24486575130679888,0.26680656295766647,-0.6226045278946808,0.27,0.0,0.031708399030035084,0.5,0.39
2022-03-17,125.16020202636719,17050500.0,0.0,0.030361088736493597,25.670000076293945,0.33,1.3,0.5,0.39,125.0,0.012644446139901344,0.30331000694088295,0.24588506915338823,0.2432764960785461,0.5684213546893887,-0.6244701306067169,0.17000000000000015,0.25,0.03170351264224358,0.5,0.39
2022-03-18,125.1156005859375,23656500.0,0.0,0.030371911913494063,23.8700008392334,0.33,1.29,0.5,0.39,125.0,-0.0003563548133318495,0.30305823824881656,0.24515836451906217,0.24314219584490865,0.23264372262858404,-0.6172024321831452,0.20000000000000018,0.25,0.031698627760243125,0.5,0.39
2022-03-19,124.98164621988933,19996366.666666668,0.0,0.030404534223497735,23.756667455037434,0.33,1.3266666666666667,0.5,0.39,125.0,-0.0010706447910640016,0.29714413543877655,0.24437122391733607,0.24299871548743707,0.15298803070300399,-0.6150879153147325,0.2766666666666666,0.25,0.03169375111544981,0.5,0.39
2022-03-20,124.84769185384114,16336233.333333332,0.0,0.030437156533501403,23.643334070841473,0.33,1.3633333333333333,0.5,0.39,125.0,-0.0010717922999070595,0.2963820678833255,0.24254871509984482,0.2428497635889036,0.15125807216275697,-0.6115554056441312,0.3533333333333333,0.25,0.0316879465894937,0.5,0.39
2022-03-21,124.71373748779297,12676100.0,0.0,0.030469778843505074,23.530000686645508,0.33,1.4,0.5,0.39,125.0,-0.0010729422711713843,0.29634382029614936,0.24204343745242787,0.24154204675159247,0.15122047783884554,-0.609768104944982,0.4899999999999999,0.25,0.03168395458388318,0.5,0.39
2022-03-22,127.36602020263672,13548600.0,0.0,0.029835273128219583,22.940000534057617,0.33,1.59,0.5,0.39,125.0,0.021266965197826337,0.3042913382575726,0.243618480877026,0.2442493842391053,0.15122091731560527,-0.5961269508034702,0.53,0.25,0.03168089289332143,0.5,0.39
2022-03-23,124.82978820800781,12093200.0,0.0,0.030441451952701707,23.56999969482422,0.33,1.52,0.5,0.39,125.0,-0.01991294059902171,0.30865644435080386,0.2469845568975471,0.24620767610316166,0.3033982442507604,-0.597342138560214,0.43999999999999995,0.25,0.03167601524159225,0.5,0.39
2022-03-24,125.64251708984375,10017600.0,0.0,0.03024453893487916,21.670000076293945,0.33,1.55,0.5,0.39,125.0,0.006510696633416302,0.30976463838369894,0.2474131552090748,0.24650858743938317,0.2959728729481053,-0.5989902802192018,0.5,0.25,0.03167113909157715,0.5,0.39
2022-03-25,126.74091339111328,8383500.0,0.0,0.02998242555088328,20.809999465942383,0.33,1.67,0.5,0.39,125.0,0.00874223413149311,0.30624481941029386,0.24813169457598214,0.2470272538817286,0.17529879123869668,-0.6012473607693323,0.6133333333333333,0.25,0.031666264442583136,0.5,0.39
2022-03-26,126.4283447265625,9195033.333333334,0.0,0.030056919412433443,20.41666603088379,0.33,1.6766666666666665,0.5,0.39,125.0,-0.002466201766956,0.2956570141949557,0.24706420713225666,0.2470002145459591,0.18635914856618507,-0.6188226573958009,0.6133333333333331,0.25,0.03166142712655229,0.5,0.39
2022-03-27,126.11577606201172,10006566.666666666,0.0,0.030131413273983606,20.023332595825195,0.33,1.6833333333333333,0.5,0.39,125.0,-0.002472298955007335,0.28672079475450785,0.24620648971025383,0.2469713903224543,0.1546196387382517,-0.6297289007625471,0.6133333333333333,0.25,0.03165628458245395,0.5,0.39
2022-03-28,125.80320739746094,10818100.0,0.0,0.03020590713553377,19.6299991607666,0.33,1.69,0.5,0.39,125.0,-0.002478426365921771,0.2843114633742457,0.24366922109690498,0.24687676856368013,0.15385127500305543,-0.6551776126831041,0.5699999999999998,0.25,0.031651503043501394,0.5,0.39
2022-03-29,126.08003234863281,11316500.0,0.0,0.030139586175647156,18.899999618530273,0.33,1.67,0.5,0.39,125.0,0.0022004602020779807,0.28174483983018717,0.24294784360114477,0.2469413946238784,0.15384956748852693,-0.6560454940521977,0.52,0.25,0.03164702959433763,0.5,0.39
2022-03-30,125.50849151611328,8771000.0,0.0,0.030276835886535538,19.329999923706055,0.33,1.64,0.5,0.39,125.0,-0.004533158993321962,0.27899246335620137,0.24283794520801927,0.24700057517421165,0.1531728248354819,-0.6556527936929466,0.44999999999999996,0.25,0.03164216239954554,0.5,0.39
2022-03-31,121.73987579345703,17353900.0,0.0,0.031214094603209976,20.559999465942383,0.33,1.63,0.5,0.39,120.0,-0.03002677888270544,0.2703385226396562,0.25006730774560826,0.25179015737793037,0.1610398986857461,-0.658653934299906,0.4099999999999999,0.25,0.031637296701635176,0.5,0.39
2022-04-01,120.83787536621094,15721300.0,0.0,0.023999097892206958,19.6299991607666,0.33,1.72,0.5,0.39,120.0,-0.007409243860051373,0.26393121922189583,0.2500712043570639,0.25155036512650675,0.4102857627265937,-0.6515371589898805,0.48,0.25,0.030940562143946693,0.5,0.39
2022-04-02,121.01649475097656,16286333.333333334,0.0,0.02396377967321428,19.276666005452473,0.33,1.72,0.5,0.38833333333333336,120.0,0.0014781738277365175,0.26336148398202536,0.24715179453293926,0.2511775247026276,0.1860088594487696,-0.6408768590932171,0.45999999999999996,0.25,0.02989435846063504,0.5,0.3897619047619048
2022-04-03,121.19511413574219,16851366.666666668,0.0,0.023928461454221606,18.923332850138348,0.33,1.72,0.5,0.38666666666666666,120.0,0.0014759920549110017,0.24979178102341612,0.24689848747284585,0.25080507457437784,0.15261405525164476,-0.6412751951625962,0.43999999999999995,0.25,0.02857765932945666,0.5,0.3892857142857143
2022-04-04,121.37373352050781,17416400.0,0.0,0.02389314323522893,18.56999969482422,0.33,1.72,0.5,0.385,120.0,0.001473816713152054,0.2466067300764854,0.2465878207342769,0.24200910409209037,0.15178089594234165,-0.6447110716508989,0.43999999999999995,0.25,0.02691381493012357,0.5,0.3885714285714285
2022-04-05,119.96127319335938,12110300.0,1.0,0.032510491896112104,21.030000686645508,0.33,1.77,0.5,0.3833333333333333,120.0,-0.011637281693322787,0.24594314562144476,0.24084945658942106,0.24099374766305734,0.1517589286617005,-0.643293010990993,0.41999999999999993,0.25,0.025668148163241256,0.5,0.3876190476190477
2022-04-06,118.29689025878906,12914700.0,0.0,0.03296789959117495,22.100000381469727,0.33,1.79,0.5,0.3816666666666666,120.0,-0.013874335360609114,0.2462862641253413,0.24196562965776386,0.24080996560678333,0.21012418092343707,-0.6467773407247424,0.49,0.0,0.025819593144270625,0.5,0.38642857142857145
2022-04-07,117.93698120117188,12994200.0,0.0,0.0330685079461848,21.549999237060547,0.33,1.78,0.5,0.38,120.0,-0.0030424219675584396,0.2454402556327014,0.24185987391450475,0.239904850464049,0.23181276936215614,-0.6458696720253274,0.49,0.0,0.025971014893316546,0.5,0.38499999999999995
2022-04-08,120.09618377685547,13126900.0,0.0,0.03247397109009216,21.15999984741211,0.33,1.81,0.5,0.3783333333333333,120.0,0.01830810449523468,0.22342270106221354,0.24542088179258645,0.24236407676380478,0.15757873300688388,-0.6414495241638578,0.4833333333333334,0.0,0.02612241341572341,0.5,0.3833333333333333
2022-04-09,119.94924926757812,12240066.666666666,0.0,0.03251384850301316,22.230000178019207,0.33,1.8233333333333335,0.5,0.37666666666666665,120.0,-0.0012234735913869699,0.220492188697723,0.24157705605128457,0.24232843786531902,0.27255446182903365,-0.6305915633889354,0.4600000000000002,0.0,0.02627379770385252,0.5,0.38166666666666665
2022-04-10,119.80231475830078,11353233.333333334,0.0,0.03255372591593416,23.3000005086263,0.33,1.8366666666666667,0.5,0.37499999999999994,120.0,-0.0012249723126617207,0.20917682004000276,0.24119582674462714,0.24229246622263967,0.15514695959490193,-0.6258921371635514,0.43666666666666676,0.0,0.026426222388098664,0.5,0.37999999999999995
2022-04-11,119.65538024902344,10466400.0,0.0,0.03259360332885516,24.3700008392334,0.33,1.85,0.5,0.3733333333333333,120.0,-0.0012264747102239681,0.20921805727137235,0.24118861595287422,0.24223057924570235,0.15149076048213012,-0.6578245426236348,0.26,0.0,0.026578971443789845,0.5,0.3783333333333333
2022-04-12,118.34185028076172,12989900.0,0.0,0.03295537454203557,24.260000228881836,0.33,1.77,0.5,0.3716666666666666,120.0,-0.010977608909252812,0.21206531442798962,0.24083895472715336,0.24225369473572886,0.15140998915920414,-0.6647525774263064,0.25,0.0,0.026731346611899243,0.5,0.3766666666666666
2022-04-13,114.52728271484375,15912550.0,0.0,0.03405302131991057,21.81999969482422,0.33,1.78,0.5,0.37,115.0,-0.03223346226941737,0.23296234900554053,0.24870154200745243,0.2474168087076044,0.20438430251803272,-0.5701269230287899,0.22999999999999998,0.0,0.02688262933176544,0.5,0.375
2022-04-14,113.46566772460938,18835200.0,0.0,0.0343716304518264,22.700000762939453,0.33,1.84,0.5,0.3683333333333333,115.0,-0.00926953792204821,0.22780328394169214,0.24903896815657467,0.22560905086345487,0.43732399651121223,-0.5721615676977775,0.17000000000000015,0.0,0.027033888856911492,0.5,0.37333333333333335
2022-04-15,113.99197769165039,17085000.0,0.0,0.03421510203072938,22.567500591278076,0.33,1.84,0.5,0.3666666666666666,115.0,0.004638495305191448,0.18461894995178857,0.24954109937645166,0.22549010683525653,0.20008178882282335,-0.5716781025511937,0.16333333333333355,0.0,0.027185314641784197,0.5,0.37166666666666665
2022-04-16,114.5182876586914,15334800.0,0.0,0.03405857360963235,22.4350004196167,0.33,1.84,0.5,0.36499999999999994,115.0,0.004617079005898805,0.1802921081351835,0.2473927653996119,0.22532519145419913,0.162558019237762,-0.5580385405933364,0.15666666666666673,0.0,0.027336780358424795,0.5,0.37
2022-04-17,115.04459762573242,13584600.0,0.0,0.03390204518853533,22.302500247955322,0.33,1.84,0.5,0.3633333333333333,115.0,0.004595859559213933,0.18147770656802292,0.24769481276496252,0.22511321640583792,0.16152495671111664,-0.5574948604684151,0.15000000000000013,0.0,0.027488137275381908,0.5,0.3683333333333333
2022-04-18,115.57090759277344,11834400.0,0.0,0.03374551676743831,22.170000076293945,0.33,1.84,0.5,0.3616666666666666,115.0,0.004574834263432637,0.18267457202303844,0.24454301049922994,0.22485301422332793,0.16140763089406399,-0.5404533631377862,0.17000000000000015,0.0,0.027640126522163966,0.5,0.3666666666666666
2022-04-19,117.96397399902344,15015400.0,0.0,0.033060941131334606,21.3700008392334,0.33,1.94,0.5,0.36,120.0,0.020706477573769977,0.19455951038010355,0.24867238114516735,0.2266570688909509,0.16131206640469262,-0.5429593028292291,0.30000000000000004,0.0,0.02779211516352742,0.5,0.36499999999999994
2022-04-20,118.37784576416016,13430200.0,0.0,0.032945353708918025,20.31999969482422,0.33,1.93,0.5,0.3583333333333333,120.0,0.0035084589905400865,0.19517749800661138,0.24893328778095003,0.2264663543159421,0.29757224323909054,-0.5456117310359454,0.30000000000000004,0.0,0.027943235703002944,0.5,0.36333333333333323
2022-04-21,117.460205078125,12174200.0,0.0,0.033202734469993785,22.68000030517578,0.33,2.01,0.5,0.3566666666666666,115.0,-0.007751794097210829,0.18346912511547914,0.2491551036464478,0.22503882853968216,0.16147972522968562,-0.5393216848265042,0.2899999999999998,0.0,0.028094333085012746,0.5,0.36166666666666664
2022-04-22,114.08645629882812,14318800.0,0.0,0.03418460110448763,28.209999084472656,0.33,2.06,0.5,0.355,115.0,-0.02872248330447691,0.19255782884791883,0.2550591456153847,0.22987577153045297,0.17956703045439176,-0.5639718910525882,0.3400000000000001,0.0,0.028245407314880566,0.5,0.36
2022-04-23,114.07445271809895,15262200.0,0.0,0.03418819896521539,27.81333287556966,0.33,2.05,0.5,0.35333333333333333,115.0,-0.00010521477411595814,0.19067310665306975,0.25507398180802365,0.2298786495929716,0.39487320250790936,-0.5650508110609558,0.32999999999999985,0.0,0.02839645846409522,0.5,0.3583333333333333
2022-04-24,114.0624491373698,16205600.0,0.0,0.03419179682594316,27.416666666666668,0.33,2.04,0.5,0.3516666666666666,115.0,-0.00010522584542937974,0.18757012813609417,0.2522645046741294,0.22988152353127198,0.16019116416203197,-0.5525538285498192,0.32000000000000006,0.0,0.028547478948090177,0.5,0.3566666666666666
2022-04-25,114.05044555664062,17149000.0,0.0,0.03419539468667092,27.020000457763672,0.33,2.03,0.5,0.35,115.0,-0.00010523691907327049,0.1878094539805557,0.24654423922964622,0.22895815284164447,0.15083566057138373,-0.5795601615682505,0.2599999999999998,0.0,0.028699567850990704,0.5,0.355
2022-04-26,110.67670440673828,17209500.0,0.0,0.035237767702835196,33.52000045776367,0.33,1.99,0.5,0.3483333333333334,110.0,-0.02958113081835223,0.2029525134161243,0.24729449689007463,0.2330923037599856,0.15062004459323736,-0.5807259242042042,0.19999999999999996,0.0,0.028851641302241493,0.5,0.35333333333333333
2022-04-27,109.23725891113281,17215200.0,0.0,0.03570210419846534,31.600000381469727,0.33,1.97,0.5,0.3466666666666666,110.0,-0.013005857947445687,0.20442652818625764,0.24712870182364988,0.23231802928801032,0.4048556656400424,-0.5553938892044009,0.18999999999999995,0.0,0.02900260000432131,0.5,0.3516666666666667
2022-04-28,110.96460723876953,13015600.0,0.0,0.03514634167638808,29.989999771118164,0.33,2.04,0.5,0.345,110.0,0.015812812815469535,0.21198576289386065,0.24889775870937675,0.23348674692873123,0.22952296247681916,-0.5616190593904927,0.22999999999999998,0.0,0.029153535586087465,0.5,0.35
2022-04-29,107.38394165039062,14874800.0,0.0,0.036318279437881046,33.400001525878906,0.33,2.1,0.5,0.3433333333333334,105.0,-0.03226853748667957,0.2275650437707731,0.2554444499972296,0.2388983358712407,0.24881158662385797,-0.5870926755553032,0.2766666666666666,0.0,0.02930444805284993,0.5,0.3483333333333333
2022-04-30,107.7108154296875,16098200.0,0.0,0.03620872800399851,33.0466677347819,0.33,2.1,0.5,0.34157706093189966,106.66666666666667,0.003043972630107694,0.21562258823570807,0.2445919909920356,0.23879438056745037,0.43826275312507135,-0.5569447733746106,0.2633333333333334,0.0,0.029455392246102496,0.5,0.3466538658474142
2022-05-01,108.03768920898438,17321600.0,0.0,0.036099176570115986,32.6933339436849,0.33,2.1,0.5,0.33982078853046593,108.33333333333333,0.0030347349798893752,0.21633993747240868,0.24028185865070287,0.23869113442879228,0.16707442411648227,-0.5392854060265604,0.25,0.0,0.029606302654089367,0.5,0.34496159754224276
2022-05-02,108.36456298828125,18545000.0,0.0,0.03598962513623345,32.34000015258789,0.33,2.1,0.5,0.3380645161290322,110.0,0.0030255532276757258,0.21670895148460353,0.24031929621319012,0.23662706584956666,0.15568594608684488,-0.5415026352539142,0.33000000000000007,0.0,0.02975722305337203,0.5,0.34325652841781873
2022-05-03,110.68572235107422,15720900.0,0.0,0.0352348967613902,29.25,0.33,2.16,0.5,0.3361290322580645,110.0,0.021419911627789112,0.22802595582911706,0.2386296993554237,0.23970479852950463,0.15539410973664725,-0.5536880159514547,0.3800000000000001,0.0,0.029908131043671737,0.5,0.34151305683563743
2022-05-04,114.34733581542969,17128500.0,0.0,0.03410661011197556,25.420000076293945,0.33,2.07,0.5,0.3341935483870968,115.0,0.03308117240940556,0.2500688758941664,0.247242349258339,0.24637212297597605,0.3050733941193609,-0.5908588596452637,0.22999999999999976,0.0,0.030058928018971365,0.5,0.33973118279569897
2022-05-05,111.4864273071289,15055400.0,0.0,0.0349818367509084,31.200000762939453,0.83,2.08,0.5,0.332258064516129,110.0,-0.025019459245807285,0.257677698349499,0.2511228706188118,0.24514510062049932,0.4360752445036844,-0.6128808194007738,0.24,0.49999999999999994,0.030209701911096953,0.5,0.3379109062980031
2022-05-06,111.3064956665039,14417900.0,0.0,0.03503838636412707,30.190000534057617,0.83,2.08,0.5,0.3303225806451613,110.0,-0.001613933148376101,0.25535161825727465,0.24977580776648337,0.2450822840700068,0.3563436188259945,-0.6133883322808598,0.24,0.49999999999999994,0.030360452725347153,0.5,0.33605222734254997
2022-05-07,110.74869791666667,14382700.0,0.0,0.035216656728104374,30.890000820159912,0.83,2.05,0.5,0.32838709677419353,110.0,-0.005011367454317406,0.25548426487564946,0.2495848460373092,0.2450583991389817,0.159441433754634,-0.6144946727864349,0.20999999999999974,0.49999999999999994,0.03051133265920236,0.5,0.3341679467485919
2022-05-08,110.19090016682942,14347500.0,0.0,0.035394927092081675,31.590001106262207,0.83,2.02,0.5,0.3264516129032258,110.0,-0.00503660774645831,0.24825964400524997,0.2354926173439025,0.24503050144066413,0.163394232869378,-0.6550445565915541,0.17999999999999994,0.49999999999999994,0.03066218948335675,0.5,0.332258064516129
2022-05-09,109.63310241699219,14312300.0,0.0,0.035573197456058976,32.2900013923645,0.83,1.99,0.5,0.324516129032258,110.0,-0.0050621035765451294,0.24828877251382533,0.23459267316623691,0.24246589795981202,0.16360380623316223,-0.681021564160123,0.050000000000000044,0.49999999999999994,0.030813419245449003,0.5,0.33032258064516123
2022-05-10,106.96109771728516,16382400.0,0.0,0.036461854667089406,32.9900016784668,0.83,2.01,0.5,0.3225806451612903,105.0,-0.024372243791332293,0.25601521628825497,0.2353673671914457,0.24495774029342818,0.16373262277802342,-0.6815918487891142,0.07999999999999985,0.49999999999999994,0.03096462604691208,0.5,0.3283870967741935
2022-05-11,106.2863540649414,14630300.0,0.0,0.036693327514245935,32.560001373291016,0.83,1.99,0.5,0.3206451612903225,105.0,-0.006308308971615051,0.2560002359196604,0.23540381388119846,0.24501421114261412,0.34370564991428076,-0.6807447174065259,-0.019999999999999796,0.49999999999999994,0.031115261604259148,0.5,0.3264516129032257
2022-05-12,106.1963882446289,16318800.0,0.0,0.036724412802214584,31.770000457763672,0.83,1.96,0.5,0.3187096774193548,105.0,-0.0008464475153370232,0.25525083029432294,0.23520526640985429,0.24444138490449788,0.17631755714129765,-0.6816394182225856,-0.10000000000000009,0.49999999999999994,0.031265874115463,0.5,0.32451612903225807
2022-05-13,107.14104461669922,10443200.0,0.0,0.03640061578597058,28.8700008392334,0.83,2.04,0.5,0.3167741935483871,105.0,0.008895371939526386,0.24210594728980445,0.23596059020870291,0.2452265460957094,0.15160210520827672,-0.6850767027281615,-0.009999999999999787,0.49999999999999994,0.03141646358581207,0.5,0.3225806451612903
2022-05-14,106.89213307698567,10385133.333333334,0.0,0.036485775728471406,28.40333366394043,0.83,2.05,0.5,0.31483870967741934,105.0,-0.0023232136722582952,0.24117289389208058,0.23263571333544747,0.2452266472567241,0.18701392946453557,-0.6780147812877831,0.009999999999999787,0.49999999999999994,0.03156706244594609,0.5,0.32064516129032256
2022-05-15,106.64322153727214,10327066.666666666,0.0,0.03657093567097223,27.93666648864746,0.83,2.06,0.5,0.31290322580645163,105.0,-0.002328623562355747,0.24035570985346333,0.21251719791729476,0.24522660023242224,0.15428882899813787,-0.6606061916270274,0.03000000000000025,0.49999999999999994,0.031717618221309696,0.5,0.3187096774193548
2022-05-16,106.3943099975586,10269000.0,0.0,0.03665609561347306,27.469999313354492,0.83,2.07,0.5,0.3109677419354839,105.0,-0.002334058706455644,0.2394826138762914,0.21019918437655064,0.24348825052536874,0.15349105122380238,-0.6585154305816128,0.07999999999999985,0.49999999999999994,0.03186975386643209,0.5,0.3167741935483871
2022-05-17,109.9209976196289,11160200.0,0.0,0.03548002733286298,26.100000381469727,0.83,2.16,0.5,0.3090322580645161,110.0,0.03314733299319528,0.2595706243181427,0.2222840333034953,0.2505292659311288,0.15348615978450336,-0.6548710581627839,0.19000000000000017,0.49999999999999994,0.0320218867734372,0.5,0.31483870967741934
2022-05-18,108.04068756103516,12664900.0,0.0,0.03609751185447411,30.959999084472656,0.83,2.16,0.5,0.3070967741935484,110.0,-0.017106013403375253,0.2628099406765443,0.22441005285138124,0.2493131938876166,0.4350430087293569,-0.6584249175562903,0.1200000000000001,0.49999999999999994,0.032172361340703226,0.5,0.31290322580645163
2022-05-19,106.43929290771484,12765800.0,0.0,0.03664060417407492,29.350000381469727,0.83,2.11,0.5,0.3051612903225806,105.0,-0.014822144226133704,0.2561452677084413,0.2258457528849677,0.24987480158029812,0.27024602445918716,-0.6367716032671104,0.009999999999999787,0.49999999999999994,0.03232281289870498,0.5,0.3109677419354839
2022-05-20,105.56661987304688,13150100.0,0.0,0.036943496009345496,29.43000030517578,0.83,2.07,0.5,0.3032258064516129,105.0,-0.008198786470937858,0.25564425618755704,0.22610754783332263,0.25001444146269614,0.24235466472723433,-0.6358291963345278,-0.03000000000000025,0.49999999999999994,0.03247324145271957,0.5,0.3090322580645161
2022-05-21,107.74381001790364,14693800.0,0.0,0.036225973137590115,29.113333384195965,0.83,2.0766666666666667,0.5,0.30129032258064514,106.66666666666667,0.020623850109769748,0.2647445056318797,0.22582759636248984,0.2529891977091057,0.18467296746195083,-0.6329009275430462,-0.023333333333333428,0.49999999999999994,0.03262603539851994,0.5,0.30709677419354836
2022-05-22,109.92100016276042,16237500.0,0.0,0.03550845026583474,28.796666463216145,0.83,2.083333333333333,0.5,0.29935483870967744,108.33333333333333,0.02020710186965724,0.26066436843246105,0.22764145853843606,0.2557739771288939,0.2970034759313302,-0.6278992930395318,-0.01666666666666705,0.49999999999999994,0.03277876980216887,0.5,0.30516129032258066
2022-05-23,112.09819030761719,17781200.0,0.0,0.03479092739407936,28.479999542236328,0.83,2.09,0.5,0.2974193548387097,110.0,0.019806862579789142,0.2675832730347179,0.231320512997312,0.2583836136338162,0.2946762401129838,-0.618459864597565,-0.07000000000000028,0.49999999999999994,0.03293152966819757,0.5,0.3032258064516129
2022-05-24,113.68159484863281,19324900.0,0.0,0.034306344885404315,29.450000762939453,0.83,2.02,0.5,0.2954838709677419,115.0,0.014125157031264157,0.2709160770266479,0.23261619834405398,0.2577481670165884,0.29046232642968267,-0.6011121873082854,-0.04999999999999982,0.49999999999999994,0.03308511542605941,0.5,0.30129032258064514
2022-05-25,114.47331237792969,12780400.0,0.0,0.034069076180169265,28.3700008392334,0.83,2.01,0.5,0.2935483870967742,115.0,0.00696434220817399,0.2716859345978621,0.2333010004449252,0.2541999459862581,0.23425628365224538,-0.6042498548111933,-0.07000000000000028,0.0,0.03323786627155978,0.5,0.29935483870967744
2022-05-26,116.45257568359375,15990900.0,0.0,0.03349002782554552,27.5,0.83,1.99,0.5,0.2916129032258064,115.0,0.017290172395200587,0.26035777548553907,0.23644951056031496,0.25269137688510734,0.1759162909386746,-0.6064630183705637,-0.09000000000000008,0.0,0.033388157108457994,0.5,0.2974193548387097
2022-05-27,118.09896087646484,11177800.0,0.0,0.03302315254136334,25.719999313354492,0.83,2.01,0.5,0.2896774193548387,120.0,0.014137816902774158,0.2588375179968897,0.23852030930293933,0.2530899661215199,0.26247887197435754,-0.613775466114582,-0.040000000000000036,0.0,0.03353842497805459,0.5,0.2954838709677419
2022-05-28,118.31487274169922,12637100.0,0.0,0.03296321698210843,25.837499618530273,0.83,2.0275,0.5,0.28774193548387095,120.0,0.0018282283233654884,0.25584693125611857,0.23849989519429463,0.2521596808908404,0.23363484984275604,-0.6131957605980716,0.00749999999999984,0.0,0.03368869954735354,0.5,0.29354838709677417
2022-05-29,118.5307846069336,14096400.0,0.0,0.03290328142285352,25.954999923706055,0.83,2.045,0.5,0.28580645161290325,120.0,0.0018248920041163963,0.2334604201875403,0.23845956158169615,0.25116245539212106,0.1546555185772039,-0.6127801819013875,0.05499999999999994,0.0,0.03383883505402685,0.5,0.29161290322580646
2022-05-30,118.74669647216797,15555700.0,0.0,0.03284334586359861,26.072500228881836,0.83,2.0625,0.5,0.28387096774193554,120.0,0.0018215678395310242,0.23349863967444753,0.230425853054795,0.2429410797711618,0.15241847637777042,-0.6157030171229263,0.05250000000000021,0.0,0.033989002274008806,0.5,0.2896774193548387
2022-05-31,118.96260833740234,17015000.0,0.0,0.0327834103043437,26.190000534057617,0.83,2.08,0.5,0.2819354838709678,120.0,0.0018182557633086294,0.23353511949753164,0.2300014037472554,0.24040606290393332,0.1523619172359103,-0.6227127421657431,0.09000000000000008,0.0,0.03413915889951524,0.5,0.28774193548387095
2022-06-01,116.87539672851562,10768000.0,0.0,0.033368870687636054,25.690000534057617,0.83,2.16,0.5,0.28,115.0,-0.017545106299005853,0.2412757413334763,0.23272448905730428,0.24187810312064895,0.15235447376704114,-0.6084169240082482,0.20000000000000018,0.0,0.03428931201972851,0.5,0.28580645161290325
2022-06-02,118.75569915771484,8374800.0,0.0,0.03284052915069416,24.719999313354492,0.83,2.15,0.5,0.2813333333333333,120.0,0.016088094516306883,0.23821329414316486,0.23515151860418992,0.23877426433848573,0.26789942122628396,-0.6107117147305664,0.10999999999999988,0.0,0.0344394422042007,0.5,0.28433794162826426
2022-06-03,117.1003189086914,8596000.0,0.0,0.033304776932682925,24.790000915527344,0.83,2.18,0.5,0.2826666666666667,115.0,-0.013939375211163507,0.22477569204058845,0.23678383248440332,0.23894576232355372,0.252342662625322,-0.606026254319283,0.13000000000000034,0.0,0.034589549458186264,0.5,0.2833364055299539
2022-06-04,116.9713617960612,9505166.666666666,0.0,0.033341575501823185,24.883333841959637,0.83,2.1966666666666668,0.5,0.28400000000000003,115.0,-0.0011012533000080982,0.21083577827500594,0.2356536481764519,0.23793911407619078,0.23337235186945318,-0.6009678272797041,0.13666666666666671,0.0,0.034739641034440494,0.5,0.28280184331797237
2022-06-05,116.84240468343098,10414333.333333334,0.0,0.03337837407096344,24.976666768391926,0.83,2.2133333333333334,0.5,0.2853333333333333,115.0,-0.001102467395866169,0.21077310582859324,0.2339627050526408,0.2368811514389685,0.15356818802944944,-0.5984378925901831,0.14333333333333353,0.0,0.03488968226344369,0.5,0.2827342549923196
2022-06-06,116.71344757080078,11323500.0,0.0,0.0334151726401037,25.06999969482422,0.83,2.23,0.5,0.2866666666666667,115.0,-0.0011036841716806078,0.2100045311507323,0.23389581654670202,0.23657744276038806,0.1513070601592892,-0.6001727428321709,0.06999999999999984,0.0,0.03503993338041789,0.5,0.28313364055299545
2022-06-07,117.01934814453125,6722200.0,0.0,0.03332782195285423,24.020000457763672,0.83,2.26,0.5,0.288,115.0,0.0026209539697206186,0.20902122347120128,0.23084722503183433,0.22719979366518916,0.15125755757884793,-0.6036475482461386,0.09999999999999964,0.0,0.035190189047108245,0.5,0.284
2022-06-08,115.15705108642578,8422100.0,0.0,0.03386679289896922,23.959999084472656,0.83,2.29,0.5,0.2893333333333333,115.0,-0.015914437122016234,0.214591707978637,0.23305124986820067,0.22790674272150216,0.1541448911944378,-0.5980657117050485,0.18000000000000016,0.0,0.03534018175937548,0.5,0.2853333333333333
2022-06-09,112.73694610595703,13560100.0,0.0,0.03459380562193465,26.09000015258789,0.83,2.35,0.5,0.2906666666666667,115.0,-0.021015690812127952,0.21113526103603555,0.23683033692640326,0.22748927268540126,0.25103250292838536,-0.6090019703632088,0.28000000000000025,0.0,0.035490151572636686,0.5,0.2866666666666667
2022-06-10,107.55487823486328,12945200.0,0.0,0.03626055892586969,27.75,0.83,2.58,0.5,0.292,110.0,-0.04596601247494614,0.25343972608733983,0.2549384073304518,0.24050862643114848,0.30699078828566106,-0.6039774564157165,0.5033333333333334,0.0,0.035640098492134786,0.5,0.288
2022-06-11,106.48727925618489,14232000.0,0.0,0.036631531264837314,29.84000015258789,0.83,2.6833333333333336,0.5,0.29333333333333333,108.33333333333333,-0.009926086070657925,0.2552034722791123,0.2547827798292377,0.24089521805840067,0.6091805582529526,-0.6087817320786232,0.6000000000000005,0.0,0.03579062706982361,0.5,0.28933333333333333
2022-06-12,105.41968027750652,15518800.0,0.0,0.03700250360380494,31.93000030517578,0.83,2.7866666666666666,0.5,0.29466666666666663,106.66666666666667,-0.010025601049586053,0.25545200295537085,0.24711754675345024,0.24126933112858162,0.21459940671161426,-0.686025929017966,0.6966666666666668,0.0,0.035940768571902204,0.5,0.29066666666666663
2022-06-13,104.35208129882812,16805600.0,0.0,0.037373475942772565,34.02000045776367,0.83,2.89,0.5,0.296,105.0,-0.010127131631096242,0.25693867156750116,0.24724260857985675,0.2396519317438568,0.19775671928099728,-0.6871066588634772,0.8700000000000001,0.0,0.03609039846562179,0.5,0.2919999999999999
2022-06-14,102.61572265625,13357900.0,0.0,0.03800587180060621,32.689998626708984,0.83,3.15,0.5,0.2973333333333333,105.0,-0.016639425117030426,0.26106523138691246,0.24890192418948814,0.22853008170061861,0.1981866954137719,-0.6655221556557619,1.1400000000000001,0.0,0.036240369602335676,0.5,0.29333333333333333
2022-06-15,103.83026885986328,14083500.0,0.0,0.037561301177633635,29.6200008392334,0.83,2.93,0.5,0.2986666666666667,105.0,0.011835868541138383,0.26375667589490454,0.2501127664628409,0.22838913109190498,0.25913834063865726,-0.6700965532111954,0.9400000000000002,0.0,0.036390202057182464,0.5,0.29466666666666663
2022-06-16,102.04894256591797,16724900.0,0.0,0.038216956510654834,32.95000076293945,1.58,2.88,0.5,0.3,100.0,-0.017156136775004605,0.24799631549751974,0.2518058597700804,0.22978439602709724,0.21298230191472473,-0.6767151466854744,0.8700000000000001,0.7500000000000001,0.03654001164970788,0.5,0.296
2022-06-17,101.68907165527344,15716020.0,0.0,0.0383522037965006,31.1299991607666,1.58,2.86,0.5,0.3013333333333333,100.0,-0.0035264540875773465,0.24404885474265053,0.25145110672420606,0.22978512376513754,0.26475369095134005,-0.6699257934835207,0.8325,0.7500000000000001,0.036689798385144634,0.5,0.29733333333333334
2022-06-18,102.3188362121582,14707140.0,0.0,0.03812042861104609,30.894999504089355,1.58,2.875,0.5,0.30266666666666664,101.25,0.006193040674219885,0.2420022766036345,0.24763049669174703,0.23021351236387266,0.1603026029208849,-0.6715700777954687,0.8300000000000001,0.7500000000000001,0.03683989629803319,0.5,0.29866666666666664
2022-06-19,102.94860076904297,13698260.0,0.0,0.03788865342559157,30.65999984741211,1.58,2.8899999999999997,0.5,0.304,102.5,0.006154922985821987,0.24201687486685772,0.24795593626713128,0.23063010390229202,0.16947210916101824,-0.6704989957111129,0.8274999999999997,0.7500000000000001,0.036989730713787194,0.5,0.3
2022-06-20,103.57836532592773,12689380.0,0.0,0.03765687824013705,30.425000190734863,1.58,2.905,0.5,0.30533333333333335,103.75,0.006117271649933365,0.23453459108654137,0.24828333248721654,0.22771531075817003,0.1694558896590849,-0.6712269219309399,0.8249999999999997,0.7500000000000001,0.037139503948743435,0.5,0.30133333333333334
2022-06-21,104.2081298828125,11680500.0,0.0,0.03742510305468253,30.190000534057617,1.58,2.92,0.5,0.3066666666666667,105.0,0.00608007816017464,0.22687690004566213,0.2423141021984379,0.22612324679074222,0.16924380040385303,-0.6483622277660407,0.7599999999999998,0.7500000000000001,0.03728927228782064,0.5,0.3026666666666667
2022-06-22,103.62332153320312,9842700.0,0.0,0.037636315284010236,28.950000762939453,1.58,2.79,0.5,0.308,105.0,-0.005611926346505092,0.21780872771275914,0.2424416873048744,0.22574292131356125,0.1690309075420821,-0.6425332195298625,0.6400000000000001,0.7500000000000001,0.03743894474326037,0.5,0.304
2022-06-23,102.48976135253906,11851500.0,0.0,0.03805258153138808,29.049999237060547,1.58,2.78,0.5,0.3093333333333333,100.0,-0.010939238039198051,0.21321655055069472,0.2431814232220438,0.22547023375675618,0.16665935929842604,-0.6408602508016267,0.5999999999999996,0.7500000000000001,0.03758859437298745,0.5,0.30533333333333335
2022-06-24,105.54862976074219,14841100.0,0.0,0.036949792800157866,27.229999542236328,1.58,2.83,0.5,0.3106666666666666,105.0,0.02984559987100943,0.23186428290480662,0.25143342617019215,0.23165161779875978,0.20432174326148358,-0.6465084854226908,0.6333333333333333,0.7500000000000001,0.03773822118222303,0.5,0.30666666666666664
2022-06-25,105.26673380533855,13654233.333333334,0.0,0.03704927421830044,27.136666615804035,1.58,2.85,0.5,0.31199999999999994,105.0,-0.0026707684982992808,0.22410723871609955,0.24422660213428252,0.2316529996019474,0.3982149494863458,-0.6212386132060571,0.6366666666666667,0.7500000000000001,0.03788786793710708,0.5,0.30799999999999994
2022-06-26,104.98483784993489,12467366.666666666,0.0,0.03714875563644301,27.043333689371746,1.58,2.87,0.5,0.31333333333333335,105.0,-0.0026779206042902848,0.21797877828906284,0.2429236810443667,0.2316543993954821,0.16382584426578659,-0.6452054118771732,0.6400000000000001,0.7500000000000001,0.03803748777835314,0.5,0.30933333333333335
2022-06-27,104.70294189453125,11280500.0,0.0,0.03724823705458558,26.950000762939453,1.58,2.89,0.5,0.3146666666666667,105.0,-0.0026851111186796395,0.2173356354484795,0.2405483639847684,0.23154734825487278,0.15460341327128596,-0.6392910850955567,0.6300000000000003,0.7500000000000001,0.038187054070535575,0.5,0.31066666666666665
2022-06-28,104.19913482666016,11590900.0,0.0,0.03742833380035085,28.360000610351562,1.58,2.88,0.5,0.316,105.0,-0.004811775665086726,0.21662098376444255,0.23139410564059473,0.23155630803060734,0.1544107522460329,-0.610421532862501,0.5899999999999999,0.7500000000000001,0.03833660166178987,0.5,0.31199999999999994
2022-06-29,103.73130798339844,9338400.0,0.0,0.037597135096611056,28.15999984741211,1.58,2.88,0.5,0.3173333333333333,105.0,-0.004489738269324084,0.21584358390567931,0.2314171556097923,0.22655456364968052,0.16233619160632382,-0.6094604180492104,0.5299999999999998,0.7500000000000001,0.03848611444196348,0.5,0.31333333333333335
2022-06-30,101.31119537353516,15172600.0,0.0,0.03849525203626973,28.709999084472656,1.58,2.8,0.5,0.3186666666666666,100.0,-0.023330589933856838,0.2218651734219477,0.23601209047607066,0.229297237734735,0.16104859068985033,-0.6060781663767184,0.21999999999999975,0.7500000000000001,0.03863560443293945,0.5,0.31466666666666665
2022-07-01,102.60672760009766,10573600.0,0.0,0.03800920359920228,26.700000762939453,1.58,2.79,0.5,0.32,105.0,0.01278765117503422,0.22464625791878048,0.23755905889593887,0.23054017844470062,0.3317293545877766,-0.6126038430568597,0.10666666666666647,0.7500000000000001,0.03878507163992695,0.5,0.31599999999999995
2022-07-02,102.50915718078613,11058750.0,0.25,0.03829006421486622,26.910000801086426,1.58,2.785,0.5,0.31806451612903225,103.75,-0.0009509163930438991,0.21656845641753825,0.23305067419968448,0.23047732830129272,0.2234358056378101,-0.5944338923912975,-0.0016666666666664831,0.7500000000000001,0.03903280291433453,0.5,0.31686635944700464
2022-07-03,102.41158676147461,11543900.0,0.5,0.03857092483053015,27.1200008392334,1.58,2.7800000000000002,0.5,0.3161290322580645,102.5,-0.0009518214957073834,0.21508854713692527,0.22214061395738846,0.23041373653746478,0.15307970858864434,-0.552722803719115,-0.10999999999999988,0.7500000000000001,0.03929963822547111,0.5,0.31726574500768046
2022-07-04,102.31401634216309,12029050.0,0.75,0.03885178544619408,27.33000087738037,1.58,2.775,0.5,0.31419354838709673,101.25,-0.0009527283230048589,0.2151091951750044,0.2166762936631302,0.22981816612432862,0.15113548015220551,-0.5226163446839819,-0.375,0.7500000000000001,0.03958551477476924,0.5,0.3171981566820276
2022-07-05,102.21644592285156,12514200.0,1.0,0.03913264606185802,27.540000915527344,1.58,2.77,0.5,0.312258064516129,100.0,-0.0009536368798701567,0.2151298474752237,0.216678128166992,0.22889137302684487,0.15109266102899008,-0.5247361836231086,-0.16000000000000014,0.7500000000000001,0.039890369643098555,0.5,0.31666359447004605
2022-07-06,101.55388641357422,10656200.0,0.0,0.0393879559046136,26.729999542236328,1.58,2.82,0.5,0.3103225806451613,100.0,-0.006481926692867179,0.2149675208287331,0.21680437080993303,0.2290252507837735,0.15109260344653958,-0.5183954429833997,-0.06000000000000005,0.0,0.04019519274124139,0.5,0.3156620583717357
2022-07-07,104.12244415283203,10347400.0,0.0,0.03841630911130704,26.079999923706055,1.58,2.87,0.5,0.3083870967741935,105.0,0.025292559743085086,0.23071719054777093,0.22330782859591813,0.230976170158794,0.17120208792151484,-0.5146725589831015,0.010000000000000231,0.0,0.040500015839383785,0.5,0.31419354838709673
2022-07-08,103.79570770263672,8807800.0,0.0,0.038537239049032355,24.639999389648438,1.58,2.96,0.5,0.3064516129032258,105.0,-0.0031380021171585337,0.2278251697075724,0.2231902505758997,0.2309899784281627,0.34720652111061945,-0.5066119894758075,0.08499999999999996,0.0,0.040804838937526844,0.5,0.312258064516129
2022-07-09,103.34189351399739,8518366.666666666,0.0,0.03870797045270957,25.149999618530273,1.58,2.9633333333333334,0.5,0.30451612903225805,103.33333333333333,-0.004372186467859085,0.2215471442222577,0.2177712042491808,0.23103558771065627,0.16253160481521475,-0.5038059464681572,0.0733333333333337,0.0,0.04110978012464561,0.5,0.3103225806451612
2022-07-10,102.88807932535808,8228933.333333333,0.0,0.03887870185638679,25.65999984741211,1.58,2.966666666666667,0.5,0.30258064516129024,101.66666666666667,-0.004391386428175381,0.1778578040492309,0.2175894266436417,0.23108048151227312,0.16054223658176928,-0.5073656538010339,0.06166666666666698,0.0,0.04141446985253161,0.5,0.30838709677419346
2022-07-11,102.43426513671875,7939500.0,0.0,0.039049433260064007,26.170000076293945,1.58,2.97,0.5,0.3006451612903225,100.0,-0.004410755761163121,0.17627329893076876,0.21773404904173577,0.23058622895118094,0.16058014061703535,-0.5095928236635474,0.050000000000000266,0.0,0.041719170071714995,0.5,0.3064516129032257
2022-07-12,102.53411102294922,11250900.0,0.0,0.03901140761931138,27.290000915527344,1.58,3.07,0.5,0.2987096774193548,105.0,0.0009747313176622363,0.174388377112556,0.21686928402400352,0.22450778644311375,0.16066466542412083,-0.500796904519651,0.2799999999999998,0.0,0.0420241218253945,0.5,0.30451612903225805
2022-07-13,101.57202911376953,12979900.0,0.0,0.03938092046501947,26.81999969482422,1.58,3.21,0.5,0.2967741935483871,100.0,-0.00938304238054355,0.17405517623813097,0.2175793053460449,0.2245195487427928,0.1513331579330645,-0.4961618577233093,0.43000000000000016,0.0,0.042328944923734735,0.5,0.3025806451612903
2022-07-14,98.0232162475586,15921900.0,0.0,0.04080665941319412,26.399999618530273,1.58,3.16,0.5,0.2948387096774194,100.0,-0.03493887930737272,0.19606926787952586,0.22890940114656533,0.23151399667227315,0.19133329381608502,-0.459937701698122,0.33000000000000007,0.0,0.04263376802207497,0.5,0.3006451612903226
2022-07-15,102.5159683227539,18863900.0,0.0,0.039018311639087165,24.229999542236328,1.58,3.12,0.5,0.2929032258064516,105.0,0.045833550940103995,0.23505721711347077,0.2477127739836563,0.2440411386949633,0.47020968573329014,-0.4961829839404034,0.27,0.0,0.04293859112041498,0.5,0.29870967741935484
2022-07-16,102.16501871744792,17235233.333333332,0.0,0.03915327162391713,24.586666107177734,1.58,3.1233333333333335,0.5,0.29096774193548386,103.33333333333333,-0.003423365267360867,0.2297792007855249,0.23787996860425642,0.24386879412249005,0.5845311191684137,-0.48338340770100385,0.2533333333333334,0.0,0.04324348640719533,0.5,0.2967741935483871
2022-07-17,101.81406911214192,15606566.666666666,0.0,0.0392882316087471,24.94333267211914,1.58,3.1266666666666665,0.5,0.28903225806451616,101.66666666666667,-0.0034351249548204565,0.22976697872893734,0.2355763905791595,0.243689768022636,0.1779064010438479,-0.48002905437064325,0.23666666666666636,0.0,0.043547019923789954,0.5,0.2948387096774193
2022-07-18,101.46311950683594,13977900.0,0.0,0.039423191593577066,25.299999237060547,1.58,3.13,0.5,0.2870967741935484,100.0,-0.0034469657127585984,0.2292274996467654,0.23384254615896566,0.24087363076395812,0.1572833893456715,-0.5130152300471101,0.25,0.0,0.04385053012675155,0.5,0.2929032258064516
2022-07-19,103.97722625732422,11862300.0,0.0,0.03846996254834445,24.5,1.58,3.18,0.5,0.2851612903225806,105.0,0.024778528027801228,0.23961603091096073,0.23895298828034278,0.24467677430695153,0.15683265290816994,-0.5170748862731341,0.30000000000000027,0.0,0.0441554021268693,0.5,0.29096774193548386
2022-07-20,103.9590835571289,11667500.0,0.0,0.038476676237741834,23.8799991607666,1.58,3.18,0.5,0.2832258064516129,105.0,-0.00017448724925983594,0.23899297281955553,0.23504057066960007,0.2444495986188476,0.34141267677618514,-0.5201976814581075,0.38000000000000034,0.0,0.04446022484773726,0.5,0.2890322580645161
2022-07-21,104.66702270507812,11595900.0,0.0,0.038216430510982065,23.110000610351562,1.58,3.11,0.5,0.2812903225806452,105.0,0.00680978634791618,0.23915872653949907,0.23162819408873656,0.24024288060665286,0.1574324487389625,-0.5268883854476679,0.31999999999999984,0.0,0.04476504756860544,0.5,0.2870967741935484
2022-07-22,104.15876007080078,7645500.0,0.0,0.03840291490875125,23.030000686645508,1.58,3.01,0.5,0.2793548387096774,105.0,-0.0048559959110472395,0.23900939145413622,0.2278078495721421,0.2403272081248453,0.1730443398049777,-0.5311979424291102,0.22499999999999964,0.0,0.045069870289473846,0.5,0.28516129032258064
2022-07-23,104.29793039957683,8228333.333333333,0.0,0.03835180822613785,23.14000066121419,1.58,3.03,0.5,0.27741935483870966,105.0,0.001336136573452329,0.23666163462362413,0.22565356502043785,0.24035465573635115,0.1629625312270656,-0.5566526313133192,0.24999999999999956,0.0,0.04537470385065112,0.5,0.2832258064516129
2022-07-24,104.43710072835286,8811166.666666666,0.0,0.03830070154352446,23.25000063578288,1.58,3.05,0.5,0.27548387096774196,105.0,0.0013343536946788248,0.22037417059501363,0.22505641859229739,0.2403817802557796,0.15181870348867263,-0.5521769406679004,0.2749999999999999,0.0,0.04567948171958913,0.5,0.2812903225806452
2022-07-25,104.5762710571289,9394000.0,0.0,0.03824959486091106,23.360000610351562,1.58,3.07,0.5,0.2735483870967742,105.0,0.0013325755675470674,0.22031331475677274,0.221762229524819,0.23532583141562055,0.1515579630556098,-0.5459670498705451,0.2999999999999998,0.0,0.04598437625090157,0.5,0.2793548387096774
2022-07-26,102.94253540039062,10675100.0,0.0,0.03885662990951379,24.690000534057617,1.58,3.06,0.5,0.2716129032258064,105.0,-0.015622431745015986,0.2247902262622786,0.2210799474169733,0.23576535529338885,0.1515496879133053,-0.5419228867134245,0.2400000000000002,0.0,0.04628932654880491,0.5,0.27741935483870966
2022-07-27,104.59441375732422,9337400.0,0.0,0.03824296017644537,23.239999771118164,1.58,3.0,0.5,0.2696774193548387,105.0,0.016046606492726045,0.22974213069605925,0.22406684475789154,0.2358108487814211,0.24803713042644818,-0.5554283214268584,0.1299999999999999,0.0,0.046594149327400025,0.5,0.2754838709677419
2022-07-28,104.20413208007812,10384800.0,0.0,0.03838619371567824,22.329999923706055,2.33,2.93,0.5,0.267741935483871,105.0,-0.0037313816601296512,0.2295670551001787,0.22394562518875577,0.22952461212857958,0.25148364629838416,-0.5523829430051982,-0.029999999999999805,0.75,0.04689897210599492,0.5,0.2735483870967742
2022-07-29,104.70333099365234,12944500.0,0.0,0.038203178084587404,21.329999923706055,2.32,2.98,0.5,0.2658064516129032,105.0,0.004790586549779041,0.22956122523866776,0.22425142668997183,0.22961545717090578,0.1605557006290159,-0.5561589309170851,0.016666666666666607,0.7399999999999998,0.04720379488458959,0.5,0.27161290322580645
2022-07-30,104.35540771484375,13543133.333333334,0.0,0.03833140335229752,21.833333333333332,2.3233333333333333,2.98,0.5,0.26387096774193547,105.0,-0.00332294374502462,0.21845654069289297,0.22411569784236873,0.22959971084584796,0.16226438997003656,-0.556948424906388,0.013333333333333197,0.7433333333333332,0.0475086856578002,0.5,0.2696774193548387
2022-07-31,104.00748443603516,14141766.666666666,0.0,0.03845962862000763,22.336666742960613,2.3266666666666667,2.98,0.5,0.26193548387096777,105.0,-0.003334022514284163,0.2159115374634805,0.22178912423889535,0.22957921046546817,0.1565242985600626,-0.570263165572191,0.009999999999999787,0.7466666666666666,0.04781355618225014,0.5,0.26774193548387093
2022-08-01,103.65956115722656,14740400.0,0.0,0.038587853887717745,22.84000015258789,2.33,2.98,0.5,0.26,105.0,-0.0033451754043967163,0.216158905008286,0.2186393301377623,0.22668095295636018,0.15643078336327781,-0.5633252382512582,-0.08999999999999986,0.75,0.048118378768117864,0.5,0.2658064516129032
2022-08-02,102.04399871826172,14942900.0,0.0,0.03919877749051952,23.93000030517578,2.33,3.09,0.5,0.2590322580645161,100.0,-0.015585271835315107,0.2211181092290758,0.2190499109482472,0.2209329252353724,0.15646617088631368,-0.5725887675178307,-0.1200000000000001,0.75,0.048423221614415146,0.5,0.2640092165898617
2022-08-03,103.114990234375,14394500.0,0.0,0.03879164407530087,21.950000762939453,2.33,3.14,0.5,0.2580645161290322,105.0,0.01049538953358975,0.2232010242741619,0.22059001881449425,0.21798670707678877,0.24773024075206335,-0.5809512365305476,-0.020000000000000018,0.75,0.04872804439865086,0.5,0.26235023041474653
2022-08-04,101.98046875,18033900.0,0.0,0.03922319684375838,21.440000534057617,2.33,3.11,0.5,0.2570967741935483,100.0,-0.011002488404414201,0.22558916099377843,0.22134067019702466,0.21865080611608922,0.20154705385850363,-0.5743344909739297,-0.010000000000000231,0.75,0.049032867182886575,0.5,0.2608294930875576
2022-08-05,105.06639099121094,14174600.0,0.0,0.03807116588152923,21.149999618530273,2.33,3.29,0.5,0.2561290322580645,105.0,0.030259933877887057,0.24064946980427912,0.23089622961883693,0.2245142831073002,0.20556099811710288,-0.5577467670741902,0.16666666666666652,0.75,0.04933768996712251,0.5,0.2594470046082949
2022-08-06,104.63979593912761,12893900.0,0.0,0.038227650149045694,21.196666717529297,2.33,3.2933333333333334,0.5,0.2551612903225806,105.0,-0.004060242748025966,0.23013541533110604,0.2307623216873619,0.2244650570688081,0.40288653658936174,-0.557269287708227,0.16666666666666696,0.75,0.04964261449421481,0.5,0.25820276497695854
2022-08-07,104.21320088704427,11613200.0,0.0,0.03838413441656217,21.24333381652832,2.33,3.2966666666666664,0.5,0.2541935483870968,105.0,-0.004076795527501842,0.23026926863949915,0.22891804844606214,0.22441496762037677,0.16850793703266054,-0.5621423148042175,0.16666666666666652,0.75,0.049947537563747035,0.5,0.25709677419354837
2022-08-08,103.78660583496094,10332500.0,0.0,0.03854061868407863,21.290000915527344,2.33,3.3,0.5,0.2532258064516129,105.0,-0.004093483824047506,0.23022299887038916,0.22532475938703145,0.22076729470991868,0.1594509439888471,-0.5437252897325208,0.11999999999999966,0.75,0.05025246052363874,0.5,0.2561290322580645
2022-08-09,104.72147369384766,10233800.0,0.0,0.03819655949164701,21.770000457763672,2.33,3.33,0.5,0.252258064516129,105.0,0.009007596417338615,0.23118834011332584,0.20516707269412882,0.22107493075183102,0.1593102021811648,-0.5070768459784224,0.1499999999999999,0.75,0.05055738500010554,0.5,0.2551612903225806
2022-08-10,107.45343780517578,12847300.0,0.0,0.03722542602361792,19.739999771118164,2.33,3.26,0.5,0.2512903225806451,105.0,0.026087907426847412,0.2418038454163579,0.21105977876886317,0.22528336447173813,0.18798472310916672,-0.528720397623005,0.1499999999999999,0.75,0.05086220784290352,0.5,0.25419354838709673
2022-08-11,109.0417709350586,11684900.0,0.0,0.03668318998947897,20.200000762939453,2.33,3.25,0.5,0.2503225806451613,110.0,0.014781594356828576,0.2447403150018427,0.2120301201750409,0.2261300318398211,0.3561581022476327,-0.5054941830948718,0.2400000000000002,0.75,0.05116703068570172,0.5,0.2532258064516129
2022-08-12,110.84793090820312,9906700.0,0.0,0.03608547283857318,19.530000686645508,2.33,3.26,0.5,0.2493548387096774,110.0,0.016563927361563202,0.2456733921478678,0.21328061444425267,0.22770997362695397,0.24235040100196986,-0.5002947768914747,0.22999999999999998,0.75,0.0514718535284997,0.5,0.25225806451612903
2022-08-13,110.94777170817058,9423200.0,0.0,0.0360530582184611,19.670000712076824,2.33,3.25,0.5,0.24838709677419352,110.0,0.0009007006188517241,0.2171191108090184,0.21003637572408385,0.2276642703448751,0.25643853180153947,-0.5372100402435462,0.20000000000000018,0.75,0.051776681303791205,0.5,0.25129032258064515
2022-08-14,111.04761250813802,8939700.0,0.0,0.03602064359834903,19.810000737508137,2.33,3.2399999999999998,0.5,0.24741935483870967,110.0,0.000899890087293187,0.17968996878531573,0.20890135671086507,0.22761691973912423,0.1541828560528359,-0.5389093764229169,0.16999999999999993,0.75,0.052081454826030216,0.5,0.2503225806451613
2022-08-15,111.14745330810547,8456200.0,0.0,0.035988228978236954,19.950000762939453,2.33,3.23,0.5,0.2464516129032258,110.0,0.0008990810132016858,0.17885039153288615,0.205344604037576,0.22103065719713041,0.15110987354033167,-0.5221633880632681,0.16999999999999993,0.75,0.05238668144208081,0.5,0.2493548387096774
2022-08-16,112.20935821533203,9555000.0,0.0,0.03564765063822858,19.690000534057617,2.33,3.26,0.5,0.2454838709677419,110.0,0.009554019238595668,0.17885607920891286,0.2057391524689606,0.21960512448082672,0.1510397620831585,-0.5522880961248582,0.2599999999999998,0.75,0.05269196257692221,0.5,0.24838709677419352
2022-08-17,111.26543426513672,8149300.0,0.0,0.035950068648169,19.899999618530273,2.33,3.27,0.5,0.244516129032258,110.0,-0.008412167801404746,0.18105277026084043,0.20654375510041473,0.21858704598972045,0.19195744519106706,-0.5550202009953064,0.33999999999999986,0.0,0.05299678566894617,0.5,0.24741935483870964
2022-08-18,110.40321350097656,9531800.0,0.0,0.036230829458280385,19.559999465942383,2.33,3.24,0.5,0.2435483870967742,110.0,-0.007749223915358594,0.17181954267507651,0.20714797593891526,0.21853713639388297,0.18487110816871655,-0.5505979573532687,0.26000000000000023,0.010000000000000231,0.0533016087609699,0.5,0.2464516129032258
2022-08-19,107.67125701904297,13464500.0,0.0,0.037150118896564485,20.600000381469727,2.33,3.26,0.5,0.2425806451612903,110.0,-0.024745262346094976,0.18884490452922387,0.2137147821960886,0.22004389566307067,0.1800527092000864,-0.5713229793444414,0.2799999999999998,0.006666666666666821,0.05360643185299341,0.5,0.2454838709677419
2022-08-20,107.07828013102214,11965533.333333334,0.0,0.037358152496837285,21.666666666666668,2.33,3.28,0.5,0.24161290322580642,108.33333333333333,-0.005507290473222182,0.18903300429130995,0.21377954788013875,0.21760253160678963,0.34819191531882965,-0.5713626390409892,0.2999999999999998,0.0033333333333334103,0.053911442958554545,0.5,0.24451612903225803
2022-08-21,106.4853032430013,10466566.666666666,0.0,0.037566186097110085,22.733332951863606,2.33,3.3,0.5,0.24064516129032257,106.66666666666667,-0.005537788684084832,0.1892206271308146,0.21377054510640245,0.2151454285290244,0.17222526971149568,-0.5910085977256591,0.31999999999999984,0.0,0.05421625156185006,0.5,0.2435483870967742
2022-08-22,105.89232635498047,8967600.0,0.0,0.037774219697382885,23.799999237060547,2.33,3.32,0.5,0.2396774193548387,105.0,-0.005568626561241463,0.1900910477062803,0.2128172324117365,0.21387685876241355,0.1663404046727374,-0.5917271022402201,0.22999999999999998,0.0,0.05452136774006178,0.5,0.24258064516129027
2022-08-23,104.84855651855469,7607000.0,0.0,0.03815026293940569,24.110000610351562,2.33,3.29,0.5,0.2387096774193548,105.0,-0.009856897778662166,0.19244224355197367,0.20515600992766603,0.2140107528496015,0.16636922549327282,-0.5607892141668884,0.1499999999999999,0.0,0.05482668670751267,0.5,0.24161290322580645
2022-08-24,105.1026840209961,9771300.0,0.0,0.03805801951928202,22.81999969482422,2.33,3.35,0.5,0.2377419354838709,105.0,0.00242375775956849,0.19252715974849746,0.20514982505430862,0.2118890444789912,0.1953560226410933,-0.5555426913527098,0.2400000000000002,0.0,0.05513151002598593,0.5,0.24064516129032257
2022-08-25,107.5986557006836,10758900.0,0.0,0.03717518563732936,21.780000686645508,2.33,3.33,0.5,0.2367741935483871,110.0,0.023747934726280562,0.1978370950630643,0.21063160269768658,0.21437515268986979,0.15474772383452537,-0.568760129376254,0.040000000000000036,0.0,0.05543633334445852,0.5,0.2396774193548387
2022-08-26,104.07706451416016,11276200.0,0.0,0.03843305937453474,25.559999465942383,2.33,3.36,0.5,0.2358064516129032,105.0,-0.03272895152444799,0.2170699758499741,0.22159622757118672,0.22099362015140886,0.3301390602135576,-0.6242138613096189,0.06666666666666643,0.0,0.05574115666293178,0.5,0.23870967741935484
2022-08-27,103.99235280354817,10223233.333333334,0.0,0.03846441786367619,25.776666005452473,2.33,3.3833333333333333,0.5,0.23483870967741932,105.0,-0.0008139325509172179,0.21681701470657963,0.2213834422393386,0.22092792499966418,0.44502942592065664,-0.6276941678812362,0.08666666666666689,0.0,0.056045984030115514,0.5,0.23774193548387096
2022-08-28,103.9076410929362,9170266.666666666,0.0,0.03849577635281763,25.993332544962566,2.33,3.4066666666666667,0.5,0.23387096774193547,105.0,-0.0008145955767728807,0.21633598275746002,0.22119460868099167,0.2208613542997324,0.1634146181568503,-0.6291686064436921,0.10666666666666691,0.0,0.05635048494128836,0.5,0.23677419354838708
2022-08-29,103.82292938232422,8117300.0,0.0,0.038527134841959076,26.209999084472656,2.33,3.43,0.5,0.2329032258064516,105.0,-0.0008152596837052162,0.21614819723560497,0.21565505802992477,0.22079390958960998,0.15125138693757548,-0.6292467997474692,0.10000000000000009,0.0,0.05665539814761589,0.5,0.2358064516129032
2022-08-30,103.8410873413086,10745400.0,0.0,0.038520397873460795,26.209999084472656,2.33,3.48,0.5,0.2319354838709677,105.0,0.00017489353356148207,0.21594034311667296,0.2141264485075487,0.21910257105775666,0.1509690590966898,-0.624426332496897,0.2200000000000002,0.0,0.05696063805044793,0.5,0.23483870967741932
2022-08-31,103.2238998413086,10738300.0,0.0,0.03875071573685363,25.8700008392334,2.33,3.5,0.5,0.2309677419354839,105.0,-0.00594357701563164,0.2164187546613026,0.21448729333009914,0.21727195275228312,0.1506331717939371,-0.6200093852890811,0.25,0.0,0.057265461512405746,0.5,0.2338709677419355
2022-09-01,103.93185424804688,9979800.0,0.0,0.03848675681714944,25.559999465942383,2.33,3.51,0.5,0.23,105.0,0.006858434992542017,0.21214792727660325,0.21491497072122623,0.2166836900802308,0.16807580736253686,-0.6208164411964427,0.25,0.0,0.05757028497436356,0.5,0.23290322580645162
2022-09-02,103.20575714111328,10666600.0,0.0,0.03875752778530366,25.469999313354492,2.33,3.47,0.5,0.2319999999999999,105.0,-0.006986280695047253,0.2111485710386508,0.21541725741827308,0.21689191201826852,0.17356504147821894,-0.6187296033217268,0.2200000000000002,0.0,0.057875108436321154,0.5,0.23235944700460825
2022-09-03,103.21256256103516,10437925.0,0.0,0.03875497277570571,25.829999446868896,2.33,3.505,0.5,0.23399999999999993,105.0,6.594031292816993e-05,0.2085152046459643,0.21540517872070336,0.216905129249826,0.17477961621427923,-0.6178889715878241,0.2650000000000001,0.0,0.05817993193803095,0.5,0.2322396313364055
2022-09-04,103.21936798095703,10209250.0,0.0,0.03875241776610775,26.1899995803833,2.33,3.54,0.5,0.23599999999999993,105.0,6.593596509008037e-05,0.1889623235299316,0.21495730314390546,0.21691815154918836,0.15119358998763735,-0.6293164412942744,0.31000000000000005,0.0,0.0584847521842069,0.5,0.23254377880184326
2022-09-05,103.2261734008789,9980575.0,0.0,0.038749862756509795,26.549999713897705,2.33,3.575,0.5,0.23799999999999996,105.0,6.593161782508794e-05,0.18868091644902626,0.20869926420625873,0.21682750372837165,0.1506245622672996,-0.6275723739786792,0.3150000000000004,0.0,0.058790253708358664,0.5,0.23327188940092164
2022-09-06,103.23297882080078,9751900.0,0.0,0.03874730774691184,26.90999984741211,2.33,3.61,0.5,0.24,105.0,6.592727113341468e-05,0.18836992253871443,0.2086059132323731,0.21541687286874828,0.15061182655083324,-0.6469385996229423,0.33999999999999986,0.0,0.05909598420179507,0.5,0.23442396313364053
2022-09-07,105.19345092773438,10647900.0,0.0,0.03802518089028103,24.639999389648438,2.33,3.6,0.5,0.242,105.0,0.01899075401414807,0.1959229350386554,0.21195688406470195,0.2153002501497678,0.15061154175168792,-0.6604323729372127,0.3599999999999999,0.0,0.05940149089745206,0.5,0.23599999999999996
2022-09-08,107.64403533935547,11435000.0,0.0,0.037159513645040484,23.610000610351562,2.33,3.6,0.5,0.244,110.0,0.023295978884698698,0.20525210970070595,0.2167606829116117,0.20429650328976778,0.2794941734939993,-0.6673578653826849,0.3400000000000003,0.0,0.05970631501265178,0.5,0.23799999999999996
2022-09-09,108.16136932373047,9299700.0,0.0,0.03698178032517202,22.790000915527344,2.33,3.67,0.5,0.246,110.0,0.004805969812856414,0.19175982280296314,0.21664390584808244,0.20374676368354513,0.3270868955385271,-0.6661385448984267,0.3900000000000001,0.0,0.06001113912785194,0.5,0.24
2022-09-10,108.58795166015625,9071333.333333334,0.0,0.0368376318114791,23.150000890096027,2.33,3.68,0.5,0.248,110.0,0.003943943564074237,0.18719763474149173,0.21673287142426956,0.20309900405071907,0.1678293688590327,-0.6718127522635985,0.38000000000000034,0.0,0.06031605696306985,0.5,0.242
2022-09-11,109.01453399658203,8842966.666666666,0.0,0.036693483297786184,23.510000864664715,2.33,3.69,0.5,0.25,110.0,0.003928449979062609,0.1809855707485276,0.21572550811787827,0.20240268743318193,0.1588470296642437,-0.6789013189198129,0.3700000000000001,0.0,0.060620662679027104,0.5,0.244
2022-09-12,109.44111633300781,8614600.0,0.0,0.036549334784093265,23.8700008392334,2.33,3.7,0.5,0.252,110.0,0.003913077649253305,0.1814047725369978,0.20172318387541666,0.20035590647878965,0.15858070596097107,-0.7437148224793644,0.41000000000000014,0.0,0.06092529698440852,0.5,0.246
2022-09-13,105.63817596435547,12904600.0,0.0,0.037865099084536294,27.270000457763672,2.33,3.92,0.5,0.254,105.0,-0.034748735174454426,0.20760916557602274,0.1955938443372137,0.20835833012051644,0.15851555722034052,-0.7622022718500717,0.5699999999999998,0.0,0.06123024347932082,0.5,0.24799999999999997
2022-09-14,105.39313507080078,9345700.0,0.0,0.0379531361061884,26.15999984741211,2.33,3.95,0.5,0.256,105.0,-0.0023196244285529355,0.2074734269563512,0.195512005027402,0.20629398838482846,0.46760233928766437,-0.748890072656534,0.6200000000000001,0.0,0.061535067572515034,0.5,0.25
2022-09-15,106.9814682006836,10821400.0,0.0,0.037389653248135556,26.270000457763672,2.33,4.0,0.5,0.258,105.0,0.015070555865102753,0.21062535849924643,0.19754604726632943,0.2076225593206215,0.16704907665876148,-0.7383414854201628,0.6400000000000001,0.0,0.061839891665709246,0.5,0.25199999999999995
2022-09-16,106.26444244384766,14844100.0,0.0,0.037641942196362466,26.299999237060547,2.33,3.96,0.5,0.26,105.0,-0.006702336104519424,0.21019669553986503,0.19796206332665192,0.20775753365219968,0.24050973573938628,-0.7356677671698674,0.5766666666666667,0.0,0.062144715758903235,0.5,0.254
2022-09-17,106.59118906656902,12629833.333333334,0.0,0.03752725699966851,26.119999567667644,2.33,3.9899999999999998,0.5,0.262,105.0,0.0030748443713335405,0.2097465508766748,0.19177763320488003,0.2075819760421485,0.17479138976543035,-0.7369092415449976,0.583333333333333,0.0,0.062449596965464815,0.5,0.25599999999999995
2022-09-18,106.91793568929036,10415566.666666668,0.0,0.03741257180297456,25.93999989827474,2.33,4.02,0.5,0.264,105.0,0.0030654186859411237,0.1973898149119328,0.191849841695098,0.2074074410903704,0.1559976023059483,-0.7402577683608151,0.5899999999999994,0.0,0.06275331656228444,0.5,0.258
2022-09-19,107.24468231201172,8201300.0,0.0,0.037297886606280604,25.760000228881836,2.33,4.05,0.5,0.266,105.0,0.003056050611292216,0.19695738195671275,0.1914767194997457,0.2072339187743465,0.15552285613979236,-0.7390813903730167,0.5699999999999998,0.0,0.06305761765171436,0.5,0.26000000000000006
2022-09-20,105.12991333007812,9619000.0,0.0,0.0380481622527466,27.15999984741211,2.33,4.03,0.5,0.268,105.0,-0.01971910342165961,0.20475393554260504,0.19568419126523742,0.20975873041957566,0.15548348501284556,-0.7500831993464627,0.5300000000000002,0.0,0.06336308071677332,0.5,0.262
2022-09-21,102.09846496582031,12606300.0,0.0,0.0391778662033664,27.989999771118164,2.33,4.08,0.5,0.27,100.0,-0.02883525980602608,0.22080389475488077,0.20473162349374302,0.21467709035881882,0.2912796665800166,-0.7419013540737442,0.5700000000000003,0.0,0.0636679048330806,0.5,0.26399999999999996
2022-09-22,100.93669891357422,11684500.0,0.0,0.03962879748450016,27.350000381469727,3.08,4.08,0.5,0.272,100.0,-0.01137887873862764,0.22137423911846074,0.20595250543329388,0.20963268381566635,0.3976958644444129,-0.7246352345697721,0.6099999999999999,0.75,0.0639727289493881,0.5,0.266
2022-09-23,99.05792999267578,18138600.0,0.0,0.0403804117479111,29.920000076293945,3.08,4.15,0.5,0.2739999999999999,100.0,-0.018613338271614266,0.2267724275316487,0.2092610438316845,0.21182939930812988,0.2149950242380788,-0.7339149756751159,0.6450000000000005,0.75,0.0642775530656956,0.5,0.268
2022-09-24,98.34695434570312,17343600.0,0.0,0.04067661487882215,30.6999994913737,3.08,4.156666666666667,0.5,0.27599999999999997,98.33333333333333,-0.007177372341873323,0.2139270605436828,0.20739718530318588,0.21208562132219974,0.2801818069202859,-0.7292896562673912,0.6166666666666671,0.75,0.06458269815145257,0.5,0.26999999999999996
2022-09-25,97.63597869873047,16548600.0,0.0,0.04097281800973319,31.47999890645345,3.08,4.163333333333333,0.5,0.27799999999999997,96.66666666666667,-0.007229259428548018,0.19431698825905308,0.20485876055603272,0.2123428185879505,0.1790447527334929,-0.721854801846111,0.5883333333333329,0.75,0.06488712541300679,0.5,0.27199999999999996
2022-09-26,96.92500305175781,15753600.0,0.0,0.041269021140644235,32.2599983215332,3.08,4.17,0.5,0.28,95.0,-0.007281902188602696,0.19484588761507832,0.20518202782700515,0.21251757300364174,0.17645935665401302,-0.7329674025189871,0.56,0.75,0.06519175430404212,0.5,0.27399999999999997
2022-09-27,96.07183837890625,12793600.0,0.0,0.0416355101296599,32.599998474121094,3.08,4.16,0.5,0.282,95.0,-0.008802317730090436,0.19568468487434776,0.20538342332639478,0.21285524434669031,0.17674370628193675,-0.7325128705114259,0.56,0.75,0.06549710131851838,0.5,0.27599999999999997
2022-09-28,98.01415252685547,12762600.0,0.0,0.040810432951547654,30.18000030517578,3.08,3.99,0.5,0.284,100.0,0.020217310095480334,0.2063698492144136,0.20998412004960137,0.21216606459915738,0.1873972106097977,-0.7458451497815985,0.3900000000000001,0.75,0.06580192552211517,0.5,0.27799999999999997
2022-09-29,96.35321807861328,12713900.0,0.0,0.041513922210013314,31.84000015258789,3.08,3.98,0.5,0.286,95.0,-0.016945863484225887,0.21086561549292976,0.21250207296405002,0.21282480715190538,0.2927640970116068,-0.7525755904281883,0.31000000000000005,0.75,0.06610674972571218,0.5,0.27999999999999997
2022-09-30,94.8465576171875,15973400.0,0.0,0.042173380884781266,31.6200008392334,3.08,4.05,0.5,0.288,95.0,-0.01563684629813311,0.21415242479679356,0.21453222399946,0.214312034718131,0.2642789230974891,-0.7385274602556127,0.36999999999999966,0.75,0.06641157392930896,0.5,0.282
2022-10-01,95.82376861572266,14731633.333333334,0.0,0.04175189331799632,31.11333401997884,3.08,4.036666666666666,0.5,0.2875913978494623,96.66666666666667,0.010303072911505229,0.2157137160638327,0.21377412660390713,0.21511717070624833,0.25028342234317047,-0.7363923629811816,0.34666666666666623,0.75,0.06671702589135498,0.5,0.2836559139784946
2022-10-02,96.80097961425781,13489866.666666668,0.0,0.04133040575121137,30.606667200724285,3.08,4.023333333333333,0.5,0.2871827956989247,98.33333333333333,0.01019800215178357,0.2184535163542587,0.21370740182718528,0.21588626420594287,0.20008190156740446,-0.7382029868713138,0.32333333333333325,0.75,0.06629115584785139,0.5,0.2849677419354838
2022-10-03,97.77819061279297,12248100.0,0.0,0.04090891818442643,30.100000381469727,3.08,4.01,0.5,0.286774193548387,100.0,0.010095052781792457,0.22122413398063884,0.21386247219466137,0.21662062683169034,0.19797844146534463,-0.7538509084061933,0.08999999999999986,0.75,0.06610549377046637,0.5,0.2859354838709677
2022-10-04,102.35258483886719,16013600.0,0.0,0.03908059582762044,29.06999969482422,3.08,4.15,0.5,0.2851612903225806,100.0,0.04678337978444569,0.26063892532553384,0.22571567370424478,0.22974767839178484,0.1971153349602333,-0.753381815799396,0.20000000000000018,0.75,0.06616335717314348,0.5,0.2863870967741935
2022-10-05,101.08885955810547,10943500.0,1.0,0.039569147554788825,28.549999237060547,3.08,4.14,0.5,0.2835483870967742,100.0,-0.012346784233648767,0.2629974027646864,0.2269361385966785,0.22677940821974765,0.5920124756803083,-0.7389854108542397,0.13999999999999968,0.75,0.06631051328742532,0.5,0.2863225806451612
2022-10-06,99.02845764160156,11521400.0,0.0,0.04039242956278875,30.520000457763672,3.08,4.19,0.5,0.2819354838709678,100.0,-0.020382086864078164,0.2692183133258022,0.23051990257176602,0.22925878502399685,0.23276739743670488,-0.7491652443364178,0.23000000000000043,0.75,0.06645764700759793,0.5,0.28574193548387095
2022-10-07,97.05045318603516,11681100.0,0.0,0.04121567564792753,31.360000610351562,3.08,4.24,0.5,0.2803225806451613,95.0,-0.019974101411587064,0.26750886397114304,0.23381852563570193,0.2315238419495149,0.2996776914422318,-0.7501589556560948,0.25000000000000044,0.75,0.06660475833877344,0.5,0.2846451612903226
2022-10-08,96.74825286865234,10764633.333333334,0.0,0.04134522517161055,31.723333994547527,3.08,4.25,0.5,0.2787096774193548,95.0,-0.003113847565487715,0.25616148475921297,0.23290196016450626,0.23147570512932608,0.2965529253526307,-0.7571128114445489,0.23000000000000043,0.75,0.06675190685503662,0.5,0.28337634408602147
2022-10-09,96.44605255126953,9848166.666666666,0.0,0.04147477469529357,32.08666737874349,3.08,4.26,0.5,0.2770967741935484,95.0,-0.003123573898467069,0.25494314848266353,0.22598073312546502,0.23142673715491,0.1602009635912535,-0.7410207614487883,0.20999999999999996,0.75,0.0668984488387101,0.5,0.28193548387096773
2022-10-10,96.14385223388672,8931700.0,0.0,0.04160432421897659,32.45000076293945,3.08,4.2700000000000005,0.5,0.2754838709677419,95.0,-0.0031333611836747988,0.2538949169921283,0.22336759840422213,0.2314463525176681,0.15582910068854494,-0.7548674437575658,0.2400000000000002,0.75,0.0670450051977356,0.5,0.2803225806451613
2022-10-11,93.36914825439453,12739700.0,0.0,0.042840703538406064,33.630001068115234,3.08,4.28,0.5,0.2738709677419355,95.0,-0.028859920993619337,0.26290771732464374,0.22679330094337863,0.2359050255701745,0.1557609792022554,-0.7525867362161378,0.20000000000000018,0.75,0.06719212334452873,0.5,0.2787096774193549
2022-10-12,94.880126953125,13181000.0,0.0,0.042158459610579756,33.56999969482422,3.08,4.28,0.5,0.272258064516129,95.0,0.016182847621289742,0.26883975719785613,0.2299702529366906,0.23019414967100024,0.3962847103124072,-0.7473874629643793,0.20000000000000018,0.0,0.0673391228159399,0.5,0.2770967741935484
2022-10-13,100.15480041503906,22398700.0,0.0,0.03993817553850736,31.940000534057617,3.08,4.46,0.5,0.2706451612903225,100.0,0.05559302702577518,0.30318733612464627,0.2576210324085924,0.23581178104134495,0.2570003363548367,-0.7492833981045459,0.3099999999999996,0.0,0.06748609992899701,0.5,0.2754838709677419
2022-10-14,101.82146453857422,22368100.0,0.0,0.03928444771568408,32.02000045776367,3.08,4.5,0.5,0.2690322580645161,100.0,0.01664088108236994,0.30776818567364966,0.260270199333871,0.23740652330536463,0.6943506027736157,-0.7435180608145402,0.3433333333333328,0.0,0.06763305468880088,0.5,0.2738709677419355
2022-10-15,103.2469711303711,22337500.0,0.0,0.038756631475480204,31.803333918253582,3.08,4.5,0.5,0.2674193548387096,101.66666666666667,0.014000059793451758,0.30730316123663415,0.2612153129677542,0.23847398748172224,0.2749705236108484,-0.7422974725902959,0.3366666666666669,0.0,0.06778113132162789,0.5,0.272258064516129
2022-10-16,104.67247772216797,22306900.0,0.0,0.03822881523527632,31.58666737874349,3.08,4.5,0.5,0.26580645161290317,103.33333333333333,0.013806764268143645,0.309799677395665,0.2626012227061338,0.23946630864050786,0.2326815008645703,-0.7431589152774863,0.33000000000000007,0.0,0.06792918526994285,0.5,0.2706451612903225
2022-10-17,106.09798431396484,22276300.0,0.0,0.03770099899507244,31.3700008392334,3.08,4.5,0.5,0.2641935483870967,105.0,0.013618733623375068,0.31231985450424204,0.2638852185388473,0.23703070487369104,0.22986195738555204,-0.749051195209999,0.33999999999999986,0.0,0.06807626016526114,0.5,0.2690322580645161
2022-10-18,108.8268814086914,21539700.0,0.0,0.03675562460508532,30.5,3.08,4.5,0.5,0.2625806451612903,110.0,0.02572053665648566,0.32090802291327614,0.26422134840136435,0.24074153625307915,0.22807019724110308,-0.7513757394495043,0.5099999999999998,0.0,0.06822331291831962,0.5,0.26741935483870966
2022-10-19,106.6932144165039,17072000.0,0.0,0.03749066912901312,30.760000228881836,3.08,4.6,0.5,0.2609677419354839,105.0,-0.01960606574927637,0.3261763897387113,0.26714127475145294,0.24287964986818278,0.3526362133108864,-0.7445968405619334,0.6199999999999997,0.0,0.06837015583744055,0.5,0.26580645161290317
2022-10-20,106.34521484375,12207400.0,0.0,0.03761335200532611,29.979999542236328,3.08,4.66,0.5,0.2593548387096774,105.0,-0.0032616842097886733,0.32094618167536826,0.26698152606818604,0.2427995886318865,0.2938780293128668,-0.737775596392738,0.6100000000000003,0.0,0.06851697643389443,0.5,0.26419354838709674
2022-10-21,111.9312744140625,20593300.0,0.0,0.03573621421661808,29.690000534057617,3.08,4.58,0.5,0.257741935483871,110.0,0.052527606235221125,0.3404867194409292,0.28656823934640663,0.25734048140402566,0.16055344140406513,-0.7034521720198446,0.5433333333333339,0.0,0.06866377471277141,0.5,0.2625806451612903
2022-10-22,111.97705332438152,17936933.333333332,0.0,0.03572161632940373,29.74333381652832,3.08,4.59,0.5,0.2561290322580645,110.0,0.0004089912364408921,0.3378202717484458,0.2856815332628849,0.2573395505478926,0.6582242489605179,-0.7038224297998213,0.5666666666666664,0.0,0.06881055169489891,0.5,0.26096774193548383
2022-10-23,112.02283223470052,15280566.666666666,0.0,0.03570701844218939,29.796667098999023,3.08,4.6000000000000005,0.5,0.25451612903225806,110.0,0.0004088240309949587,0.3313536565306141,0.2856714474387297,0.2573385269423484,0.1785517397930089,-0.7120722621990307,0.5900000000000007,0.0,0.06895727530544704,0.5,0.2593548387096774
2022-10-24,112.06861114501953,12624200.0,0.0,0.03569242055497504,29.850000381469727,3.08,4.61,0.5,0.2529032258064516,110.0,0.0004086569622083758,0.32982823112082177,0.28182899132819406,0.25581919858187885,0.15137622233859943,-0.7054294308589222,0.45999999999999996,0.0,0.06910438402197983,0.5,0.257741935483871
2022-10-25,112.36165618896484,11289100.0,0.0,0.035599332865590534,28.459999084472656,3.08,4.6,0.5,0.2512903225806451,110.0,0.002614871737511848,0.32804528211174433,0.2728139516019021,0.2545795974787307,0.15071316711252686,-0.6741006250669571,0.45999999999999996,0.0,0.06925150155563364,0.5,0.2561290322580645
2022-10-26,113.6528549194336,11667000.0,0.0,0.03519489240138777,27.280000686645508,3.08,4.54,0.5,0.2496774193548387,115.0,0.011491453350396252,0.3265849567824989,0.2735655187383076,0.25507894830423333,0.15411686129861182,-0.6755103317139202,0.34999999999999964,0.0,0.06939818837307365,0.5,0.254516129032258
2022-10-27,114.1015853881836,10727600.0,0.0,0.0350564804721306,27.389999389648438,3.08,4.5,0.5,0.2480645161290322,115.0,0.003948255141220214,0.32386291393186745,0.2735686835962716,0.2550472935087194,0.2077384998759457,-0.67502167370886,0.2599999999999998,0.0,0.06954485290341905,0.5,0.2529032258064516
2022-10-28,115.45687866210938,11859500.0,0.0,0.03464496915516147,25.75,3.08,4.55,0.5,0.2464516129032258,115.0,0.011877953047847223,0.32158318063361285,0.27432273647903826,0.2555845509982522,0.1599140093893772,-0.6737618425493132,0.2999999999999998,0.0,0.06969149515174777,0.5,0.25129032258064515
2022-10-29,115.39582824707031,12338066.666666666,0.0,0.03466331756631579,25.793333053588867,3.08,4.586666666666667,0.5,0.24483870967741933,115.0,-0.0005287724364845259,0.3150062928653011,0.2743440086179911,0.2554888423288805,0.2111544962850127,-0.6737971369883139,0.3266666666666671,0.0,0.06983811682483942,0.5,0.2496774193548387
2022-10-30,115.33477783203125,12816633.333333334,0.0,0.03468166597747011,25.836666107177734,3.08,4.623333333333333,0.5,0.24322580645161285,115.0,-0.0005290521846972318,0.3088923216607345,0.27391667940853703,0.25539156782853684,0.15236870885280437,-0.6781247103722194,0.3533333333333326,0.0,0.06998471586298072,0.5,0.24806451612903221
2022-10-31,115.27372741699219,13295200.0,0.0,0.03470001438862443,25.8799991607666,3.08,4.66,0.5,0.2416129032258064,115.0,-0.0005293322290694791,0.3093405646113804,0.2737598657341833,0.25380667944003127,0.1507942620501497,-0.6776104048183709,0.3799999999999999,0.0,0.07013161401867918,0.5,0.24645161290322576
2022-11-01,117.35244750976562,13386900.0,0.0,0.034085356418894756,25.809999465942383,3.08,4.75,0.5,0.24,115.0,0.018032904282290207,0.3110116247177263,0.27511418368207624,0.2548624218355753,0.15075905859381716,-0.6762926656025812,0.46999999999999975,0.0,0.0702784903151017,0.5,0.24483870967741933
2022-11-02,116.27188110351562,16546100.0,0.0,0.034402126825821645,25.860000610351562,3.08,4.76,0.5,0.239,115.0,-0.009207872772828862,0.31406890647819785,0.27607516894421436,0.25462859214051947,0.2696558364376704,-0.6744686155299888,0.2999999999999998,0.0,0.07042502126862105,0.5,0.24331336405529952
2022-11-03,116.48249816894531,12474400.0,0.0,0.03433992284573457,25.299999237060547,3.83,4.78,0.5,0.238,115.0,0.0018114187491486966,0.2904310808096148,0.27604650600016667,0.25007012538226103,0.19288304206851026,-0.67278621240764,0.28000000000000025,0.75,0.07057152997054605,0.5,0.24187557603686632
2022-11-04,119.6692886352539,14953200.0,0.0,0.03342545147228043,24.549999237060547,3.83,4.76,0.5,0.237,120.0,0.02735853468463989,0.29314977677379167,0.28071028469627113,0.25361195009128595,0.15336397813999275,-0.6757745919031807,0.2599999999999998,0.75,0.07071801642594533,0.5,0.24052534562211983
2022-11-05,119.87991587320964,13972533.333333334,0.0,0.03336692909464605,24.483332951863606,3.83,4.773333333333333,0.5,0.23599999999999996,120.0,0.0017600776302575394,0.28275298602741766,0.28066996714464193,0.2534365871694029,0.3698762877704335,-0.6758225419956294,0.27333333333333343,0.75,0.0708644993554226,0.5,0.2392626728110599
2022-11-06,120.09054311116536,12991866.666666666,0.0,0.033308406717011664,24.416666666666668,3.83,4.786666666666666,0.5,0.23499999999999993,120.0,0.0017569851999101882,0.2717931830689643,0.2786027634018435,0.25325578550800865,0.1603646514582375,-0.6743661958586264,0.2866666666666662,0.75,0.07101091363701206,0.5,0.23808755760368663
2022-11-07,120.3011703491211,12011200.0,0.0,0.033249884339377284,24.350000381469727,3.83,4.8,0.5,0.2339999999999999,120.0,0.0017539036172129485,0.2705655709095218,0.2752026106585557,0.25295079631787043,0.15242562438847196,-0.6671766168814977,0.2999999999999998,0.75,0.07116778868488272,0.5,0.23699999999999993
2022-11-08,120.37442016601562,9884100.0,0.0,0.033229651237225974,25.540000915527344,3.83,4.77,0.5,0.233,120.0,0.0006088869849059098,0.26953318125962317,0.2751451994636184,0.24961322526793728,0.1522380054155739,-0.6623311459122938,0.16999999999999993,0.75,0.071324689397265,0.5,0.23599999999999996
2022-11-09,118.80850219726562,9494000.0,0.0,0.03366762416850046,26.09000015258789,3.83,4.75,0.5,0.2319999999999999,120.0,-0.013008726991916908,0.27441198836667025,0.2767847005291498,0.24971328354709776,0.15083829396883125,-0.6656736983486425,0.08999999999999986,0.75,0.07147106596922548,0.5,0.23499999999999996
2022-11-10,123.69857025146484,16351600.0,0.0,0.03233667124744016,23.530000686645508,3.83,4.59,0.5,0.231,125.0,0.04115924335179244,0.26841429818694496,0.2879793970396016,0.2570058632813165,0.22257490659708923,-0.6964871572536584,0.009999999999999787,0.75,0.0716174203244091,0.5,0.23399999999999996
2022-11-11,123.90001678466797,10704700.0,0.0,0.03228409570720075,22.520000457763672,3.83,4.6,0.5,0.23,125.0,0.0016285275795315801,0.2685522881307209,0.2879564460885154,0.25700619122712387,0.5273541079022499,-0.6919032738164164,0.009999999999999787,0.75,0.07176375246787292,0.5,0.23299999999999993
2022-11-12,123.47572580973308,10831666.666666666,0.0,0.032395798956671794,22.923333485921223,3.83,4.609999999999999,0.5,0.22899999999999998,125.0,-0.003424462610624901,0.23392865311279978,0.2774705354839472,0.25712390300211546,0.16971559437735553,-0.6632835437017628,0.009999999999998899,0.75,0.0719101343285653,0.5,0.23199999999999996
2022-11-13,123.05143483479817,10958633.333333334,0.0,0.03250750220614283,23.326666514078777,3.83,4.62,0.5,0.22799999999999992,125.0,-0.0034362298512722322,0.2340132933207253,0.27756486761470645,0.2572398595785245,0.15704441051452572,-0.6773795199591143,0.009999999999999787,0.75,0.07205648979050494,0.5,0.23099999999999996
2022-11-14,122.62714385986328,11085600.0,0.0,0.03261920545561388,23.729999542236328,3.83,4.63,0.5,0.2269999999999999,125.0,-0.003448078240652075,0.2345276802931493,0.27662156075756417,0.2569587896724944,0.15679020565052562,-0.6833260442516926,0.03000000000000025,0.75,0.07220325535573524,0.5,0.22999999999999998
2022-11-15,121.7388687133789,14038300.0,0.0,0.03285721349536745,24.540000915527344,3.83,4.6,0.5,0.226,120.0,-0.007243707376072384,0.2362035301554557,0.2766995640720288,0.2568438926746532,0.1568254721163195,-0.6861654988140028,0.05999999999999961,0.75,0.07235000297720195,0.5,0.22899999999999995
2022-11-16,121.90371704101562,7893400.0,0.0,0.03281278124320166,24.110000610351562,3.83,4.62,0.5,0.225,120.0,0.001354114173878429,0.2350325475250425,0.27670061949749497,0.25641430231961443,0.17608041405463773,-0.6847316111435369,0.1200000000000001,0.75,0.07249622418802049,0.5,0.22799999999999995
2022-11-17,121.37256622314453,8820200.0,0.0,0.03295637658880809,23.93000030517578,3.83,4.68,0.5,0.2239999999999999,120.0,-0.004357133898487908,0.22790251184042581,0.2770246881689623,0.2527491505501655,0.1521703880971181,-0.6827896609798877,0.1299999999999999,0.75,0.07264242321740455,0.5,0.22699999999999995
2022-11-18,122.56302642822266,9468500.0,0.0,0.03263626981618755,23.1200008392334,3.83,4.74,0.5,0.223,125.0,0.009808313708136174,0.21734496931789146,0.2774625902382174,0.2528695149592434,0.16025060478755188,-0.6838389102756225,0.15333333333333332,0.75,0.07278860007040122,0.5,0.22599999999999998
2022-11-19,122.32188161214192,8912500.0,0.0,0.032700863493451984,22.86666742960612,3.83,4.743333333333333,0.5,0.222,123.33333333333333,-0.001967516820596482,0.216967900253277,0.2737586785480555,0.25265747135954275,0.19409235504969974,-0.6717430104913062,0.1200000000000001,0.75,0.07293477837757312,0.5,0.22499999999999995
2022-11-20,122.0807367960612,8356500.0,0.0,0.032765457170716425,22.61333401997884,3.83,4.746666666666667,0.5,0.221,121.66666666666667,-0.001971395574549284,0.166813086166179,0.2658242037376073,0.2524413173117492,0.15370582686576176,-0.663975684622922,0.08666666666666689,0.75,0.0730803595025229,0.5,0.22399999999999995
2022-11-21,121.83959197998047,7800500.0,0.0,0.03283005084798086,22.360000610351562,3.83,4.75,0.5,0.22,120.0,-0.001975289651827472,0.16726463404126762,0.26433410870925245,0.2517675594853134,0.15268960484289337,-0.6777612654432267,0.0,0.75,0.07322641984533695,0.5,0.223
2022-11-22,123.66192626953125,9185700.0,0.0,0.0323462533753653,21.290000915527344,3.83,4.79,0.5,0.2189999999999999,125.0,0.014956831846992813,0.1706601678616057,0.26138916310652377,0.252729312426105,0.15267473435683881,-0.675650431962196,0.03000000000000025,0.75,0.07337303310778798,0.5,0.22199999999999998
2022-11-23,124.98062896728516,7316200.0,0.0,0.032004959752979296,20.350000381469727,3.83,4.75,0.5,0.218,125.0,0.010663772897081314,0.17171782127678387,0.26076449531304013,0.2505142023197521,0.23920542705092135,-0.6732097455531058,-0.03000000000000025,0.0,0.07351909922036759,0.5,0.22099999999999995
2022-11-24,125.09965896606445,5268350.0,0.0,0.03197453657612111,20.425000190734863,3.83,4.755,0.5,0.217,125.0,0.0009523875800820925,0.17187106169601377,0.2597928160787987,0.24344445232751674,0.20267657561432584,-0.6702410186298422,-0.004999999999999893,0.0,0.073665145932027,0.5,0.22
2022-11-25,125.21868896484375,3220500.0,0.0,0.03194411339926291,20.5,3.83,4.76,0.5,0.216,125.0,0.0009514814010131989,0.17039055809601025,0.2587889015585022,0.24340368018268477,0.15243349428561562,-0.6671207314825455,-0.013333333333333641,0.0,0.07380980693971617,0.5,0.219
2022-11-26,124.4891586303711,5449300.0,0.0,0.032133532087199775,21.06999969482422,3.83,4.76,0.5,0.215,125.0,-0.005826049933149169,0.17238400439618393,0.2582124701180931,0.24371727898499404,0.1511196608329178,-0.667036527625014,-0.026666666666666394,0.0,0.07395604861280147,0.5,0.21799999999999997
2022-11-27,123.75962829589844,7678100.0,0.0,0.03232295077513663,21.639999389648438,3.83,4.76,0.5,0.214,125.0,-0.005860191702626527,0.17206659975949173,0.25693889352941096,0.244030306940013,0.1674340827043777,-0.6733693827117913,-0.040000000000000036,0.0,0.07410221137121575,0.5,0.21699999999999994
2022-11-28,123.03009796142578,9906900.0,0.0,0.032512369463073496,22.209999084472656,3.83,4.76,0.5,0.213,125.0,-0.005894735985538135,0.17354075536814764,0.2540455780257105,0.24436813525815557,0.16796817425746843,-0.6650479942930354,-0.009999999999999787,0.0,0.07424865098800537,0.5,0.21599999999999997
2022-11-29,125.05387115478516,7925300.0,0.0,0.031986214925318134,21.889999389648438,3.83,4.78,0.5,0.212,125.0,0.016449415442991056,0.17810057855352165,0.25184484608694957,0.24518482791697385,0.16817097163758332,-0.6750505636745114,0.03000000000000025,0.0,0.07439509280556944,0.5,0.215
2022-11-30,126.53736114501953,14761200.0,0.0,0.031611217144126756,20.579999923706055,3.83,4.74,0.5,0.211,125.0,0.011862807416798793,0.17973414292619053,0.2520122501878066,0.24559414517117517,0.25397387156507856,-0.6715396437508258,0.15000000000000036,0.0,0.07454100403946984,0.5,0.214
2022-12-01,124.76082611083984,8858500.0,0.0,0.03206134589431402,19.84000015258789,3.83,4.66,0.5,0.21,125.0,-0.014039608682400728,0.18082581028347433,0.25464416418491237,0.24663745545257787,0.21307395301505777,-0.6454591856229498,0.0600000000000005,0.0,0.07468689316242227,0.5,0.21300000000000002
2022-12-02,123.7718276977539,8931900.0,0.0,0.03231753198125059,19.059999465942383,3.83,4.69,0.5,0.2119354838709677,125.0,-0.007927155052719015,0.18016243268831067,0.25555934594441093,0.2471904452147342,0.2334588506273077,-0.6281887246409127,0.08000000000000096,0.0,0.07483276017945184,0.5,0.21241935483870966
2022-12-03,122.6149419148763,9339433.333333334,0.0,0.03262831610062616,19.623332977294922,3.83,4.716666666666667,0.5,0.21387096774193542,123.33333333333333,-0.009346923321700285,0.18320924494610843,0.24164403212000057,0.24790740341301895,0.18252420918307172,-0.6270227881147318,0.09666666666666668,0.0,0.07497914985171938,0.5,0.21225806451612902
2022-12-04,121.4580561319987,9746966.666666666,0.0,0.03293910022000172,20.18666648864746,3.83,4.743333333333333,0.5,0.21580645161290318,121.66666666666667,-0.00943511259566343,0.16945436303521758,0.2409151748356229,0.24862237643748916,0.19166005001675018,-0.6469298822309675,0.11333333333333329,0.0,0.075125339068975,0.5,0.21251612903225806
2022-12-05,120.3011703491211,10154500.0,0.0,0.033249884339377284,20.75,3.83,4.77,0.5,0.2177419354838709,120.0,-0.009524981872098492,0.17188384194096165,0.2373255298481129,0.24933536778817264,0.1925436848885636,-0.6332275265357739,0.16999999999999993,0.0,0.07527097068727318,0.5,0.21319354838709675
2022-12-06,120.50261688232422,13966700.0,0.0,0.03319429987073364,22.170000076293945,3.83,4.73,0.5,0.2196774193548387,120.0,0.0016745184823931947,0.1718771879210536,0.23228716815570613,0.2476483809845114,0.1932650499687036,-0.5990824456996023,0.11000000000000032,0.0,0.07541675849743057,0.5,0.21429032258064515
2022-12-07,120.42019653320312,11739400.0,0.0,0.033217019363500966,22.68000030517578,3.83,4.67,0.5,0.2216129032258064,120.0,-0.0006839714460440405,0.171820450157544,0.23203952979539283,0.24497854847112857,0.15313148716651986,-0.5971403048140865,-0.009999999999999787,0.0,0.0755625149807535,0.5,0.21580645161290318
2022-12-08,121.68392944335938,8907300.0,0.0,0.03287204825072561,22.290000915527344,3.83,4.71,0.5,0.2235483870967742,120.0,0.010494360136738434,0.17444907247786276,0.23201321025069224,0.24539183649783597,0.15090916378241045,-0.5960292555836245,-0.03000000000000025,0.0,0.07570824938829057,0.5,0.21774193548387094
2022-12-09,121.02460479736328,7957800.0,0.0,0.03305113044324642,22.829999923706055,3.83,4.72,0.5,0.2254838709677419,120.0,-0.005418337894019021,0.1706870756690325,0.23235685829614527,0.24560852963597418,0.19938835234061955,-0.5976015481601367,-0.023333333333333428,0.0,0.07585396172505754,0.5,0.21967741935483867
2022-12-10,121.65035756429036,8252400.0,0.0,0.032882851169006175,23.553333282470703,3.83,4.7299999999999995,0.5,0.22741935483870962,121.66666666666667,0.005170459081232259,0.12347565612947485,0.22187250587229523,0.24565595007924867,0.1663969138273358,-0.559617133551806,-0.016666666666667496,0.0,0.07599981145759549,0.5,0.22161290322580643
2022-12-11,122.27611033121745,8547000.0,0.0,0.03271457189476593,24.27666664123535,3.83,4.74,0.5,0.22935483870967738,123.33333333333333,0.005143862948338684,0.12442791838900316,0.22054951664776984,0.2457024459507827,0.16419703044756565,-0.5569246084937168,-0.009999999999999787,0.0,0.07614545424724772,0.5,0.2235483870967742
2022-12-12,122.90186309814453,8841600.0,0.0,0.03254629262052569,25.0,3.83,4.75,0.5,0.2312903225806451,125.0,0.005117539028940854,0.12510236515018805,0.1945503861984858,0.2378401032779802,0.16401762924754923,-0.5000278525777484,-0.040000000000000036,0.0,0.07629098868926398,0.5,0.2254838709677419
2022-12-13,122.7828140258789,10025400.0,0.0,0.03257784920255143,22.549999237060547,3.83,4.64,0.5,0.2332258064516129,125.0,-0.0009686514855398176,0.12474256335128296,0.19281571041184,0.2377863700533777,0.16388557645778482,-0.4532923982039302,-0.11000000000000032,0.0,0.07643668594725339,0.5,0.22741935483870962
2022-12-14,122.16925811767578,9966100.0,0.0,0.03274146099951858,21.139999389648438,3.83,4.64,0.5,0.2351612903225806,120.0,-0.004997082963693944,0.12518962937318479,0.19219284522856814,0.2369793722447181,0.1514051263713563,-0.4269310101726552,-0.11500000000000021,0.0,0.07658228799197975,0.5,0.22935483870967738
2022-12-15,119.13818359375,12087800.0,0.0,0.033574458493001905,22.829999923706055,4.33,4.65,0.5,0.2370967741935484,120.0,-0.024810452077937528,0.14341176553136722,0.19913313075618747,0.24075170369752746,0.1631542590896071,-0.476426454768623,-0.10999999999999943,0.5,0.07672786799599551,0.5,0.2312903225806451
2022-12-16,118.39639282226562,21133700.0,0.0,0.033784813072850306,22.6200008392334,4.33,4.61,0.5,0.2390322580645161,120.0,-0.0062263058669235205,0.14414650633270662,0.19843305064462208,0.2410590148954864,0.3487598676404758,-0.47592033281085305,-0.14999999999999947,0.5,0.07687342596430535,0.5,0.23322580645161287
2022-12-17,118.63143920898438,17094866.666666668,0.0,0.033718138882295697,22.553333918253582,4.33,4.62,0.5,0.24096774193548384,120.0,0.001985249559685487,0.14402227010476712,0.19226139936405454,0.24104179112228288,0.17607821986681368,-0.46495220892629924,-0.13999999999999968,0.5,0.0770189856213126,0.5,0.23516129032258062
2022-12-18,118.86648559570312,13056033.333333334,0.0,0.03365146469174109,22.486666997273762,4.33,4.63,0.5,0.24290322580645157,120.0,0.001981316152665835,0.14081230625889307,0.18709704121033294,0.24102458581117223,0.1532484445956507,-0.4638829874327856,-0.1299999999999999,0.5,0.0771640973533132,0.5,0.23709677419354835
2022-12-19,119.10153198242188,9017200.0,0.0,0.03358479050118648,22.420000076293945,4.33,4.64,0.5,0.2448387096774193,120.0,0.001977398301470812,0.14104534777110864,0.18679878032719657,0.23837784411401855,0.15269152886033038,-0.4728506097597972,-0.14000000000000057,0.5,0.07731004899072813,0.5,0.23903225806451608
2022-12-20,119.67845916748047,8549900.0,0.0,0.033422890199499636,21.479999542236328,4.33,4.64,0.5,0.2467741935483871,120.0,0.004843994661158035,0.14196702339822015,0.15618584125640397,0.23272704597332322,0.15267113323037249,-0.5502985183673746,-0.10000000000000053,0.5,0.07745640461458891,0.5,0.24096774193548384
2022-12-21,121.02460479736328,8051700.0,0.0,0.03305113044324642,20.06999969482422,4.33,4.6,0.5,0.2487096774193548,120.0,0.011248019395027287,0.14597664259689835,0.15753324612093741,0.2321701278068047,0.16234094489843867,-0.5605908488024474,-0.0600000000000005,0.5,0.07760185258569452,0.5,0.2429032258064516
2022-12-22,119.6509780883789,8648200.0,0.0,0.03343056666904506,21.969999313354492,4.33,4.64,0.5,0.2506451612903225,120.0,-0.011349978884742429,0.14221224971192264,0.15966649308036684,0.23062183439756587,0.20581781478322267,-0.5765294967838114,-0.05000000000000071,0.5,0.07774727855104513,0.5,0.24483870967741933
2022-12-23,120.21874237060547,5091900.0,0.0,0.033272682121968655,20.8700008392334,4.33,4.66,0.5,0.2525806451612903,120.0,0.004745170422319367,0.13899339047853948,0.1598327091965364,0.2301230569276065,0.2086419162303846,-0.5767364080678858,-0.05666666666666664,0.5,0.0778926825156343,0.5,0.24677419354838706
2022-12-24,120.32405471801758,5171675.0,0.0,0.0332436368260611,21.065000534057617,4.33,4.6825,0.5,0.25451612903225806,120.0,0.0008760060647403645,0.13898284682625883,0.15980543260229818,0.22957551568250326,0.16327569715044574,-0.58271260653686,-0.06083333333333307,0.5,0.07803803591192082,0.5,0.24870967741935482
2022-12-25,120.42936706542969,5251450.0,0.0,0.03321459153015355,21.260000228881836,4.33,4.705,0.5,0.2564516129032258,120.0,0.0008752393497619693,0.13897231349476152,0.15836147798405373,0.22901124202774606,0.1513011556839525,-0.5733246741477734,-0.0649999999999995,0.5,0.07818338150833992,0.5,0.25064516129032255
2022-12-26,120.5346794128418,5331225.0,0.0,0.033185546234245994,21.454999923706055,4.33,4.7275,0.5,0.2583870967741935,120.0,0.0008744739757280406,0.1384266943886256,0.15824005560135598,0.22823514644021856,0.15102213358474764,-0.5747580300616256,-0.002500000000000391,0.5,0.07832872255105672,0.5,0.2525806451612903
2022-12-27,120.6399917602539,5411000.0,0.0,0.03315650093833844,21.649999618530273,4.33,4.75,0.5,0.2603225806451613,120.0,0.0008737099391238345,0.13777316297281286,0.1566030842495637,0.2263200767003146,0.151015201363096,-0.5619175250902749,0.08000000000000007,0.5,0.07847406228335196,0.5,0.25451612903225806
2022-12-28,121.29930877685547,8827700.0,0.0,0.03297628024705793,22.139999389648438,4.33,4.71,0.5,0.262258064516129,120.0,0.005465161319903045,0.13808147381239205,0.1568766443341929,0.22398042487823228,0.15101435474672315,-0.5534518595471053,0.0,0.5,0.07861935632258543,0.5,0.25645161290322577
2022-12-29,121.99529266357422,6585200.0,0.0,0.03278815036766033,21.440000534057617,4.33,4.71,0.5,0.2641935483870967,120.0,0.005737739923968421,0.13007037241640837,0.15716779615141546,0.22188033752680278,0.1653439946756563,-0.5557551699153737,-0.009999999999999787,0.5,0.07876462839098752,0.5,0.2583870967741935
2022-12-30,122.8011474609375,9292500.0,0.0,0.03257298553559837,21.670000076293945,4.33,4.73,0.5,0.2661290322580645,125.0,0.006605622067611838,0.12650645472149277,0.15756015889232902,0.22161626624841746,0.16707544332669802,-0.5501381392640156,8.881784197001252e-16,0.5,0.07890987849354048,0.5,0.2603225806451613
2022-12-31,123.03465843200684,9733075.0,0.0,0.032511514345386815,21.977499961853027,4.33,4.7275,0.5,0.26661290322580644,125.0,0.0019015373707611527,0.12042435121755525,0.15362947969972476,0.2212669591982138,0.17201606172889974,-0.5624374966335312,-0.012500000000000178,0.5,0.07905513918913987,0.5,0.26205069124423963
2023-01-01,123.26816940307617,10173650.0,0.0,0.03245004315517526,22.28499984741211,4.33,4.725,0.5,0.2670967741935484,125.0,0.001897928389002601,0.11846628059716069,0.1522103613404423,0.22091727161563587,0.15297936188714648,-0.5637503609494378,-0.025000000000000355,0.5,0.07901504112975077,0.5,0.2635714285714285
2023-01-02,123.50168037414551,10614225.0,0.0,0.032388571964963704,22.59249973297119,4.33,4.7225,0.5,0.26758064516129026,125.0,0.0018943330804708225,0.11527718957249485,0.15221239715935383,0.2085038268499699,0.15251997463648645,-0.5630206899092755,0.08250000000000046,0.5,0.07879112761749218,0.5,0.2648847926267281
2023-01-03,123.73519134521484,11054800.0,0.0,0.03232710077475215,22.899999618530273,4.33,4.72,0.5,0.2680645161290322,125.0,0.001890751367608301,0.1115975479981035,0.14225506455019135,0.20705391209367796,0.15250271547764108,-0.5626740791257612,0.08000000000000007,0.5,0.0783851271424818,0.5,0.2659907834101382
2023-01-04,124.88904571533203,11687600.0,0.0,0.032028429531902006,22.010000228881836,4.33,4.71,0.5,0.2670967741935484,125.0,0.009325191625541684,0.11000413956120739,0.14335781115040894,0.2037314533048944,0.1524953874915445,-0.5697666826219434,0.05999999999999961,0.0,0.0792096710824235,0.5,0.26668202764976956
2023-01-05,124.86135864257812,8381300.0,1.0,0.04004441449586296,22.459999084472656,4.33,4.78,0.5,0.2661290322580645,125.0,-0.00022169336466082434,0.11007750312190404,0.14335185630172056,0.20012537233663927,0.19023761382106563,-0.5691170038984616,0.16999999999999993,0.0,0.07995256402358408,0.5,0.2669585253456221
2023-01-06,127.25067138671875,10029100.0,0.0,0.03143401882606871,21.1299991607666,4.33,4.71,0.5,0.2651612903225806,125.0,0.019135725977323048,0.12132235958313947,0.14817135731986078,0.20167955897879503,0.1516329792694621,-0.5888604691214708,0.08999999999999986,0.0,0.07994049538709169,0.5,0.2668202764976958
2023-01-07,127.07538350423177,9513500.0,0.0,0.031477498888862844,21.40999921162923,4.33,4.703333333333333,0.5,0.26419354838709674,125.0,-0.0013775006495193587,0.11885216835736886,0.14824605231496402,0.2015491003836905,0.2810078857633514,-0.5990576542916984,0.07333333333333325,0.0,0.07992844189627601,0.5,0.26647465437788015
2023-01-08,126.9000956217448,8997900.0,0.0,0.031520978951656974,21.689999262491863,4.33,4.696666666666667,0.5,0.26322580645161286,125.0,-0.0013794007749827752,0.11738547380759232,0.14543933626655534,0.2014173402246105,0.1556855189884194,-0.5954017409968221,0.05666666666666753,0.0,0.07991639082959279,0.5,0.2659216589861751
2023-01-09,126.72480773925781,8482300.0,0.0,0.03156445901445111,21.969999313354492,4.33,4.69,0.5,0.262258064516129,125.0,-0.0013813061497562895,0.11718381270612543,0.1203305614288543,0.19399575642388278,0.1517112652925384,-0.49968523685841293,0.05000000000000071,0.0,0.0799044749299398,0.5,0.2651612903225806
2023-01-10,127.8594741821289,9048700.0,0.0,0.031284345767777964,20.579999923706055,4.33,4.74,0.5,0.2612903225806451,130.0,0.008953783107769508,0.11874364211591007,0.1215675168305959,0.19304211541299193,0.15162402200743166,-0.5172934932359282,0.14000000000000057,0.0,0.07989256383560184,0.5,0.26419354838709674
2023-01-11,128.80967712402344,8703700.0,0.0,0.0310535674749703,21.09000015258789,4.33,4.73,0.5,0.2603225806451613,130.0,0.00743161934594716,0.11953660334399105,0.12208879334586001,0.1730330935620285,0.18744464821819237,-0.499523221268634,0.09000000000000075,0.0,0.07988051334775848,0.5,0.26322580645161286
2023-01-12,128.68051147460938,11001700.0,0.0,0.03108473811738976,18.829999923706055,4.33,4.66,0.5,0.2593548387096774,130.0,-0.0010027635523819356,0.11954293433514977,0.12183701281942831,0.17157972808079863,0.17761737341252234,-0.45783341526325033,0.0,0.0,0.07986846649460477,0.5,0.26225806451612904
2023-01-13,131.92774963378906,20200000.0,0.0,0.03031962578838325,18.350000381469727,4.33,4.69,0.5,0.2583870967741936,130.0,0.025234886945723956,0.13563380615229118,0.13117957351916024,0.17459888689849654,0.1517854189415663,-0.4433285285112949,0.007500000000000284,0.0,0.0798564232744976,0.5,0.26129032258064516
2023-01-14,131.41806030273438,18723225.0,0.0,0.03043860114966004,18.602500438690186,4.33,4.6850000000000005,0.5,0.2574193548387097,130.0,-0.0038633974464773457,0.10938458749248507,0.13042287909122297,0.1739433231087648,0.34637065352710283,-0.4351137651378974,-0.019999999999999574,0.0,0.07984452082310445,0.5,0.2603225806451613
2023-01-15,130.9083709716797,17246450.0,0.0,0.030557576510936834,18.855000495910645,4.33,4.68,0.5,0.2564516129032258,130.0,-0.0038783811744029784,0.10780306754455012,0.1308507345622505,0.17326487910296604,0.1649341380272366,-0.43786083560947014,-0.04750000000000032,0.0,0.07983061827154869,0.5,0.2593548387096774
2023-01-16,130.398681640625,15769675.0,0.0,0.030676551872213624,19.107500553131104,4.33,4.675,0.5,0.2554838709677419,130.0,-0.0038934815800660827,0.10978154654113831,0.13076977724221803,0.16910969544775672,0.15858522814136056,-0.4430527354925141,-0.07500000000000018,0.0,0.07981600155046364,0.5,0.2583870967741935
2023-01-17,129.8889923095703,14292900.0,0.0,0.030795527233490418,19.360000610351562,4.33,4.67,0.5,0.254516129032258,130.0,-0.003908700031641232,0.11164305522902009,0.12994498852760375,0.16535628175187353,0.1584988394896255,-0.43643148818514343,-0.040000000000000036,0.0,0.07980193855547957,0.5,0.2574193548387097
2023-01-18,125.9867935180664,13392600.0,0.0,0.03174935950271965,20.34000015258789,4.33,4.63,0.5,0.2535483870967742,125.0,-0.030042567288563027,0.14791356371134023,0.14498653380169277,0.1739562329659433,0.1585559122711846,-0.45780040010492884,-0.08000000000000007,0.0,0.07978992480144198,0.5,0.25645161290322577
2023-01-19,124.30781555175781,13303400.0,0.0,0.03217818591892581,20.520000457763672,4.33,4.65,0.5,0.2525806451612903,125.0,-0.01332661876236918,0.15406905505266152,0.14768895534041857,0.15461953524508049,0.4104536121053033,-0.4569504588883655,-0.08000000000000007,0.0,0.07977790433886489,0.5,0.25548387096774194
2023-01-20,124.6122817993164,13092500.0,0.0,0.03209956468369511,19.850000381469727,4.33,4.68,0.5,0.2516129032258064,125.0,0.0024492928799946245,0.15123535635115315,0.14767569616342174,0.15462889956806583,0.23266339877896758,-0.459016812817845,-0.04750000000000032,0.0,0.07976588749754066,0.5,0.25451612903225806
2023-01-21,125.28571319580078,12224033.333333334,0.0,0.03192885936160328,19.836666742960613,4.33,4.6866666666666665,0.5,0.2506451612903225,125.0,0.00540421366787025,0.1470581754143231,0.14496453446656032,0.1547823805502674,0.1559582461009648,-0.44018386411444876,-0.03833333333333311,0.0,0.07975404740997294,0.5,0.25354838709677413
2023-01-22,125.95914459228516,11355566.666666666,0.0,0.031758154039511446,19.823333104451496,4.33,4.693333333333333,0.5,0.24967741935483864,125.0,0.00537516512702374,0.1471878649370051,0.14375212275237628,0.15492851625960988,0.16513514605505883,-0.42686898588104744,-0.029166666666666785,0.0,0.07974220982572588,0.5,0.2525806451612903
2023-01-23,126.63257598876953,10487100.0,0.0,0.031587448717419614,19.809999465942383,4.33,4.7,0.5,0.2487096774193548,125.0,0.005346427197995052,0.14757538494008535,0.14413886419821734,0.1550606463411067,0.16518712855801596,-0.42595242655543086,-0.019999999999999574,0.0,0.07973030532037573,0.5,0.2516129032258064
2023-01-24,127.72112274169922,6945000.0,0.0,0.03131823393135624,19.200000762939453,4.33,4.7,0.5,0.2477419354838709,130.0,0.008596103683670142,0.1488753800916506,0.14514735485114563,0.15460562686158286,0.16504331683619922,-0.4322437720609362,-0.009999999999999787,0.0,0.07971840545912356,0.5,0.25064516129032255
2023-01-25,128.33920288085938,8967000.0,0.0,0.03116740567348937,19.079999923706055,4.33,4.67,0.5,0.2467741935483871,130.0,0.00483929459663579,0.14906573889510813,0.14485615676519253,0.15465569991816822,0.1850946392639417,-0.42753758039323514,-0.11000000000000032,0.0,0.0797064066146198,0.5,0.24967741935483864
2023-01-26,129.13258361816406,7487600.0,0.0,0.030975915511980444,18.729999542236328,4.33,4.68,0.5,0.2458064516129032,130.0,0.00618190482327674,0.14947793591889158,0.14469089119209635,0.1538567728529637,0.1630709652177686,-0.424467366704642,-0.03000000000000025,0.0,0.07969441138159361,0.5,0.24870967741935476
2023-01-27,129.4462127685547,7489900.0,0.0,0.030900865420851364,18.510000228881836,4.33,4.68,0.5,0.2448387096774193,130.0,0.0024287375161484714,0.14917506850849574,0.1440690607723035,0.15383981849783013,0.1694680129071598,-0.41940597774449684,-0.023333333333333428,0.0,0.07968241975841428,0.5,0.24774193548387094
2023-01-28,129.08029174804688,7236366.666666667,0.0,0.030988963689550227,18.986666997273762,4.33,4.6899999999999995,0.5,0.24387096774193542,130.0,-0.0028268190523431658,0.14946324128167812,0.14059025233046382,0.15396447586636125,0.15407679105368818,-0.4234472874423562,-0.006666666666667709,0.0,0.07967048024320178,0.5,0.24677419354838706
2023-01-29,128.71437072753906,6982833.333333333,0.0,0.03107706195824909,19.46333376566569,4.33,4.7,0.5,0.24290322580645157,130.0,-0.0028348326111785616,0.149382234562459,0.13876888137328228,0.15408854133733324,0.1547963101177692,-0.40586168089453134,0.009999999999999787,0.0,0.0796583042118637,0.5,0.24580645161290318
2023-01-30,128.34844970703125,6729300.0,0.0,0.031165160226947954,19.940000534057617,4.33,4.71,0.5,0.2419354838709677,130.0,-0.0028428917333743753,0.14992303549152364,0.13565046635518221,0.15163140644637207,0.15483539180296507,-0.4464161521988476,-0.03000000000000025,0.0,0.07964611850909464,0.5,0.24483870967741933
2023-01-31,129.11412048339844,9188700.0,0.0,0.03098034502364381,19.399999618530273,4.33,4.68,0.5,0.2409677419354838,130.0,0.0059655631066437564,0.1504961319377848,0.13495076110125595,0.15085435596909838,0.15485950555251446,-0.47416342166129494,-0.05000000000000071,0.0,0.07963417650636218,0.5,0.24387096774193542
2023-02-01,128.77276611328125,8841800.0,0.0,0.031062468569489333,17.8700008392334,4.33,4.66,0.5,0.24,130.0,-0.0026438190403897943,0.15097930588151082,0.13349593078481098,0.1509846438820409,0.16808685369411155,-0.4409500063219162,0.0,0.0,0.0796222029570175,0.5,0.2429032258064516
2023-02-02,128.1731719970703,11822100.0,0.0,0.031207778801724817,18.729999542236328,4.58,4.64,0.5,0.2560714285714285,130.0,-0.0046562183473132235,0.15198455819706605,0.13226914677515014,0.144787987072637,0.1546132872147096,-0.439754065979765,-0.05000000000000071,0.25,0.07961023300774372,0.5,0.2443696510862409
2023-02-03,130.15655517578125,11501200.0,0.0,0.030732220859701242,18.329999923706055,4.58,4.79,0.5,0.2721428571428571,130.0,0.015474245880068294,0.15577221113348316,0.13370054265381323,0.14682611972061285,0.16162333679936397,-0.43350975350475923,0.10499999999999954,0.25,0.07959826665691727,0.5,0.24827024358130342
2023-02-04,130.41177368164062,10469533.333333334,0.0,0.03067231176216909,18.696666717529297,4.58,4.81,0.5,0.28821428571428565,130.0,0.001960857872388422,0.15570592272309894,0.13370512000518475,0.14682981712616128,0.24432151738849409,-0.4450003315853258,0.1299999999999999,0.25,0.07958632688198852,0.5,0.2546050032916392
2023-02-05,130.6669921875,9437866.666666666,0.0,0.03061240266463694,19.06333351135254,4.58,4.83,0.5,0.3042857142857142,130.0,0.0019570204334649066,0.14662899939333798,0.13364578175689507,0.14683347842054953,0.1552769011645825,-0.4425097391167913,0.15500000000000025,0.25,0.0795743759973433,0.5,0.26337393021724814
2023-02-06,130.92221069335938,8406200.0,0.0,0.030552493567104787,19.43000030517578,4.58,4.85,0.5,0.3203571428571428,130.0,0.001953197985097521,0.14650024847952342,0.13230842209717505,0.14684264738538802,0.15268837485481046,-0.438234341295427,0.17999999999999972,0.25,0.07956256227220404,0.5,0.2745770243581303
2023-02-07,132.51815795898438,10447900.0,0.0,0.03018454271933087,18.65999984741211,4.58,4.88,0.5,0.3364285714285714,135.0,0.012190042141611679,0.14978489587039293,0.1334230696428417,0.14608125596657343,0.15262240452099662,-0.44260762726646463,0.25,0.25,0.07955076678659023,0.5,0.28821428571428565
2023-02-08,131.58641052246094,6958000.0,0.0,0.030398275810686593,19.6299991607666,4.58,4.87,0.5,0.3525,130.0,-0.007031092575342179,0.1516067130160129,0.13434247747813952,0.13087858909007596,0.21375426580617427,-0.46577344857498926,0.21999999999999975,0.25,0.07953881835088539,0.5,0.3042857142857142
2023-02-09,129.53848266601562,6443100.0,0.0,0.03087885482118125,20.709999084472656,4.57,4.88,0.5,0.3685714285714286,130.0,-0.0155633689551532,0.15745907371038922,0.13852148782768514,0.13370219857470503,0.17605412891064978,-0.5003799587122142,0.20000000000000018,0.2400000000000002,0.07952687350392429,0.5,0.32035714285714284
2023-02-10,130.11041259765625,6582900.0,0.0,0.030743119786802168,20.530000686645508,4.58,4.89,0.5,0.3846428571428572,130.0,0.004415135331754749,0.15654292373523765,0.13843957146417796,0.13369382299437493,0.24780307321140183,-0.5132093687449787,0.20333333333333314,0.25,0.0795149322440909,0.5,0.33642857142857135
2023-02-11,130.58088175455728,6766800.0,0.0,0.03063314799931408,20.46666717529297,4.58,4.8966666666666665,0.5,0.4007142857142857,130.0,0.0036159224116509847,0.15677096633496038,0.13848646568115108,0.1336135883411817,0.16305812321623436,-0.5667346385844012,0.20333333333333314,0.25,0.07950307224516551,0.5,0.3525
2023-02-12,131.05135091145834,6950700.0,0.0,0.030523176211825986,20.40333366394043,4.58,4.903333333333333,0.5,0.41678571428571426,130.0,0.0036028946242327997,0.13907489977224788,0.13800665275514082,0.1335197457675683,0.15751475251062785,-0.6081613668293886,0.20333333333333314,0.25,0.07949110098923962,0.5,0.3685714285714286
2023-02-13,131.52182006835938,7134600.0,0.0,0.030413204424337897,20.34000015258789,4.58,4.91,0.5,0.4328571428571428,130.0,0.0035899603752951315,0.13905359342448173,0.12672516850736704,0.13291030580488494,0.15734214561159368,-0.5575523068385884,0.20999999999999996,0.25,0.07947936504156772,0.5,0.3846428571428571
2023-02-14,132.10305786132812,9249400.0,0.0,0.030279389930541196,18.90999984741211,4.58,4.99,0.5,0.4489285714285714,130.0,0.004419325954177378,0.1391040077288129,0.12576804832132943,0.13304082941420992,0.15729222221497,-0.5591387620974013,0.3200000000000003,0.25,0.07946785049796068,0.5,0.4007142857142857
2023-02-15,132.6565399169922,6728300.0,0.0,0.03015305542043339,18.229999542236328,4.58,4.96,0.5,0.465,135.0,0.004189774745752439,0.1389536968683009,0.12586042273125223,0.1328527596988091,0.16054495390189558,-0.5595711122583046,0.28000000000000025,0.25,0.07945623631206056,0.5,0.4167857142857142
2023-02-16,130.82997131347656,8165300.0,0.0,0.03057403406758958,20.170000076293945,4.58,4.99,0.5,0.4810714285714286,130.0,-0.013769156082757528,0.14462213220026746,0.12992063768594864,0.13430934952083542,0.15965659634819626,-0.5938968970372102,0.3100000000000005,0.25,0.07944431638752225,0.5,0.4328571428571429
2023-02-17,131.21742248535156,7948800.0,0.0,0.030483756838361457,20.020000457763672,4.58,5.0,0.5,0.4971428571428571,130.0,0.002961486332108354,0.11154435668036791,0.12994838275410728,0.13428246789152373,0.22990277130420542,-0.5940463863336332,0.3100000000000005,0.25,0.07943240003887153,0.5,0.4489285714285714
2023-02-18,130.61548614501953,8460675.0,0.0,0.030626209497513667,20.732500553131104,4.58,5.0175,0.5,0.5132142857142857,130.0,-0.0045873202577136896,0.10407411050074246,0.13038742181752966,0.13450646684273995,0.15724746863127737,-0.5985506822426377,0.3174999999999999,0.25,0.07942068016245041,0.5,0.46499999999999997
2023-02-19,130.0135498046875,8972550.0,0.0,0.030768662156665877,21.445000648498535,4.58,5.035,0.5,0.5292857142857144,130.0,-0.004608460743037113,0.10560756153626966,0.1293701455813259,0.13473064279273786,0.16136916255808603,-0.5897317473708336,0.3250000000000002,0.25,0.07940902458541044,0.5,0.48107142857142854
2023-02-20,129.41161346435547,9484425.0,0.0,0.03091111481581809,22.157500743865967,4.58,5.0525,0.5,0.5453571428571429,130.0,-0.004629796980670786,0.10632533439999475,0.12727809212084298,0.13287934096552081,0.1615549507196616,-0.5707303756815212,0.3725000000000005,0.25,0.07939736360918359,0.5,0.4971428571428572
2023-02-21,128.80967712402344,9996300.0,0.0,0.0310535674749703,22.8700008392334,4.58,5.07,0.5,0.5614285714285715,130.0,-0.004651331702141492,0.10678608886670739,0.12765364583939184,0.13204624330637255,0.1616552832073669,-0.5768672702528156,0.41000000000000014,0.25,0.07938551448468334,0.5,0.5132142857142857
2023-02-22,127.82259368896484,11107500.0,0.0,0.03129337220095329,22.290000915527344,4.58,5.07,0.5,0.5775,130.0,-0.007663115513504404,0.10858241696614138,0.12893372941511358,0.13272250661816296,0.16175499720262562,-0.552236129387725,0.4300000000000006,0.0,0.07937361587864711,0.5,0.5292857142857144
2023-02-23,128.84657287597656,8068000.0,0.0,0.03104467515678719,21.139999389648438,4.58,5.03,0.5,0.5935714285714286,130.0,0.008010940456296911,0.1082117618043537,0.1297220979013232,0.13334875834681795,0.1789684298582791,-0.5599945755979121,0.2400000000000002,0.0,0.07936172083889392,0.5,0.5453571428571429
2023-02-24,130.00894165039062,9126900.0,0.0,0.03076711454783219,21.670000076293945,4.58,5.05,0.5,0.6096428571428572,130.0,0.009021340253519305,0.1103722616246773,0.1307149714882885,0.1337162769681768,0.1812835041579447,-0.5418422684675341,0.2400000000000002,0.0,0.07934982936382062,0.5,0.5614285714285715
2023-02-25,130.38717142740884,9422833.333333334,0.0,0.030678379480884355,21.43000030517578,4.576666666666667,5.043333333333333,0.5,0.6257142857142857,130.0,0.0029092597187301283,0.10930073162553039,0.13075553813066768,0.13334064063659629,0.1885304318459572,-0.5423822381658768,0.21333333333333293,-0.0033333333333329662,0.0793379917335979,0.5,0.5775
2023-02-26,130.7654012044271,9718766.666666666,0.0,0.03058964441393652,21.190000534057617,4.573333333333333,5.036666666666667,0.5,0.6417857142857143,130.0,0.0029008204785607727,0.10938795334887416,0.13051342514478076,0.1329404292206037,0.15585971114467775,-0.5520373576384022,0.18666666666666742,-0.006666666666666821,0.07932377160173654,0.5,0.5935714285714286
2023-02-27,131.1436309814453,10014700.0,0.0,0.030500909346988684,20.950000762939453,4.57,5.03,0.5,0.6578571428571428,130.0,0.0028924300582149343,0.10920398984656753,0.13022791836396727,0.13034144250907792,0.15502667161275124,-0.5492634436288304,0.15000000000000036,-0.009999999999999787,0.07930982921910856,0.5,0.6096428571428572
2023-02-28,132.2414093017578,11019800.0,0.0,0.03024771152334377,20.700000762939453,4.57,5.02,0.5,0.6739285714285714,130.0,0.008370809257735257,0.11099763988434246,0.1305860099217371,0.12962186286980568,0.15498355841783587,-0.5562778784451663,0.14999999999999947,-0.009999999999999787,0.07929827633322373,0.5,0.6257142857142857
2023-03-01,131.50338745117188,7139200.0,0.0,0.03041746739402609,20.579999923706055,4.58,5.06,0.5,0.69,130.0,-0.005580868008611906,0.112085159446664,0.1313244544933095,0.12766544808479655,0.18329464768418618,-0.5527704433005068,0.17999999999999972,0.009999999999999787,0.0792864032799665,0.5,0.6417857142857143
2023-03-02,130.13809204101562,11106800.0,0.0,0.030736580944642402,19.59000015258789,4.57,5.04,0.5,0.6812903225806451,130.0,-0.010382207155410272,0.1155633335629829,0.1334242351468245,0.12820114282261016,0.16683132594140024,-0.5079353284372353,0.15000000000000036,-0.009999999999999787,0.07927453378159832,0.5,0.6543169848584595
2023-03-03,132.5273895263672,9513100.0,0.0,0.03018244013026586,18.489999771118164,4.57,5.03,0.5,0.6725806451612903,135.0,0.018359708889834625,0.12628943002152201,0.1380423130723232,0.13043018261372785,0.19964535279495965,-0.5314017671845307,0.13333333333333375,-0.009999999999999787,0.07926266783652292,0.5,0.6633080974325214
2023-03-04,132.26909383138022,9429166.666666666,0.0,0.03024161163900678,18.53000005086263,4.57,5.036666666666667,0.5,0.6638709677419354,133.33333333333334,-0.0019489985874624471,0.1254809040683283,0.1381817900549515,0.12934348818571045,0.27369694265514194,-0.5335674576499816,0.13333333333333375,-0.009999999999999787,0.0792508283166884,0.5,0.6687590520079
2023-03-05,132.01079813639322,9345233.333333334,0.0,0.0303007831477477,18.570000330607098,4.57,5.043333333333333,0.5,0.6551612903225806,131.66666666666666,-0.0019528046008713273,0.11814525148006746,0.137259797993381,0.12821278014058432,0.1563518775441754,-0.5254141585467409,0.13333333333333286,-0.009999999999999787,0.07923695473340198,0.5,0.6706698485845951
2023-03-06,131.75250244140625,9261300.0,0.0,0.030359954656488622,18.610000610351562,4.57,5.05,0.5,0.6464516129032257,130.0,-0.001956625508165666,0.11826218572593612,0.13736784450803805,0.12830534745884997,0.15271208689344956,-0.5263054843918179,0.05999999999999961,-0.009999999999999787,0.07922317441528004,0.5,0.6690404871626069
2023-03-07,127.8779296875,11747600.0,0.0,0.031279830771228055,19.59000015258789,4.57,5.22,0.5,0.6377419354838709,130.0,-0.02940796328046502,0.14693663643135416,0.1460976784569766,0.13827761676251996,0.15263747744035616,-0.5183324254956337,0.2599999999999998,-0.009999999999999787,0.07921143521066787,0.5,0.6638709677419354
2023-03-08,127.12150573730469,10002500.0,0.0,0.03146595831130226,19.110000610351562,4.57,5.25,0.5,0.6290322580645161,125.0,-0.005915203288353266,0.14746727256079367,0.14658943945326672,0.13771433181415982,0.40280067100613415,-0.5078455132106114,0.2599999999999998,-0.009999999999999787,0.07919958759791368,0.5,0.6551612903225806
2023-03-09,120.23959350585938,11075250.0,0.0,0.033266912198976095,22.610000610351562,4.57,5.18,0.5,0.6203225806451613,120.0,-0.05413649084417482,0.2119003624612528,0.18575327765801328,0.16646762928735773,0.1769568659376957,-0.6666088369966366,0.17999999999999972,-0.009999999999999787,0.07918774352871183,0.5,0.6464516129032257
2023-03-10,123.29308319091797,12148000.0,0.0,0.03244302029340968,24.799999237060547,4.57,4.9,0.5,0.6116129032258065,125.0,0.025395043313330756,0.22681500092783574,0.19322408555139728,0.17150088363465468,0.7127885132099869,-0.5231945496707137,-0.11749999999999972,-0.009999999999999787,0.07917590300147292,0.5,0.6377419354838709
2023-03-11,122.55507914225261,13220750.0,0.0,0.03264076776636961,25.373332977294922,4.573333333333333,4.7,0.5,0.6029032258064516,123.33333333333333,-0.005985770081867181,0.22351335485101478,0.19255121911582226,0.17159713077642588,0.3633599109353858,-0.5180201209597471,-0.33499999999999996,-0.006666666666666821,0.07916428419606047,0.5,0.6290322580645161
2023-03-12,121.81707509358723,14293500.0,0.0,0.03283851523932954,25.946666717529297,4.576666666666667,4.5,0.5,0.5941935483870968,121.66666666666667,-0.006021815283630549,0.22302386742184627,0.19210328459788825,0.1716764013127624,0.17541792879547308,-0.5285676810373455,-0.5525000000000002,-0.0033333333333329662,0.07915254071795408,0.5,0.6203225806451613
2023-03-13,121.07907104492188,15366250.0,0.0,0.03303626271228947,26.520000457763672,4.58,4.3,0.5,0.5854838709677419,120.0,-0.006058297230485787,0.22259956744239562,0.1923926817455026,0.17196224480855515,0.16905012893340782,-0.5655921609455351,-0.7700000000000005,0.0,0.07914059881609337,0.5,0.6116129032258064
2023-03-14,124.18791961669922,16439000.0,0.0,0.03220925201376939,23.729999542236328,4.58,4.45,0.5,0.5767741935483871,125.0,0.025676184537490654,0.23630135434104596,0.19264233308364387,0.176967533012359,0.16911122226380748,-0.6100455947761445,-0.6200000000000001,0.0,0.07912878859090045,0.5,0.6029032258064516
2023-03-15,118.3207778930664,17511750.0,0.0,0.03380640383902006,26.139999389648438,4.58,4.19,0.5,0.5680645161290322,120.0,-0.047244061594247655,0.2714357343045099,0.21570059303843914,0.19018200883955683,0.3514050392611342,-0.6580831594560176,-0.8399999999999999,0.0,0.07911696571904647,0.5,0.5941935483870967
2023-03-16,120.6178207397461,18584500.0,0.0,0.0331625955059385,22.989999771118164,4.58,4.49,0.5,0.5593548387096774,120.0,0.019413689527596478,0.2785055894838146,0.21988352144191992,0.19260363522191812,0.625936025909384,-0.6691806854713245,-0.5599999999999996,0.0,0.07910514637964683,0.5,0.585483870967742
2023-03-17,116.06062316894531,19657250.0,0.0,0.03446474687782214,25.510000228881836,4.58,4.26,0.5,0.5506451612903226,115.0,-0.03778212492027799,0.2958473088576669,0.23266007676824155,0.20317691716390632,0.2980514152761668,-0.6998905637281905,-0.7833333333333332,0.0033333333333329662,0.07909333057111834,0.5,0.5767741935483871
2023-03-18,116.4696044921875,20730000.0,0.0,0.034344568429865815,25.05666669209798,4.58,4.286666666666666,0.5,0.5419354838709678,115.0,0.003523859445824673,0.2953320791298312,0.23288925434193553,0.2032408644959215,0.5064566002258087,-0.7006261083571156,-0.7500000000000009,0.006666666666666821,0.07908159169658613,0.5,0.5680645161290323
2023-03-19,116.87858581542969,21802750.0,0.0,0.03422438998190949,24.60333315531413,4.58,4.3133333333333335,0.5,0.5332258064516129,115.0,0.0035114854646014493,0.29544654700810735,0.225303091971434,0.20330390562774184,0.1727547413617403,-0.7014039215949135,-0.7166666666666668,0.009999999999999787,0.07906984276128304,0.5,0.5593548387096774
2023-03-20,117.28756713867188,22875500.0,0.0,0.03410421153395317,24.149999618530273,4.58,4.34,0.5,0.5245161290322581,115.0,0.003499198081400756,0.2961999759987548,0.2240649686682189,0.20322220545630387,0.15737746357290794,-0.7050771619446959,-0.6799999999999997,0.009999999999999787,0.0790585023990058,0.5,0.5506451612903226
2023-03-21,120.43331909179688,17807800.0,0.0,0.03321339999731398,21.3799991607666,4.58,4.68,0.5,0.5158064516129032,120.0,0.026820847510680368,0.30869841697072614,0.23093151748949273,0.20722112471725102,0.1569740270017555,-0.7261451450319762,-0.3799999999999999,0.0,0.07904717897495517,0.5,0.5419354838709677
2023-03-22,117.32447052001953,17250200.0,0.0,0.03409348435386687,22.260000228881836,4.58,4.56,0.5,0.5070967741935484,115.0,-0.02581385778637979,0.31616946788206773,0.23643743456685196,0.21094294176169257,0.3639369345199676,-0.7268562066411305,-0.4800000000000004,0.009999999999999787,0.07903538062611326,0.5,0.5332258064516129
2023-03-23,117.01081085205078,16677600.0,0.0,0.034184875490330766,22.610000610351562,4.83,4.38,0.5,0.4983870967741935,115.0,-0.0026734377455829295,0.31614577711646685,0.23607370531315933,0.2108147959871016,0.3636832367148125,-0.7276498567176957,-0.6500000000000004,0.2599999999999998,0.07902358579871982,0.5,0.5245161290322581
2023-03-24,115.23039245605469,22311100.0,0.0,0.03471306410351311,21.739999771118164,4.83,4.32,0.5,0.4896774193548387,115.0,-0.015215845296955188,0.317859568137406,0.23741583516068868,0.21229818553007837,0.16202916057671035,-0.7070744944426914,-0.7166666666666668,0.2599999999999998,0.07901179449119788,0.5,0.5158064516129032
2023-03-25,116.33124287923177,21158700.0,0.0,0.03439067363461027,21.359999974568684,4.83,4.383333333333334,0.5,0.48096774193548386,116.66666666666667,0.00955347282703145,0.3183681125123978,0.23759666568698873,0.2129447843308816,0.24410169968113263,-0.7057289176305154,-0.6599999999999993,0.2599999999999998,0.07900053618365899,0.5,0.5070967741935484
2023-03-26,117.43209330240886,20006300.0,0.0,0.03406828316570743,20.980000178019207,4.83,4.446666666666666,0.5,0.47225806451612906,118.33333333333333,0.0094630676672125,0.3185185814241869,0.23830879063973318,0.21356687987127945,0.19408109405989885,-0.7064193141380761,-0.6033333333333335,0.2599999999999998,0.07898920902546602,0.5,0.49838709677419357
2023-03-27,118.53294372558594,18853900.0,0.0,0.03374589269680459,20.600000381469727,4.83,4.51,0.5,0.4635483870967742,120.0,0.009374357487967,0.32016255727692655,0.2388306003428047,0.21416533649005415,0.19212596317380462,-0.7062568634097788,-0.71,0.2599999999999998,0.07897751381669482,0.5,0.4896774193548387
2023-03-28,118.89273071289062,10820500.0,0.0,0.03364377263450566,19.969999313354492,4.83,4.55,0.5,0.4548387096774193,120.0,0.003035333266822704,0.32018490168579833,0.23887550111206465,0.21402294863059318,0.19140907869937424,-0.7063939156909674,-0.7000000000000002,0.2599999999999998,0.07896589428045475,0.5,0.4809677419354839
2023-03-29,119.13258361816406,14595300.0,0.0,0.0335760367022723,19.1200008392334,4.83,4.59,0.5,0.4461290322580645,120.0,0.002017389152686233,0.32005128280114564,0.2389594758905506,0.2138212656589429,0.15631233516184606,-0.7059874170631752,-0.5899999999999999,0.2599999999999998,0.07895412036267868,0.5,0.472258064516129
2023-03-30,118.77281188964844,12134700.0,0.0,0.03367774102810996,19.020000457763672,4.83,4.63,0.5,0.4374193548387097,120.0,-0.003019927190270111,0.31818065960068637,0.23896476325721872,0.2135542948971639,0.1528346003090651,-0.706087020063828,-0.27000000000000046,0.2599999999999998,0.07894234995539162,0.5,0.46354838709677415
2023-03-31,120.2119140625,13105200.0,0.0,0.03327457208542856,18.700000762939453,4.83,4.64,0.5,0.4287096774193549,120.0,0.012116427572571364,0.3213016571599328,0.2405071695109063,0.2145319764009463,0.15534156955471382,-0.7053307223266764,-0.0600000000000005,0.2566666666666668,0.07893058305702505,0.5,0.4548387096774193
2023-04-01,120.16579691569011,12661933.333333334,0.0,0.03328735198711875,18.650000254313152,4.83,4.626666666666666,0.5,0.425584229390681,120.0,-0.00038363208147496053,0.32059805573509037,0.24006527244091713,0.2145010787992762,0.21315338945346923,-0.7042830406637254,0.12666666666666604,0.25333333333333297,0.08031399535582762,0.5,0.44692677931387614
2023-04-02,120.1196797688802,12218666.666666666,0.0,0.03330013188880893,18.599999745686848,4.83,4.613333333333333,0.5,0.42245878136200715,120.0,-0.00038377931153121825,0.31456357438304156,0.24005168547150782,0.21446951881021634,0.15236276765370663,-0.7171118115048083,0.31333333333333346,0.25,0.08187973878607235,0.5,0.43981259600614436
2023-04-03,120.07356262207031,11775400.0,0.0,0.03331291179049912,18.549999237060547,4.83,4.6,0.5,0.4193333333333333,120.0,-0.0003839266546382669,0.3146537291782344,0.23994482610909001,0.21443729902159153,0.1507251939512928,-0.7178895900966767,0.14999999999999947,0.25,0.08362946572784602,0.5,0.4334961597542243
2023-04-04,118.4683837890625,11579900.0,0.0,0.03376428268931358,19.0,4.83,4.5,0.5,0.419,120.0,-0.013368295217991433,0.31601382120494936,0.2387742102684342,0.21492561928060958,0.15068846965322685,-0.7199255547655997,0.3099999999999996,0.25,0.0855650238339214,0.5,0.42837634408602154
2023-04-05,118.64502716064453,9614700.0,1.0,0.04214251637559183,19.079999923706055,4.83,4.43,0.5,0.4186666666666667,120.0,0.001491059183322374,0.3163281206337773,0.23874655303479667,0.21495292631643184,0.2259512734468482,-0.7216205884997037,-0.0600000000000005,0.25,0.08687490350312022,0.5,0.42445314900153613
2023-04-06,118.5148696899414,8760200.0,0.0,0.033751039092940825,18.399999618530273,4.83,4.51,0.5,0.4183333333333333,120.0,-0.00109703266810246,0.3063293821317973,0.23863565105354692,0.2124000289745492,0.1538329996192608,-0.7220715888794507,0.25,0.25,0.08670586244062739,0.5,0.421726574500768
2023-04-07,118.61249160766602,8939475.0,0.0,0.0337233293140496,18.542499542236328,4.83,4.545,0.5,0.4179999999999999,120.0,0.0008237102903627669,0.306303946911556,0.23857460246302875,0.21241471785992186,0.1513068717559583,-0.7237878438586366,0.25833333333333375,0.25,0.08653690326959151,0.5,0.4201966205837174
2023-04-08,118.71011352539062,9118750.0,0.0,0.03369561953515837,18.684999465942383,4.83,4.58,0.5,0.41766666666666663,120.0,0.0008230323501465797,0.2612525267708727,0.23690894896652834,0.21242865743210543,0.15097691464748889,-0.7206042770772275,0.2666666666666666,0.25,0.08636802189122261,0.5,0.41906554019457243
2023-04-09,118.80773544311523,9298025.0,0.0,0.03366790975626714,18.827499389648438,4.83,4.615,0.5,0.41733333333333333,120.0,0.00082235552494625,0.24988696254876258,0.2367173178117896,0.21244184657331747,0.15096895746182343,-0.7200496996418299,0.27500000000000036,0.25,0.08619919594168524,0.5,0.41833333333333333
2023-04-10,118.90535736083984,9477300.0,0.0,0.03364019997737592,18.969999313354492,4.83,4.65,0.5,0.417,120.0,0.0008216798120130875,0.24953790283684132,0.2349633256246384,0.21183379343564826,0.1509682027229606,-0.7149205606659842,-0.02999999999999936,0.25,0.08603044250930059,0.5,0.418
2023-04-11,119.49109649658203,10516300.0,0.0,0.03347529746799518,19.100000381469727,4.83,4.67,0.5,0.4166666666666666,120.0,0.004926095415235698,0.2496378920661556,0.2350195566115407,0.2116013545705178,0.15096761029507325,-0.7128189477190205,0.11000000000000032,0.25,0.08586178296422275,0.5,0.4176666666666666
2023-04-12,119.47249603271484,11821000.0,0.0,0.03348050917848649,19.09000015258789,4.83,4.64,0.5,0.4163333333333333,120.0,-0.0001556640152492461,0.24910716952648115,0.23480204990127065,0.21160419222746682,0.16268912174320702,-0.7132617782791342,0.2599999999999998,0.0,0.08569319608920889,0.5,0.4173333333333333
2023-04-13,119.92807006835938,12450200.0,0.0,0.03335332585373872,17.799999237060547,4.83,4.66,0.5,0.416,120.0,0.0038132126704693015,0.23726350378145264,0.23482179819853505,0.20723434443484104,0.1509022013899331,-0.7122932195091535,0.33999999999999986,0.0,0.08552468473338326,0.5,0.417
2023-04-14,128.98382568359375,13350275.0,0.0,0.031011640248695033,17.06999969482422,4.83,4.77,0.5,0.4156666666666667,130.0,0.07550989197168412,0.2831684907188007,0.2797371042349396,0.2412113702338119,0.15796817040317418,-0.6385281298809289,0.3866666666666658,0.0,0.0853562488460129,0.5,0.41666666666666663
2023-04-15,129.3247273763021,14250350.0,0.0,0.030930321867283728,17.03000005086263,4.83,4.779999999999999,0.5,0.41533333333333333,130.0,0.002642980163610531,0.2788939607161419,0.27963265155212325,0.2411767660824921,0.9234328139610177,-0.6413302693002463,0.33333333333333304,0.0,0.08518754516917015,0.5,0.41633333333333333
2023-04-16,129.6656290690104,15150425.0,0.0,0.030849003485872422,16.990000406901043,4.83,4.79,0.5,0.41500000000000004,130.0,0.0026360132329246166,0.25060004472681974,0.27954337629906323,0.2411356994656443,0.20570806304604342,-0.6408664991749385,0.28000000000000025,0.0,0.08501878892038728,0.5,0.416
2023-04-17,130.00653076171875,16050500.0,0.0,0.030767685104461116,16.950000762939453,4.83,4.8,0.5,0.4146666666666667,130.0,0.002629082935516447,0.25061886164952746,0.2781853000399818,0.24108813959299585,0.15558656385766972,-0.6378293705517618,0.25,0.0,0.08485020672842225,0.5,0.4156666666666667
2023-04-18,131.46621704101562,13760100.0,0.0,0.030426067548228422,16.829999923706055,4.83,4.81,0.5,0.4143333333333333,130.0,0.011227791948177135,0.25155794680192634,0.2790783943548908,0.2361884249496982,0.15426269106311385,-0.6362149000662304,0.21999999999999975,0.0,0.08468208425795987,0.5,0.41533333333333333
2023-04-19,131.29888916015625,9158100.0,0.0,0.030464842662308173,16.459999084472656,4.83,4.84,0.5,0.414,130.0,-0.0012727823514323555,0.25200727076184887,0.2789259762655668,0.23503776496841944,0.20550867936046052,-0.6353021756395938,0.20999999999999996,0.0,0.08451402531583296,0.5,0.415
2023-04-20,130.91769409179688,10586200.0,0.0,0.030553547614391066,17.170000076293945,4.83,4.77,0.5,0.4136666666666667,130.0,-0.002903261945303992,0.24323691004800657,0.2788246678947924,0.23508992360667244,0.15288531031739966,-0.6343508949223274,0.1299999999999999,0.0,0.08434604153851333,0.5,0.4146666666666667
2023-04-21,130.66664123535156,11842500.0,0.0,0.030612250855942328,16.770000457763672,4.83,4.78,0.5,0.4133333333333333,130.0,-0.0019176388507826658,0.2278393577663485,0.2786821517174558,0.23498186220679937,0.15499235840028133,-0.6331240317318949,0.1533333333333342,0.0,0.08417813287558618,0.5,0.41433333333333333
2023-04-22,130.72552998860678,10417500.0,0.0,0.030598473175434602,16.81000010172526,4.83,4.773333333333333,0.5,0.4129999999999999,130.0,0.0004506793218106431,0.22727138632241284,0.2785011389388602,0.23483593027747215,0.15261109373036652,-0.6329117376752175,0.16000000000000014,0.0,0.08401030048573466,0.5,0.414
2023-04-23,130.78441874186197,8992500.0,0.0,0.030584695494926872,16.849999745686848,4.83,4.766666666666667,0.5,0.4126666666666666,130.0,0.0004504763014563373,0.22028528895473815,0.2780092803818268,0.2346883956337304,0.1507597310453401,-0.6385134928824435,0.16666666666666696,0.0,0.08384254297496119,0.5,0.41366666666666657
2023-04-24,130.8433074951172,7567500.0,0.0,0.030570917814419146,16.889999389648438,4.83,4.76,0.5,0.4123333333333333,130.0,0.00045027346393200496,0.21996005374945554,0.2775583186920241,0.23427797170340156,0.15071802086450953,-0.6374524707464178,0.2599999999999998,0.0,0.08367486312633243,0.5,0.4133333333333332
2023-04-25,127.9982681274414,10629300.0,0.0,0.03125042282616982,18.760000228881836,4.83,4.6,0.5,0.412,130.0,-0.02174386617200086,0.23165516258956237,0.2806383143916155,0.23707954165682013,0.15071699414336365,-0.6570413287682477,0.16999999999999993,0.0,0.08350725832201,0.5,0.413
2023-04-26,125.72969818115234,14416100.0,0.0,0.03181428141374179,18.84000015258789,4.83,4.64,0.5,0.4116666666666666,125.0,-0.017723442508068676,0.23839062255562177,0.28286174417720666,0.23870985829209165,0.3136567909933691,-0.653326902862677,0.1299999999999999,0.0,0.08333972447297877,0.5,0.4126666666666666
2023-04-27,127.42186737060547,9041100.0,0.0,0.03139178606106935,17.030000686645508,4.83,4.78,0.5,0.4113333333333333,125.0,0.013458786698231195,0.24066450675444642,0.2842265777714274,0.2397632678173845,0.27287540568559787,-0.6567088245888023,0.23500000000000032,0.0,0.08317226543679546,0.5,0.4123333333333333
2023-04-28,128.5282440185547,9887300.0,0.0,0.031121564217609237,15.779999732971191,4.83,4.8,0.5,0.411,130.0,0.008682784758846207,0.24136022339570143,0.28475818171805706,0.24017202150230546,0.22767137337495066,-0.6579835850186839,0.21999999999999975,0.0,0.08300488116335858,0.5,0.4119999999999999
2023-04-29,129.44558715820312,13396800.0,0.0,0.030904097017986562,15.879999796549479,4.83,4.82,0.5,0.4106666666666666,130.0,0.007137288357538019,0.24112084673466075,0.28460998273344557,0.2404216369359941,0.18719243708876954,-0.6559357329032176,0.20500000000000007,0.0,0.08283786841638685,0.5,0.4116666666666666
2023-04-30,130.36293029785156,16906300.0,0.0,0.030686629818363887,15.979999860127768,4.83,4.84,0.5,0.4103333333333333,130.0,0.007086708475641634,0.23990274306475282,0.28479670619064285,0.24065367735384466,0.17573120274796766,-0.6544637798839613,0.1899999999999995,0.0,0.08267081926163722,0.5,0.41133333333333333
2023-05-01,131.2802734375,20415800.0,0.0,0.030469162618741212,16.079999923706055,4.83,4.86,0.5,0.41,130.0,0.007036840438861658,0.24003364570453734,0.28434825321727814,0.24073257218825647,0.17514863694672034,-0.6662829951450709,0.1900000000000004,0.0,0.08250355350175487,0.5,0.411
2023-05-02,129.1604461669922,14113400.0,0.0,0.0309692333737248,17.780000686645508,4.83,4.74,0.5,0.4061290322580644,130.0,-0.016147340457186243,0.24629071815071113,0.2837787845619468,0.24226249756226081,0.1748236859370585,-0.6663910989076114,0.10000000000000053,0.0,0.0823364732385019,0.5,0.4101612903225806
2023-05-03,126.42704010009766,12930900.0,0.0,0.031638801294667895,18.34000015258789,4.83,4.7,0.5,0.402258064516129,125.0,-0.021162872597702997,0.2557125213310912,0.28700214130159585,0.24478417962472315,0.2537076268426213,-0.6672120457933527,0.040000000000000036,0.0,0.08216946195962826,0.5,0.4088172043010752
2023-05-04,124.69769287109375,17089200.0,0.0,0.032077578244651246,20.09000015258789,5.08,4.59,0.5,0.3983870967741935,125.0,-0.013678618336984805,0.25587633802942755,0.28823286899816414,0.2444113808976981,0.3086704067013549,-0.6696334953968157,-0.17999999999999972,0.25,0.08200252514385875,0.5,0.40696774193548385
2023-05-05,127.13362121582031,11261400.0,0.0,0.031462959693483866,17.190000534057617,5.08,4.73,0.5,0.3945161290322581,125.0,0.01953467051908242,0.2609277813418716,0.29120607749204397,0.24662355973031996,0.23241514349980688,-0.6743711252257912,-0.049999999999998934,0.25,0.08183566274140364,0.5,0.40461290322580645
2023-05-06,127.23589324951172,10002566.666666666,0.0,0.031437710401017914,17.12000020345052,5.08,4.75,0.5,0.39064516129032256,125.0,0.0008044452184508,0.26077054696837054,0.2847579948940287,0.24660150558142951,0.2863675282711002,-0.6704284382452093,-0.040000000000000036,0.25,0.08166887853858995,0.5,0.401752688172043
2023-05-07,127.33816528320312,8743733.333333334,0.0,0.031412461108551955,17.049999872843426,5.08,4.7700000000000005,0.5,0.3867741935483871,125.0,0.0008037986065052571,0.26077157660788963,0.2845015536022704,0.2465793712591914,0.15527257181385026,-0.6738518790572429,-0.02999999999999936,0.25,0.08150186123903724,0.5,0.39838709677419354
2023-05-08,127.44043731689453,7484900.0,0.0,0.031387211816086,16.979999542236328,5.08,4.79,0.5,0.3829032258064516,125.0,0.0008031530332164305,0.26077260456938517,0.2597545265959089,0.24569035515752766,0.1510500499096353,-0.6135873575595016,-0.019999999999999574,0.25,0.08133491456375141,0.5,0.3945161290322581
2023-05-09,126.82681274414062,7343600.0,0.0,0.031539072168198116,17.709999084472656,5.08,4.81,0.5,0.3790322580645162,125.0,-0.0048149911101454945,0.2615757873262843,0.25508768275705734,0.24554850800710398,0.1509538415237443,-0.7042423487635551,-0.03000000000000025,0.25,0.08116834951176655,0.5,0.39064516129032256
2023-05-10,126.89188385009766,8133400.0,0.0,0.03152289869638437,16.940000534057617,5.08,4.7,0.5,0.3751612903225806,125.0,0.0005130705767109056,0.26159120518916407,0.2547305504102666,0.24418732447539454,0.16227859505835507,-0.7011650033048152,-0.0699999999999994,0.25,0.08100185861483067,0.5,0.38677419354838705
2023-05-11,126.49210357666016,7057300.0,0.0,0.031622527311167783,16.93000030517578,5.08,4.7,0.5,0.3712903225806451,125.0,-0.003150558265095804,0.26190014422036906,0.2544788577393148,0.24410873002225303,0.1510162528976407,-0.7002208783004513,-0.08000000000000007,0.25,0.08083544183330327,0.5,0.3829032258064516
2023-05-12,124.67910766601562,9988600.0,0.0,0.032082359866698815,17.030000686645508,5.08,4.75,0.5,0.3674193548387097,125.0,-0.014332878174848074,0.266109956153827,0.2559917888958158,0.24515308170861527,0.15570966677436018,-0.6974639212102386,-0.023333333333333428,0.25,0.08066909911770592,0.5,0.3790322580645161
2023-05-13,125.02930450439453,9205566.666666666,0.0,0.03199300038237981,17.060000737508137,5.08,4.743333333333333,0.5,0.3635483870967742,125.0,0.0028087852482630016,0.26604783046335234,0.2507549615029429,0.2451190792869627,0.235291266688666,-0.6812771625220247,-0.023333333333333428,0.25,0.08050287683338886,0.5,0.37516129032258067
2023-05-14,125.37950134277344,8422533.333333334,0.0,0.031903640898060796,17.09000078837077,5.08,4.736666666666667,0.5,0.3596774193548387,125.0,0.0028009180709038795,0.15834168199386123,0.229502987325089,0.24508530333859033,0.15698836107197106,-0.6349450932437932,-0.02333333333333254,0.25,0.08033666310409138,0.5,0.3712903225806451
2023-05-15,125.72969818115234,7639500.0,0.0,0.03181428141374179,17.1200008392334,5.08,4.73,0.5,0.3558064516129032,125.0,0.002793094841089694,0.1583717210064862,0.22636731406569716,0.24500779258488342,0.15476536327364843,-0.6296783127095075,0.13000000000000078,0.25,0.08017048724901432,0.5,0.36741935483870963
2023-05-16,124.88362884521484,6477200.0,0.0,0.03202981877598817,17.989999771118164,5.08,4.88,0.5,0.3519354838709677,125.0,-0.006729271987263363,0.15886711556137406,0.21175852475822135,0.24509310561374634,0.15469328021525572,-0.5725294585400216,0.2400000000000002,0.25,0.08000445064604067,0.5,0.36354838709677423
2023-05-17,128.72348022460938,12711500.0,0.0,0.0310743618259886,16.8700008392334,5.08,4.92,0.5,0.3480645161290322,130.0,0.030747435952183766,0.18310905823053794,0.2199451024226527,0.24945854839675843,0.17277640328464636,-0.5864409721132846,0.13999999999999968,0.25,0.07983847753054119,0.5,0.3596774193548387
2023-05-18,129.69973754882812,10999600.0,0.0,0.030840463331655688,16.049999237060547,5.08,5.02,0.5,0.3441935483870968,130.0,0.007584143332011184,0.18143097302636813,0.22024608739357118,0.24974081715052576,0.4080359955234495,-0.5880374526080219,0.21999999999999975,0.25,0.07967257818501183,0.5,0.3558064516129032
2023-05-19,129.40220642089844,13492200.0,0.0,0.030911374006942747,16.809999465942383,5.08,5.02,0.5,0.3403225806451613,130.0,-0.002293999460235452,0.18149549943566284,0.22036824643710953,0.24965390029963455,0.18664647589194805,-0.5871016156146529,0.1999999999999993,0.25,0.07950675256028172,0.5,0.35193548387096774
2023-05-20,129.04580688476562,12795633.333333334,0.0,0.030997219414489015,16.94333267211914,5.08,5.036666666666666,0.5,0.3364516129032258,130.0,-0.0027541998393255662,0.18147867812418328,0.2143613136964744,0.24957800160912977,0.1542101645464411,-0.5542712043411344,0.19666666666666632,0.25,0.07934104591594471,0.5,0.3480645161290322
2023-05-21,128.6894073486328,12099066.666666666,0.0,0.03108306482203528,17.0766658782959,5.08,5.053333333333334,0.5,0.3325806451612903,130.0,-0.0027618064060854763,0.18155355200337966,0.20686503074602308,0.24950076565501297,0.15459323792625307,-0.5377142235467025,0.19333333333333336,0.25,0.07917060388937558,0.5,0.34419354838709676
2023-05-22,128.3330078125,11402500.0,0.0,0.03116891022958155,17.209999084472656,5.08,5.07,0.5,0.3287096774193548,130.0,-0.0027694551049356475,0.18164601443150832,0.20687350962435105,0.2494221676709332,0.15462312497691721,-0.537300611780208,0.33000000000000007,0.25,0.07900021164800108,0.5,0.34032258064516124
2023-05-23,126.99414825439453,9514900.0,0.0,0.0314975142948099,18.530000686645508,5.08,5.06,0.5,0.3248387096774193,125.0,-0.010432698344151614,0.18384115577876575,0.2054188594887837,0.24970860966211078,0.15464530809241608,-0.5826833602124909,0.35999999999999943,0.25,0.0788347018780422,0.5,0.33645161290322584
2023-05-24,125.83197784423828,8578000.0,0.0,0.03178842189821906,20.030000686645508,5.08,5.12,0.5,0.3209677419354838,125.0,-0.009151369776725371,0.18530791885761028,0.20592645197661955,0.24979419169207184,0.19984487362329012,-0.5857767979918285,0.5300000000000002,0.0,0.07866924698537603,0.5,0.3325806451612903
2023-05-25,126.1387939453125,8472500.0,0.0,0.03171110072397078,19.139999389648438,5.08,5.24,0.5,0.3170967741935484,125.0,0.0024382999165284414,0.17484482724077735,0.2052479510199458,0.24934806434964824,0.19054388595899546,-0.5797484705517376,0.5099999999999998,0.0,0.07850386551778565,0.5,0.3287096774193548
2023-05-26,127.31956481933594,8579900.0,0.0,0.031417009676996024,17.950000762939453,5.08,5.25,0.5,0.3132258064516129,125.0,0.009360886029522009,0.1690047524053018,0.20524569242021873,0.24981446842047306,0.15464931529918777,-0.5812499264516863,0.5,0.0,0.07833855742640528,0.5,0.32483870967741935
2023-05-27,127.44043159484863,8284900.0,0.0,0.031387297763289274,17.827500343322754,5.08,5.2425,0.5,0.3093548387096774,126.25,0.000949318163977475,0.16450851651809947,0.20521036609925225,0.24976593773005148,0.19054697644621973,-0.5821226877880583,0.47249999999999925,0.0,0.0781733306273007,0.5,0.32096774193548383
2023-05-28,127.56129837036133,7989900.0,0.0,0.03135758584958252,17.704999923706055,5.08,5.234999999999999,0.5,0.30548387096774193,127.5,0.000948417813719793,0.162495761342105,0.2052029582853172,0.24971721041742712,0.15208061513443427,-0.5860622924186047,0.4449999999999994,0.0,0.07800812012911562,0.5,0.3170967741935483
2023-05-29,127.68216514587402,7694900.0,0.0,0.031327873935875765,17.582499504089355,5.08,5.2275,0.5,0.3016129032258064,128.75,0.0009475191696604046,0.16104399524093382,0.20502009054040082,0.24929877089469774,0.15110870646869456,-0.5870435269769542,0.4175000000000004,0.0,0.07784302495049933,0.5,0.31322580645161285
2023-05-30,127.80303192138672,7399900.0,0.0,0.031298162022169014,17.459999084472656,5.08,5.22,0.5,0.2977419354838709,130.0,0.0009466222269540747,0.1595311431223124,0.20377204656456596,0.24915221303655927,0.15108604281909213,-0.5858434920640387,0.5199999999999996,0.0,0.0776780363730234,0.5,0.30935483870967745
2023-05-31,126.17599487304688,14219900.0,0.0,0.031701751224744744,17.940000534057617,5.08,5.18,0.5,0.2938709677419355,125.0,-0.012730817288753027,0.16157910734534903,0.20572054125865283,0.24945699837178587,0.15108465713074326,-0.5896151458160538,0.47999999999999954,0.0,0.0775131589627911,0.5,0.305483870967742
2023-06-01,127.91458892822266,12248100.0,0.0,0.03127086623594233,15.649999618530273,5.08,5.11,0.5,0.29,130.0,0.013779119054500688,0.16081257225593004,0.20738460267448552,0.2486211359357783,0.21999741410716603,-0.5928686772177744,0.3600000000000003,0.0,0.07734829007822541,0.5,0.3016129032258064
2023-06-02,130.6015625,12922500.0,0.0,0.03062750493509601,14.600000381469727,5.08,5.22,0.5,0.2926666666666666,130.0,0.021005997785640274,0.15925362667783965,0.21126318710337932,0.25111700815969845,0.2293278031427204,-0.604071564752896,0.47666666666666657,0.0,0.0771834942290408,0.5,0.29867588325652844
2023-06-03,130.17387898763022,11452300.0,0.0,0.030728796534318276,14.643333435058594,5.08,5.203333333333333,0.5,0.2953333333333332,130.0,-0.0032747197214412216,0.15354950748405102,0.2092254267535351,0.2511539039074094,0.30172825504734596,-0.600946719191234,0.4666666666666659,0.0,0.07701883532150933,0.5,0.2966728110599078
2023-06-04,129.7461954752604,9982100.0,0.0,0.030830088133540545,14.686666488647461,5.08,5.1866666666666665,0.5,0.29799999999999993,130.0,-0.003285478743477066,0.1443412117743329,0.20946255592089183,0.2511908761695972,0.16092005114018254,-0.6011623682485644,0.4566666666666661,0.0,0.07685423477738373,0.5,0.29560368663594466
2023-06-05,129.31851196289062,8511900.0,0.0,0.03093137973276281,14.729999542236328,5.08,5.17,0.5,0.3006666666666666,130.0,-0.0032963086956282472,0.14479985610680135,0.20962753015122884,0.24618783397154229,0.15636872732586166,-0.6063585149894354,0.29000000000000004,0.0,0.07668965719951637,0.5,0.29546850998463897
2023-06-06,129.55096435546875,9329500.0,0.0,0.030875879773651006,13.960000038146973,5.08,5.2,0.5,0.3033333333333333,130.0,0.0017975183061558209,0.14484403845570532,0.2096245089281736,0.24598901186431016,0.15630144296512946,-0.6034054411338824,0.28000000000000025,0.0,0.07652516699938317,0.5,0.2962672811059907
2023-06-07,130.80615234375,9281400.0,0.0,0.03057960140504907,13.9399995803833,5.08,5.16,0.5,0.306,130.0,0.009688758354875704,0.1472114982778587,0.21028632266411912,0.22757610984685994,0.15240516933534357,-0.6008859100378607,0.14000000000000057,0.0,0.07636073557012724,0.5,0.29799999999999993
2023-06-08,130.8433074951172,7368100.0,0.0,0.030570917814419146,13.649999618530273,5.08,5.12,0.5,0.3086666666666666,130.0,0.00028404742973831,0.1462352493405779,0.21029790245656146,0.22388046700958628,0.19302130720603564,-0.6002314380937104,0.10000000000000053,0.0,0.07619637688578873,0.5,0.3006666666666666
2023-06-09,131.10366821289062,7249100.0,0.0,0.030510206575644117,13.829999923706055,5.08,5.17,0.5,0.3113333333333333,130.0,0.0019898665262887416,0.14625159993077336,0.2102928478266789,0.22360611769153885,0.15172780281053416,-0.5997013945238888,0.13333333333333375,0.0,0.07603209089810381,0.5,0.3033333333333333
2023-06-10,131.1005605061849,7364933.333333333,0.0,0.030510929846914905,14.223333358764648,5.08,5.173333333333333,0.5,0.31399999999999995,130.0,-2.3704193392037887e-05,0.14574267004463243,0.21020672073398614,0.22331533021847047,0.1526749689667701,-0.6008968726754872,0.11999999999999922,0.0,0.07586787756216529,0.5,0.306
2023-06-11,131.09745279947916,7480766.666666667,0.0,0.03051165311818569,14.616666793823242,5.08,5.176666666666667,0.5,0.31666666666666665,130.0,-2.370475529434035e-05,0.1380975002817483,0.21020233326740914,0.22301582290903393,0.15065596944868326,-0.6003495889768136,0.10666666666666647,0.0,0.07570252532693966,0.5,0.3086666666666666
2023-06-12,131.09434509277344,7596600.0,0.0,0.030512376389456478,15.010000228881836,5.08,5.18,0.5,0.3193333333333333,130.0,-2.370531722284408e-05,0.13813941658923207,0.21017311408843284,0.21914121429350883,0.1506105602562868,-0.6063468238844748,0.1200000000000001,0.0,0.0755374320407558,0.5,0.3113333333333333
2023-06-13,132.04269409179688,7701600.0,0.0,0.030293232257281692,14.609999656677246,5.08,5.26,0.5,0.322,130.0,0.007234095401691842,0.13906586945787583,0.1492860290490118,0.20310452226836206,0.15060954576891192,-0.7570331580816239,0.13999999999999968,0.0,0.07537362261772595,0.5,0.314
2023-06-14,131.54991149902344,9068700.0,0.0,0.030406709927962926,13.880000114440918,5.08,5.27,0.5,0.3246666666666666,130.0,-0.0037319943838077796,0.13991666991195986,0.14944785361844878,0.2009631861468849,0.17555908370999404,-0.7462377185288027,0.02999999999999936,0.0,0.07520969997844174,0.5,0.3166666666666666
2023-06-15,133.03749084472656,9343100.0,0.0,0.03006671258306098,14.5,5.07,5.21,0.5,0.3273333333333333,135.0,0.011308098414905876,0.14040533338724043,0.15105932641654632,0.19024883816784144,0.15828642274420313,-0.7194155365474566,-0.040000000000000036,-0.009999999999999787,0.0750458497468085,0.5,0.3193333333333333
2023-06-16,133.195556640625,13813500.0,0.0,0.03003103182182272,13.539999961853027,5.08,5.24,0.5,0.33,135.0,0.0011881297136226987,0.1121482693114654,0.15099869674458027,0.19021940503799648,0.2062538444418123,-0.7144015266324301,-0.0024999999999995026,0.0,0.07488207187486084,0.5,0.32199999999999995
2023-06-17,133.02587890625,12467275.0,0.0,0.0300694842722522,13.625,5.077500000000001,5.24,0.5,0.33266666666666667,135.0,-0.0012738993601175697,0.11066803104314055,0.14935526417051367,0.19024424341048324,0.15279907341821947,-0.7211282742841647,0.005000000000000782,-0.0024999999999995026,0.07471838071832759,0.5,0.3246666666666667
2023-06-18,132.856201171875,11121050.0,0.0,0.03010793672268168,13.710000038146973,5.075,5.24,0.5,0.3353333333333333,135.0,-0.0012755242496430563,0.11045572278994845,0.14935537970052767,0.19026575017758188,0.15150077749612992,-0.7232133129442058,0.012500000000000178,-0.004999999999999893,0.07455409827897319,0.5,0.3273333333333333
2023-06-19,132.6865234375,9774825.0,0.0,0.03014638917311116,13.795000076293945,5.0725,5.24,0.5,0.33799999999999997,135.0,-0.001277153289634514,0.11011512310203149,0.1492480295178834,0.18551425261652943,0.15147379514156858,-0.7238248437416599,0.020000000000000462,-0.007500000000000284,0.0743898399384435,0.5,0.33
2023-06-20,132.516845703125,8428600.0,0.0,0.03018484162354064,13.880000114440918,5.07,5.24,0.5,0.3406666666666666,135.0,-0.00127878649601465,0.10976572098229197,0.14921454139982093,0.1797565660390468,0.15147534645093452,-0.726843697633749,0.0600000000000005,-0.009999999999999787,0.0742258624124259,0.5,0.3326666666666666
2023-06-21,132.32162475585938,9926500.0,0.0,0.03022937488396336,13.199999809265137,5.07,5.25,0.5,0.3433333333333334,130.0,-0.0014731783437026413,0.10944415065589129,0.1492547651100547,0.17969147165623883,0.15147754343959127,-0.7212959437525509,0.13999999999999968,-0.009999999999999787,0.07406244614342028,0.5,0.3353333333333333
2023-06-22,129.77407836914062,10075200.0,0.0,0.030822796434138825,12.90999984741211,5.07,5.29,0.5,0.346,130.0,-0.01925268368960187,0.12017436556865715,0.15458503104519394,0.1808997245671295,0.15175448924356497,-0.6872559034380836,0.07000000000000028,-0.009999999999999787,0.07389910194691396,0.5,0.33799999999999997
2023-06-23,129.0953826904297,9919500.0,0.0,0.030984841724293014,13.4399995803833,5.07,5.25,0.5,0.3486666666666667,130.0,-0.005229824686409201,0.1178654982749077,0.15493388029225827,0.180693288651185,0.286157153011544,-0.6892107177572007,0.046666666666666856,-0.009999999999999787,0.07373582977523752,0.5,0.3406666666666666
2023-06-24,129.2007598876953,9422900.0,0.0,0.030959611389907896,13.709999720255533,5.07,5.256666666666667,0.5,0.35133333333333333,130.0,0.0008162739446562206,0.11777004812088607,0.1481546533954072,0.18015215070217352,0.1682619954334545,-0.6585326858333398,0.07000000000000028,-0.009999999999999787,0.07357263348765297,0.5,0.3433333333333333
2023-06-25,129.30613708496094,8926300.0,0.0,0.03093438105552278,13.979999860127768,5.07,5.263333333333333,0.5,0.3539999999999999,130.0,0.0008156081849457486,0.11497121555226601,0.1433074415970021,0.1796080704928491,0.15137091829351618,-0.6728927972120374,0.09333333333333282,-0.009999999999999787,0.07340942370361025,0.5,0.346
2023-06-26,129.41151428222656,8429700.0,0.0,0.030909150721137663,14.25,5.07,5.27,0.5,0.3566666666666666,130.0,0.0008149435103486091,0.11496748240536393,0.1407671084235551,0.17957423450245985,0.15097146750103108,-0.6565607846213759,0.0699999999999994,-0.009999999999999787,0.07324628402431888,0.5,0.3486666666666666
2023-06-27,129.42079162597656,8154000.0,0.0,0.0309069350430178,13.739999771118164,5.07,5.33,0.5,0.3593333333333334,130.0,7.168870406504269e-05,0.11496663318953182,0.13967765286178446,0.17957079073157836,0.15096197100063996,-0.6476572291173546,0.16999999999999993,-0.009999999999999787,0.07308330160237198,0.5,0.35133333333333333
2023-06-28,128.8536834716797,7558600.0,0.0,0.031042962003326405,13.430000305175781,5.07,5.32,0.5,0.362,130.0,-0.004381893721804864,0.11581717930575022,0.13920523452325442,0.1796703646561345,0.1506197843461635,-0.6488022421331053,0.20000000000000018,-0.009999999999999787,0.07292038888902552,0.5,0.354
2023-06-29,133.35360717773438,15423200.0,0.0,0.02999543907851536,13.539999961853027,5.07,5.41,0.5,0.3646666666666667,135.0,0.03492274015623087,0.1521372006738587,0.15544398102941823,0.18728931203973542,0.1603243052242319,-0.5718052493041673,0.2400000000000002,-0.009999999999999787,0.07275754791534683,0.5,0.35666666666666663
2023-06-30,135.222412109375,14212800.0,0.0,0.02958089519039632,13.59000015258789,5.08,5.4,0.5,0.3673333333333333,135.0,0.014013906119163755,0.1501230020162258,0.15733509970708187,0.18848198630111454,0.45531471694891795,-0.5643698036371312,0.22666666666666746,0.0,0.0725947786339598,0.5,0.3593333333333333
2023-07-01,135.58500162760416,12149066.666666666,0.0,0.029502209046165413,13.583333333333334,5.08,5.41,0.5,0.365426523297491,135.0,0.002681430633968196,0.14621308180613418,0.1534523370768696,0.188473630598419,0.2390442209515166,-0.5352475910644809,0.2333333333333334,0.0,0.07243212285812928,0.5,0.3613466461853558
2023-07-02,135.94759114583334,10085333.333333334,0.0,0.029423522901934507,13.576666514078775,5.08,5.42,0.5,0.3635197132616487,135.0,0.0026742597918394395,0.13491142424060218,0.1463433482828551,0.18846356670526476,0.156767483813942,-0.5294086197232937,0.2400000000000002,0.0,0.0722314171217393,0.5,0.36270660522273424
2023-07-03,136.3101806640625,8021600.0,0.0,0.0293448367577036,13.569999694824219,5.08,5.43,0.5,0.3616129032258064,135.0,0.0026671272008063074,0.13424187550147784,0.14299410708869614,0.18679295773203014,0.1544104767829804,-0.4976524754817456,0.16999999999999993,0.0,0.07199289329105563,0.5,0.3634132104454685
2023-07-04,135.8561782836914,8478250.0,0.5,0.03313593259730163,13.875,5.08,5.415,0.5,0.3574193548387097,135.0,-0.0033306564348996037,0.13425609992327064,0.13837324673270038,0.18697247508403836,0.1543381619141284,-0.44217598381029355,0.14500000000000046,0.0,0.07208439878272999,0.5,0.3631397849462365
2023-07-05,135.4021759033203,8934900.0,1.0,0.03692702843689967,14.180000305175781,5.08,5.4,0.5,0.3532258064516129,135.0,-0.003341786778537692,0.1342704456164476,0.13867316611679267,0.18709900517476447,0.15637096277347362,-0.44497319854486694,0.1900000000000004,0.009999999999999787,0.07250311581235702,0.5,0.3618863287250384
2023-07-06,134.0635223388672,9709500.0,0.0,0.029836602307743,15.4399995803833,5.08,5.44,0.5,0.3490322580645161,135.0,-0.009886499648343539,0.1383145552446716,0.14048499844640017,0.18806959655292474,0.15645343591262148,-0.46605491882968847,0.20000000000000018,0.0,0.07218882506691715,0.5,0.359652841781874
2023-07-07,135.121337890625,8981500.0,0.0,0.02960302245702918,14.829999923706055,5.08,5.41,0.5,0.3448387096774193,135.0,0.00789040548318587,0.1374563220514267,0.14121566411440972,0.18838095308247105,0.1954108081237124,-0.47242916366233595,0.16999999999999993,0.0024999999999995026,0.07187471846963178,0.5,0.35643932411674345
2023-07-08,135.37408955891928,9021033.333333334,0.0,0.02954795743105195,14.90999984741211,5.076666666666667,5.4,0.5,0.3406451612903225,135.0,0.0018705533281417885,0.1374531263701538,0.14070642783266102,0.18837939281065075,0.1808440014052689,-0.4659543774490742,0.16000000000000014,0.0016666666666669272,0.0715608162393746,0.5,0.3528991295442908
2023-07-09,135.62684122721353,9060566.666666666,0.0,0.029492892405074717,14.989999771118164,5.073333333333333,5.39,0.5,0.3364516129032258,135.0,0.0018670608911777187,0.1374469742906031,0.14071015809027768,0.1883776218023354,0.1531470336439967,-0.4722290229483143,0.14999999999999947,0.0008333333333334636,0.07124686288854587,0.5,0.3490322580645161
2023-07-10,135.8795928955078,9100100.0,0.0,0.029437827379097486,15.069999694824219,5.07,5.38,0.5,0.332258064516129,135.0,0.0018635814710956655,0.1374180053965606,0.1404360274118516,0.18828846835597793,0.1524642177623403,-0.4724943767129686,0.13999999999999968,0.0,0.0709331996994611,0.5,0.3448387096774193
2023-07-11,138.004638671875,11260900.0,0.0,0.028984532972913684,14.84000015258789,5.08,5.44,0.5,0.3280645161290322,140.0,0.015639182684344277,0.14347108282386314,0.13961185942455176,0.18973625479984424,0.15244228043827157,-0.4770438448231339,0.1900000000000004,0.009999999999999787,0.07061995479745176,0.5,0.3406451612903226
2023-07-12,138.68798828125,11323200.0,0.0,0.028841719096020534,13.539999961853027,5.08,5.35,0.5,0.3238709677419355,140.0,0.004951642321239236,0.14367042331068766,0.13975297124987673,0.18978300431346576,0.24579253640299173,-0.47344401119284196,0.05999999999999961,0.009999999999999787,0.07030676656607526,0.5,0.3364516129032257
2023-07-13,139.36199951171875,11234900.0,0.0,0.028702228828624447,13.609999656677246,5.08,5.27,0.5,0.3196774193548387,140.0,0.004859910644185783,0.14307104805720983,0.13988314436730395,0.14681985779415088,0.16537048226398363,-0.47200821219964467,0.019999999999999574,0.009999999999999787,0.06999376151488867,0.5,0.332258064516129
2023-07-14,140.20452880859375,12741775.0,0.0,0.028529748888930485,13.34000015258789,5.08,5.34,0.5,0.3154838709677419,140.0,0.00604561716843155,0.14258567467888766,0.1401418760257369,0.14704540869730506,0.16269240696155066,-0.47370737456949136,0.08333333333333304,0.009999999999999787,0.06968093948322895,0.5,0.32806451612903226
2023-07-15,141.3310089111328,14248650.0,0.0,0.02830592031912821,13.386666615804037,5.08,5.336666666666667,0.5,0.31129032258064515,141.66666666666666,0.008034548613454096,0.1410852384104206,0.1395498029229838,0.14749865678014337,0.16869502614720763,-0.4573597755055711,0.07333333333333414,0.009999999999999787,0.06936866877726988,0.5,0.32387096774193547
2023-07-16,142.45748901367188,15755525.0,0.0,0.028082091749325928,13.433333079020182,5.08,5.333333333333333,0.5,0.30709677419354836,143.33333333333334,0.007970509170053264,0.14209412657274387,0.12721698001512602,0.14793614200975558,0.1812251358409575,-0.4090650548583274,0.06333333333333346,0.009999999999999787,0.06905643738398792,0.5,0.3196774193548387
2023-07-17,143.58396911621094,17262400.0,0.0,0.02785826317952365,13.479999542236328,5.08,5.33,0.5,0.3029032258064516,145.0,0.007907482508209496,0.14260107124219906,0.12728185253155497,0.14739867095552292,0.1810576188000449,-0.3965404872634837,0.0,0.009999999999999787,0.0687447026550092,0.5,0.3154838709677419
2023-07-18,143.84609985351562,13491700.0,0.0,0.027807497068557046,13.300000190734863,5.08,5.32,0.5,0.2987096774193548,145.0,0.0018256267668190773,0.1421613872445427,0.12700976372755854,0.14735572215152462,0.18062560563295874,-0.39185619993146487,0.0,0.009999999999999787,0.06843329267937182,0.5,0.3112903225806451
2023-07-19,144.3983917236328,12510000.0,0.0,0.02770113955047149,13.760000228881836,5.08,5.32,0.5,0.2945161290322581,145.0,0.0038394636398177973,0.14170545535728676,0.12672544170688477,0.1472793978672067,0.15305656815076574,-0.3839463253624325,-0.08999999999999986,0.009999999999999787,0.06812138245731347,0.5,0.30709677419354836
2023-07-20,146.1770477294922,9935900.0,0.0,0.0273640770704454,13.989999771118164,5.08,5.35,0.5,0.2903225806451612,145.0,0.01231769955764861,0.1437115981701273,0.1281038695108911,0.1483627941911558,0.15811342808073994,-0.3663147628725921,-0.05000000000000071,0.0,0.06780965429546293,0.5,0.30290322580645157
2023-07-21,145.0537109375,10636400.0,0.0,0.027575992190392837,13.600000381469727,5.08,5.35,0.5,0.2861290322580645,145.0,-0.007684768638035244,0.14661059384496825,0.12930521535000322,0.14911398924029942,0.2149654773280655,-0.34788642810805204,-0.0600000000000005,0.0,0.06749810803446454,0.5,0.29870967741935484
2023-07-22,146.0054473876953,11884733.333333334,0.0,0.027398551391915098,13.703333536783854,5.08,5.359999999999999,0.5,0.28193548387096773,146.66666666666666,0.006561269229474531,0.13039955291848146,0.12694561461897427,0.14938035681265865,0.180361109281452,-0.30375502315897507,-0.0600000000000005,0.0,0.06718698980255255,0.5,0.29451612903225804
2023-07-23,146.95718383789062,13133066.666666666,0.0,0.02722111059343736,13.806666692097982,5.08,5.37,0.5,0.2777419354838709,148.33333333333334,0.0065184995986355965,0.12763412338474206,0.12492128617542195,0.1496342475920644,0.17205249673386738,-0.25327430347696234,-0.05999999999999961,0.0,0.066876031576653,0.5,0.2903225806451613
2023-07-24,147.90892028808594,14381400.0,0.0,0.027043669794959622,13.90999984741211,5.08,5.38,0.5,0.2735483870967741,150.0,0.0064762839443437414,0.12733506952082163,0.12517192338975583,0.1445915892035973,0.17160969188665592,-0.2547206917460366,-0.03500000000000014,0.0,0.06656503627436017,0.5,0.28612903225806446
2023-07-25,146.8042755126953,9944700.0,0.0,0.027247162836576164,13.859999656677246,5.08,5.38,0.5,0.2693548387096774,145.0,-0.0074684121365978795,0.1316354808775306,0.1260882558701711,0.14164224819396554,0.17135166638193441,-0.23239227942587032,-0.020000000000000462,0.0,0.0662542436381206,0.5,0.2819354838709677
2023-07-26,147.68423461914062,8728600.0,0.0,0.02708481382806706,13.1899995803833,5.08,5.37,0.5,0.2651612903225806,150.0,0.005994097265710874,0.13132122258150422,0.12626648517112687,0.14045621557993204,0.17786052156375093,-0.23850478825366947,-0.07000000000000028,0.0,0.06594360434076085,0.5,0.27774193548387094
2023-07-27,146.0553741455078,10778400.0,0.0,0.02738687311851323,14.40999984741211,5.33,5.4,0.5,0.2609677419354838,145.0,-0.01102934567006042,0.13831866720585376,0.12925602444616988,0.14154716535056855,0.1687516374069381,-0.28817835397988517,-0.009999999999999787,0.25,0.06563314599211689,0.5,0.27354838709677415
2023-07-28,146.8885040283203,9103800.0,0.0,0.02723153882232196,13.329999923706055,5.33,5.37,0.5,0.2567741935483871,145.0,0.005704205597957035,0.13605192810964983,0.12941596206781394,0.14140503094900064,0.2051299170560288,-0.29279476967980916,-0.03000000000000025,0.25333333333333297,0.06532286843413004,0.5,0.2693548387096774
2023-07-29,147.2161610921224,9033433.333333334,0.0,0.027171198543440748,13.429999987284342,5.33,5.37,0.5,0.2525806451612903,146.66666666666666,0.0022306515133336813,0.10223235421440857,0.12938384421628585,0.14108845760977215,0.16788052264035763,-0.2930160510597688,-0.019999999999999574,0.2566666666666668,0.06501280028377487,0.5,0.26516129032258057
2023-07-30,147.54381815592447,8963066.666666666,0.0,0.027110858264559536,13.53000005086263,5.33,5.37,0.5,0.2483870967741935,148.33333333333334,0.002225686781745617,0.09716890811143625,0.12546439717368424,0.14077157508086874,0.1535696457125672,-0.27214000715639314,-0.009999999999999787,0.2599999999999998,0.06470277857026718,0.5,0.26096774193548383
2023-07-31,147.87147521972656,8892700.0,0.0,0.027050517985678323,13.630000114440918,5.33,5.37,0.5,0.2441935483870967,150.0,0.0022207441009547413,0.09718744503145302,0.12332263172264818,0.1375990872547771,0.15322344086502884,-0.20992155758169706,-0.07000000000000028,0.25,0.06439291856214191,0.5,0.25677419354838704
2023-08-01,147.14125061035156,6853900.0,0.0,0.02718476282760774,13.930000305175781,5.33,5.38,0.5,0.24,145.0,-0.004938238482370849,0.09981249603775758,0.1181162246576732,0.13251026172575325,0.15320450191955912,-0.14376196220136503,0.03000000000000025,0.25,0.06408337272398823,0.5,0.2525806451612903
2023-08-02,145.4749298095703,8299400.0,0.0,0.027496146622899786,16.09000015258789,5.33,5.36,0.5,0.2390322580645161,145.0,-0.011324633940986928,0.10777291539900719,0.12079946928081042,0.13178086972524197,0.16290886284128644,-0.2381116427916211,0.09000000000000075,0.25,0.0637739968444333,0.5,0.24884792626728106
2023-08-03,146.3643035888672,6084000.0,0.0,0.027329067962061818,15.920000076293945,5.33,5.37,0.5,0.2380645161290322,145.0,0.006113587959527322,0.10705049511031138,0.12062399154786436,0.1285869205423921,0.20757278587555344,-0.241075094988588,0.03000000000000025,0.25,0.06346480081096417,0.5,0.2455760368663594
2023-08-04,146.0553741455078,6209400.0,0.0,0.02738687311851323,17.100000381469727,5.33,5.33,0.5,0.2370967741935484,145.0,-0.0021106884382625646,0.10652471513905842,0.12042488846631313,0.1287283669879074,0.17016901182166488,-0.2513622037701977,-0.006666666666666821,0.25,0.06315578446680492,0.5,0.2427649769585253
2023-08-05,146.2862803141276,6556866.666666667,0.0,0.027343780238544453,16.656667073567707,5.33,5.32,0.5,0.2361290322580645,145.0,0.001580949485568084,0.09983850782869434,0.1204274868315764,0.12872246922959707,0.15337064594353125,-0.25419784630386527,-0.013333333333332753,0.25,0.06284696210786844,0.5,0.24041474654377876
2023-08-06,146.5171864827474,6904333.333333333,0.0,0.027300687358575677,16.21333376566569,5.33,5.31,0.5,0.2351612903225806,145.0,0.0015784540294823124,0.09878606291124946,0.11937830231767992,0.12871641177312607,0.1519629923302504,-0.2521209839261754,-0.020000000000000462,0.25,0.06253811919304164,0.5,0.23852534562211977
2023-08-07,146.7480926513672,7251800.0,0.0,0.0272575944786069,15.770000457763672,5.33,5.3,0.5,0.2341935483870967,145.0,0.00157596643890634,0.0988112121943511,0.11933341481261112,0.1282633967273637,0.1519273450012742,-0.2528658178641967,-0.020000000000000462,0.25,0.062229441941032304,0.5,0.23709677419354835
2023-08-08,145.92430114746094,8623400.0,0.0,0.02741147271939222,15.989999771118164,5.33,5.35,0.5,0.2332258064516129,145.0,-0.005613643687099601,0.10169960463909954,0.12032964425446747,0.12882424047304172,0.1519225132118764,-0.2563038736474999,0.02999999999999936,0.25,0.06192114367584023,0.5,0.2361290322580645
2023-08-09,143.9677734375,6277800.0,0.0,0.027783995713016287,15.960000038146973,5.33,5.35,0.5,0.232258064516129,145.0,-0.013407826486582342,0.11170891391528777,0.12429808555343451,0.1310381490086016,0.16630012008017672,-0.24289224922360922,0.0,0.25,0.06161302359933152,0.5,0.23516129032258062
2023-08-10,143.75244140625,5995100.0,0.0,0.027825614374755864,15.850000381469727,5.33,5.33,0.5,0.2312903225806451,145.0,-0.0014956960582812595,0.1043639896754755,0.12441488106931373,0.12836116985562704,0.2265694108291256,-0.23958219869340647,-0.019999999999999574,0.25,0.06130508227515996,0.5,0.23419354838709674
2023-08-11,144.58563232421875,5180700.0,0.0,0.027665266151967315,14.84000015258789,5.33,5.36,0.5,0.2303225806451612,145.0,0.005796012295986808,0.10464229777054608,0.12467231610082136,0.12853779821401062,0.15386374700603855,-0.24732897194343176,8.881784197001252e-16,0.25,0.060997319547818396,0.5,0.23322580645161287
2023-08-12,144.68549092610678,5135233.333333333,0.0,0.0276461985408947,14.833333333333334,5.33,5.363333333333333,0.5,0.22935483870967732,145.0,0.0006906536996988955,0.10414032372975222,0.12414177374279281,0.12853126878813104,0.16714278638750307,-0.24075231633055877,-0.006666666666666821,0.25,0.06068973802193378,0.5,0.23225806451612896
2023-08-13,144.78534952799478,5089766.666666667,0.0,0.027627130929822084,14.826666514078775,5.33,5.366666666666667,0.5,0.22838709677419347,145.0,0.0006901770263820772,0.10315673539903673,0.12367073045352783,0.12852387253027014,0.1512453405115207,-0.2605786367024027,-0.013333333333332753,0.25,0.0603823251182789,0.5,0.23129032258064508
2023-08-14,144.8852081298828,5044300.0,0.0,0.02760806331874947,14.819999694824219,5.33,5.37,0.5,0.2274193548387096,145.0,0.0006897010105895163,0.10104294867485526,0.12203506241726253,0.127760826448298,0.15087075788441817,-0.2905485955427264,-0.009999999999999787,0.25,0.060075114233476556,0.5,0.23032258064516123
2023-08-15,141.19683837890625,10300300.0,0.0,0.02832924622055539,16.459999084472656,5.33,5.36,0.5,0.2264516129032258,140.0,-0.025457186406980248,0.12488424296870872,0.1341735293285026,0.12662554280284483,0.15086203925981864,-0.40500952658494377,-0.009999999999999787,0.25,0.059768090956943576,0.5,0.22935483870967735
2023-08-16,140.5977020263672,6978200.0,0.0,0.02844996712143883,16.780000686645508,5.33,5.37,0.5,0.2254838709677419,140.0,-0.004243270312691116,0.12291888862036023,0.13452481879847877,0.12644334336831456,0.3561422064893224,-0.40781734622793503,-0.03000000000000025,0.0,0.05946121886349398,0.5,0.22838709677419347
2023-08-17,139.1373748779297,9953900.0,0.0,0.028748565965897706,17.889999389648438,5.33,5.36,0.5,0.224516129032258,140.0,-0.01038656483989786,0.12583527896478042,0.13646183375335616,0.12775329913556452,0.16685892806450933,-0.43047724602760573,-0.009999999999999787,0.0,0.059154524437633915,0.5,0.2274193548387096
2023-08-18,139.45562744140625,8517500.0,0.0,0.028682958682901785,17.299999237060547,5.33,5.35,0.5,0.2235483870967742,140.0,0.0022873262037304,0.12538636258937205,0.1364287978212554,0.12763358640101805,0.19968192666989634,-0.4292517146008873,-0.020000000000000462,0.0,0.058848007525113655,0.5,0.22645161290322574
2023-08-19,139.61476135253906,8454000.0,0.0,0.028650339997913776,17.243332544962566,5.33,5.3566666666666665,0.5,0.22258064516129028,140.0,0.0011411078495178195,0.1190417939056605,0.13635914999776616,0.12748651315499965,0.15454680130951912,-0.4292607779237901,-0.013333333333333641,0.0,0.058541675480629385,0.5,0.2254838709677419
2023-08-20,139.77389526367188,8390500.0,0.0,0.028617721312925764,17.186665852864582,5.33,5.363333333333333,0.5,0.2216129032258064,140.0,0.001139807206567367,0.11780474402391684,0.13627243627498398,0.1273348607704445,0.15137271206246902,-0.4410691047319136,-0.006666666666666821,0.0,0.05823515345628749,0.5,0.224516129032258
2023-08-21,139.9330291748047,8327000.0,0.0,0.028585102627937755,17.1299991607666,5.33,5.37,0.5,0.2206451612903225,140.0,0.0011385095252058886,0.11572843745358184,0.12950222417305474,0.12585582306962131,0.15129951637029934,-0.4914143120753055,-0.009999999999999787,0.0,0.05792890022244479,0.5,0.22354838709677413
2023-08-22,137.03102111816406,9673300.0,0.0,0.029190470649348335,16.969999313354492,5.33,5.39,0.5,0.2196774193548387,135.0,-0.020738549531543637,0.1262878329122554,0.13667568042677988,0.13004364698265788,0.1512963531757362,-0.44090288986385195,0.02999999999999936,0.0,0.05762319095288859,0.5,0.22258064516129025
2023-08-23,137.9578094482422,7858000.0,0.0,0.02899437165607276,15.979999542236328,5.33,5.35,0.5,0.2187096774193548,140.0,0.006763346886826005,0.1264628294355623,0.13718105629827415,0.13038223183687495,0.30245043459770204,-0.44767969040346506,-0.020000000000000462,0.0,0.05731755950193773,0.5,0.22161290322580643
2023-08-24,137.8267364501953,6534000.0,0.0,0.02902194525548698,17.200000762939453,5.33,5.39,0.5,0.2177419354838709,140.0,-0.0009500948048617452,0.12555506149270612,0.1372440444375516,0.1296565685039991,0.17702077257905136,-0.44148374902531146,0.05999999999999961,0.0,0.05701210464242035,0.5,0.22064516129032255
2023-08-25,137.65826416015625,6695500.0,0.0,0.029057463599470246,15.680000305175781,5.33,5.44,0.5,0.2167741935483871,140.0,-0.0012223483946450786,0.1232417551226829,0.13732334433151336,0.12970428205024018,0.15171668832906787,-0.4089046781499227,0.1200000000000001,0.0,0.05670682622133172,0.5,0.21967741935483867
2023-08-26,137.81739298502603,6161700.0,0.0,0.02902399012600389,15.480000178019205,5.33,5.44,0.5,0.21580645161290318,140.0,0.0011559700090699732,0.12077493266041416,0.13730901435346538,0.12970515801907,0.15140980627582148,-0.4125462125147817,0.13000000000000078,0.0,0.05640173177555963,0.5,0.21870967741935482
2023-08-27,137.97652180989584,5627900.0,0.0,0.02899051665253754,15.28000005086263,5.33,5.44,0.5,0.2148387096774193,140.0,0.0011546352853091246,0.11898979355081443,0.13684027921715342,0.1297060167104088,0.1513195178189333,-0.4201949819742126,0.14000000000000057,0.0,0.05609680557555019,0.5,0.21774193548387094
2023-08-28,138.13565063476562,5094100.0,0.0,0.028957043179071183,15.079999923706055,5.33,5.44,0.5,0.2138709677419354,140.0,0.0011533036402311403,0.11869136954066697,0.11807974288760185,0.12970685822767425,0.15131590696294717,-0.4963690859776609,0.09000000000000075,0.0,0.05579220634427551,0.5,0.21677419354838706
2023-08-29,139.259033203125,6337000.0,0.0,0.02872345088139129,14.449999809265137,5.33,5.37,0.5,0.2129032258064516,140.0,0.008132459384649682,0.1217435407068146,0.11585589253521067,0.12817467415805367,0.1513142384037006,-0.5205477219474759,0.020000000000000462,0.0,0.05548779064089482,0.5,0.21580645161290318
2023-08-30,138.69737243652344,6277300.0,0.0,0.028839767687961423,13.880000114440918,5.33,5.39,0.5,0.2119354838709677,140.0,-0.0040332088603711735,0.12124250292989895,0.11613201459748254,0.12666834282964523,0.18155787534031656,-0.5066039412805733,0.05999999999999961,0.0,0.05518339194257571,0.5,0.2148387096774193
2023-08-31,136.98426818847656,10933900.0,0.0,0.029200433399376946,13.569999694824219,5.33,5.37,0.5,0.2109677419354838,135.0,-0.012351382134732969,0.12464090503666463,0.11894737396108157,0.12406862211162553,0.15959619475017603,-0.47998483593490665,0.009999999999999787,0.0,0.05487916876850907,0.5,0.21387096774193545
2023-09-01,137.44293212890625,7903500.0,0.0,0.029102987967751175,13.09000015258789,5.33,5.36,0.5,0.21,135.0,0.0033482964613031907,0.12269003996444443,0.11901736303426892,0.12398763497054432,0.216653636460977,-0.4827930058100985,-0.0033333333333329662,0.0,0.05457512096692119,0.5,0.21290322580645157
2023-09-02,137.06380081176758,7891300.0,0.0,0.029184163174362943,13.320000171661377,5.33,5.375,0.5,0.21166666666666664,135.0,-0.0027584635402211344,0.12034199392329312,0.11895159997176422,0.12394376732894062,0.15803507214447496,-0.4820861854367867,0.00833333333333286,0.0,0.054271314896422895,0.5,0.2123118279569892
2023-09-03,136.6846694946289,7879100.0,0.0,0.029265338380974712,13.550000190734863,5.33,5.390000000000001,0.5,0.2133333333333333,135.0,-0.0027660937088658244,0.12035347722933025,0.11888500302213384,0.12389943313401702,0.15469144866337675,-0.4813717713423381,0.020000000000000462,0.0,0.0539677059435848,0.5,0.21209677419354836
2023-09-04,136.30553817749023,7866900.0,0.0,0.029346513587586484,13.78000020980835,5.33,5.405,0.5,0.21499999999999994,135.0,-0.0027737662061184665,0.11982252317836677,0.11718233179339224,0.12401236428178129,0.1546373720020661,-0.4601029784594855,0.04499999999999993,0.0,0.05366425125568375,0.5,0.212258064516129
2023-09-05,135.92640686035156,7854700.0,0.0,0.029427688794198253,14.010000228881836,5.33,5.42,0.5,0.2166666666666666,135.0,-0.002781481385187634,0.11924399388899967,0.11626723659015757,0.12317741182164026,0.15465777829470626,-0.452741054954016,0.04999999999999982,0.0,0.053360905394469915,0.5,0.21279569892473113
2023-09-06,135.7017364501953,8629200.0,0.0,0.029476409842906198,14.449999809265137,5.33,5.44,0.5,0.2183333333333333,135.0,-0.0016528827278357028,0.11865072050911724,0.1162623663902628,0.12322645596724074,0.1546800263045527,-0.4543293327199195,0.08000000000000007,0.0,0.05305773369792033,0.5,0.2137096774193548
2023-09-07,134.54090881347656,8373700.0,0.0,0.029730734207730668,14.399999618530273,5.33,5.4,0.5,0.22,135.0,-0.008554257794223474,0.11961252139077841,0.11752928281662865,0.12411002157643658,0.15211680606320455,-0.44883434291529695,0.05000000000000071,0.0,0.0527547348870947,0.5,0.21499999999999994
2023-09-08,134.64390563964844,7107900.0,0.0,0.029707991468290597,13.84000015258789,5.33,5.42,0.5,0.2216666666666666,135.0,0.0007655428157888888,0.11550367795697929,0.11747121732938068,0.12411144053940996,0.18507719270585385,-0.4488390496104319,0.06333333333333346,0.0,0.05245191039125241,0.5,0.21666666666666662
2023-09-09,134.84050496419272,7023333.333333333,0.0,0.029664802744620536,13.826666831970215,5.33,5.413333333333333,0.5,0.22333333333333327,135.0,0.0014601427640583697,0.11598384995680998,0.11290556228320851,0.12412541503405523,0.1517673234973178,-0.4549955457923153,0.04999999999999982,0.0,0.052149272268483315,0.5,0.21833333333333327
2023-09-10,135.03710428873697,6938766.666666667,0.0,0.029621614020950475,13.813333511352539,5.33,5.406666666666667,0.5,0.22499999999999992,135.0,0.0014580138556767874,0.11408241891289374,0.11242847075955091,0.12413877601658573,0.1517379662825488,-0.44680405043214216,0.03666666666666707,0.0,0.05184662679289942,0.5,0.21999999999999995
2023-09-11,135.23370361328125,6854200.0,0.0,0.029578425297280414,13.800000190734863,5.33,5.4,0.5,0.2266666666666666,135.0,0.0014558911462134727,0.11427656983091396,0.11196026728474964,0.12360826291905563,0.15173411101798506,-0.45020748657860554,0.010000000000000675,0.0,0.05154429330322463,0.5,0.22166666666666662
2023-09-12,136.99359130859375,8363200.0,0.0,0.0291984461593502,14.229999542236328,5.33,5.42,0.5,0.2283333333333333,135.0,0.013013676681850939,0.12224299741789826,0.11454316578685751,0.1252157754260024,0.15173083936143505,-0.4109458385675148,0.07000000000000028,0.0,0.05124231471556073,0.5,0.2233333333333333
2023-09-13,137.0591278076172,8325900.0,0.0,0.029184484565045483,13.479999542236328,5.33,5.42,0.5,0.23,135.0,0.0004783909845520462,0.12220649232114553,0.11321988457427473,0.12387673102544437,0.22107847924724683,-0.41448833233067733,0.03000000000000025,0.0,0.05094035952037168,0.5,0.22499999999999995
2023-09-14,139.7177276611328,10034900.0,0.0,0.028629151554063918,12.819999694824219,5.33,5.42,0.5,0.2316666666666667,140.0,0.019397466597389723,0.11499762024760357,0.1190219038596259,0.12783787260734178,0.15265665097252984,-0.4381201824122342,-0.020000000000000462,0.0,0.050638577740496515,0.5,0.22666666666666663
2023-09-15,139.30584716796875,19863400.0,0.0,0.028713798317287997,13.789999961853027,5.33,5.43,0.5,0.2333333333333333,140.0,-0.0029479472652391703,0.11467565967155752,0.1178990320274442,0.12793575637025184,0.2837384466872207,-0.4439046749363198,-0.010000000000000675,0.0,0.05033696922658737,0.5,0.2283333333333333
2023-09-16,139.40257771809897,15413066.666666668,0.0,0.02869390161011013,13.859999974568685,5.33,5.433333333333334,0.5,0.235,140.0,0.0006943753768897665,0.11059406599311379,0.11782645570922483,0.12790022717463834,0.1591854496062277,-0.44264396768575265,-0.006666666666666821,0.0,0.05003553659119375,0.5,0.22999999999999998
2023-09-17,139.49930826822916,10962733.333333334,0.0,0.028674004902932263,13.929999987284342,5.33,5.4366666666666665,0.5,0.23666666666666664,140.0,0.0006938935542912805,0.11041236848503358,0.11750610281197994,0.1278636650698906,0.15105613099681037,-0.4524752536614709,-0.0033333333333338544,0.0,0.04973416673585329,0.5,0.23166666666666666
2023-09-18,139.59603881835938,6512400.0,0.0,0.028654108195754396,14.0,5.33,5.44,0.5,0.2383333333333333,140.0,0.0006934123998967312,0.11038019499660619,0.11446977820251811,0.12782606727218543,0.15086919086563796,-0.47537677126013383,0.07000000000000028,0.0,0.04943352311033178,0.5,0.23333333333333334
2023-09-19,139.41815185546875,7943400.0,0.0,0.028690668659463354,14.109999656677246,5.33,5.45,0.5,0.24,140.0,-0.0012742980703205342,0.11038461731087522,0.1135577627303771,0.12781744681788054,0.1508646662282514,-0.4910425957845755,0.0600000000000005,0.0,0.04913316170403559,0.5,0.23500000000000001
2023-09-20,138.82843017578125,7332000.0,0.0,0.02881254217839455,15.140000343322754,5.33,5.47,0.5,0.2416666666666666,140.0,-0.004229877328304044,0.11096547209152856,0.11278453896653032,0.1235347725007392,0.15145799267278176,-0.4995321524095839,0.09999999999999964,0.0,0.048832416742409235,0.5,0.23666666666666664
2023-09-21,137.7425079345703,8052400.0,0.0,0.02903969195841895,17.540000915527344,5.33,5.46,0.5,0.2433333333333333,140.0,-0.007822045094336705,0.0950962692219836,0.1126312142133865,0.12396956974002893,0.1596970848825673,-0.5081036604131359,0.09999999999999964,0.0,0.04853184415472889,0.5,0.2383333333333333
2023-09-22,136.42254638671875,7071700.0,0.0,0.02932066660492576,17.200000762939453,5.33,5.46,0.5,0.245,135.0,-0.009582819186641833,0.09708586386672692,0.112858815185101,0.12517297974687797,0.1800136515338455,-0.49588750389350933,0.08499999999999996,0.0,0.04823144379284172,0.5,0.23999999999999996
2023-09-23,136.647216796875,7062700.0,0.0,0.029272616629735446,17.100000381469727,5.33,5.456666666666667,0.5,0.24666666666666667,135.0,0.0016468715480457696,0.0972431018028662,0.112284994139246,0.12518465036916707,0.1934495048807031,-0.5019563997128295,0.06666666666666643,0.0,0.04793123096854934,0.5,0.24166666666666667
2023-09-24,136.87188720703125,7053700.0,0.0,0.029224566654545134,17.0,5.33,5.453333333333333,0.5,0.24833333333333332,135.0,0.0016441638214279575,0.09735791642182498,0.11145102277764675,0.12519608712899752,0.15308983901271958,-0.493782161680928,0.048333333333332895,0.0,0.04763057270889148,0.5,0.24333333333333335
2023-09-25,137.0965576171875,7044700.0,0.0,0.02917651667935482,16.899999618530273,5.33,5.45,0.5,0.25,135.0,0.0016414649840870155,0.09742628820304916,0.1096983411482658,0.1252040479879394,0.15206144882054531,-0.47410527886546094,0.03000000000000025,0.0,0.04733041320837761,0.5,0.24499999999999997
2023-09-26,135.67364501953125,7468400.0,0.0,0.029482512977551164,18.940000534057617,5.33,5.45,0.5,0.2516666666666666,135.0,-0.010378908284695454,0.10174523520074052,0.11043854057378187,0.1262949242305183,0.15203384093249736,-0.4857769934675345,0.009999999999999787,0.0,0.047031042307381865,0.5,0.24666666666666662
2023-09-27,136.46934509277344,6717800.0,0.0,0.029310611824807643,18.219999313354492,5.33,5.49,0.5,0.2533333333333333,135.0,0.00586480943390022,0.103329994215577,0.11118235263805216,0.11303868831968263,0.19935388470521542,-0.49662939712902876,0.08999999999999986,0.0,0.046731500991673336,0.5,0.24833333333333332
2023-09-28,138.16375732421875,8868100.0,0.0,0.028951152440169194,17.34000015258789,5.33,5.46,0.5,0.255,140.0,0.012416064796774817,0.10702692753133758,0.11442313567637351,0.11252874616968364,0.16858290583915533,-0.5165460041164843,0.040000000000000036,0.0,0.04643213101632515,0.5,0.24999999999999997
2023-09-29,135.75790405273438,11917800.0,0.0,0.029464214462579085,17.520000457763672,5.33,5.46,0.5,0.2566666666666666,135.0,-0.017413056202855937,0.11781102984730248,0.11906616125573923,0.1163213822526055,0.21601080190155827,-0.5023711730191918,0.046666666666666856,0.0,0.046132932234366875,0.5,0.25166666666666665
2023-09-30,135.36785380045572,11002066.666666666,0.0,0.029549605027492182,17.5500005086263,5.33,5.47,0.5,0.25745519713261644,135.0,-0.002873131071080337,0.11269983287595325,0.11887959417877267,0.11633308026224011,0.26749109866670695,-0.5008964539324814,0.06333333333333258,0.0,0.04583395210098051,0.5,0.25320788530465943
2023-10-01,134.9778035481771,10086333.333333334,0.0,0.029634995592405275,17.580000559488933,5.33,5.48,0.5,0.25824372759856623,135.0,-0.0028814097389295856,0.11234966216263637,0.11708845364909634,0.11633749452123886,0.1583396229349777,-0.4765198707319577,0.08000000000000007,0.0,0.04553393905157899,0.5,0.25462365591397845
2023-10-02,134.58775329589844,9170600.0,0.0,0.02972038615731837,17.610000610351562,5.33,5.49,0.5,0.2590322580645161,135.0,-0.002889736253112396,0.11237229063786663,0.1161258301489495,0.11630510553474413,0.15505052308331851,-0.4759687834653294,0.07000000000000028,0.0,0.04523405088777799,0.5,0.2559139784946236
2023-10-03,133.59544372558594,9431100.0,0.0,0.02994114086866817,19.780000686645508,5.33,5.49,0.5,0.2580645161290322,135.0,-0.00737295590432252,0.11393695606328129,0.11676862871716909,0.11682167762371382,0.15500064115015577,-0.4860734609675253,0.07000000000000028,0.0,0.04493553711693887,0.5,0.25682795698924726
2023-10-04,134.19459533691406,8128700.0,0.0,0.029807459756165645,18.579999923706055,5.33,5.42,0.5,0.2570967741935483,135.0,0.004484820699116154,0.11475799819424475,0.11724306774922598,0.1158884453478099,0.17689198994462924,-0.49253273250442464,0.0,0.0,0.044637193112951445,0.5,0.25736559139784937
2023-10-05,134.76039123535156,8576200.0,1.05,0.037473919107139236,18.489999771118164,5.33,5.39,0.5,0.2561290322580645,135.0,0.0042162346182197386,0.11534673735798502,0.11765515137389924,0.1153479848645038,0.16128152248434857,-0.4901613484428718,-0.040000000000000036,0.0,0.04516286138270864,0.5,0.25752688172043003
2023-10-06,136.83506774902344,10270600.0,0.0,0.029597675995076955,17.450000762939453,5.33,5.43,0.5,0.2551612903225806,135.0,0.015395298979568706,0.12373709009848811,0.12238844612784193,0.11812188726268895,0.15978154842111647,-0.5122897319305897,-0.0033333333333338544,0.0,0.04497482451567003,0.5,0.2573118279569892
2023-10-07,136.73133850097656,9168700.0,0.0,0.029620163963297568,17.533334096272785,5.33,5.415,0.5,0.25419354838709673,135.0,-0.0007580604135566382,0.12090907585944148,0.12203625191431801,0.11809365889979113,0.2435297511914446,-0.5114366757627086,-0.0216666666666665,0.0,0.044786871455644306,0.5,0.2568458781362007
2023-10-08,136.6276092529297,8066800.0,0.0,0.029642651931518178,17.61666742960612,5.33,5.3999999999999995,0.5,0.25322580645161286,135.0,-0.0007586355051013571,0.12096490230484112,0.11926240965399865,0.11806375095552692,0.15359462239130728,-0.5254057222492987,-0.040000000000000924,0.0,0.04459888464827455,0.5,0.25612903225806444
2023-10-09,136.5238800048828,6964900.0,0.0,0.02966513989973879,17.700000762939453,5.33,5.385,0.5,0.252258064516129,135.0,-0.0007592114698783403,0.12098095833189855,0.11925548776170694,0.11513521165693544,0.1509756203009431,-0.5258079112702372,-0.06500000000000039,0.0,0.04441125162070381,0.5,0.25516129032258056
2023-10-10,137.353759765625,11288800.0,0.0,0.02948590564183142,17.030000686645508,5.33,5.37,0.5,0.2512903225806451,135.0,0.006078641778365146,0.12205680530816061,0.11932366659761914,0.11528983581463224,0.15091705256623264,-0.5239945437973549,-0.09999999999999964,0.0,0.04422381287311672,0.5,0.25419354838709673
2023-10-11,137.8252716064453,8698200.0,0.0,0.029385031879818214,16.09000015258789,5.33,5.38,0.5,0.2503225806451613,140.0,0.003432828061094906,0.12231501442109098,0.1196065246428091,0.1151412998505295,0.16863472166708204,-0.5275769643909246,-0.08000000000000007,0.0,0.04403617773620505,0.5,0.2532258064516129
2023-10-12,137.50462341308594,10484400.0,0.0,0.029453555083985433,16.690000534057617,5.33,5.43,0.5,0.2493548387096774,140.0,-0.0023264833047089706,0.1168577897071659,0.11960489386040767,0.11472570135622259,0.15700680370132347,-0.5274470654868089,-0.03000000000000025,0.0,0.04384862282066382,0.5,0.25225806451612903
2023-10-13,139.5699005126953,11029175.0,0.0,0.029017717897073452,19.31999969482422,5.33,5.41,0.5,0.2483870967741935,140.0,0.015019692053589662,0.12447323029264701,0.1238653307806764,0.11669147309274835,0.15354750651519064,-0.3614633745941052,-0.046666666666666856,0.0,0.043661148075057055,0.5,0.25129032258064515
2023-10-14,139.5227508544922,11573950.0,0.0,0.02902753063949144,18.616666158040363,5.33,5.413333333333333,0.5,0.24741935483870964,140.0,-0.000337821106341174,0.11127530299354238,0.11221522559792027,0.11588822677822747,0.23982041652167144,-0.29070460182716995,-0.040000000000000036,0.0,0.043473754107073326,0.5,0.2503225806451613
2023-10-15,139.47560119628906,12118725.0,0.0,0.02903734338190942,17.91333262125651,5.33,5.416666666666667,0.5,0.24645161290322576,140.0,-0.00033793526800729445,0.11093953891405897,0.11189758382150984,0.11507330861436052,0.15322879319605787,-0.2860088128283207,-0.033333333333333215,0.0,0.04328425064528951,0.5,0.24935483870967737
2023-10-16,139.42845153808594,12663500.0,0.0,0.029047156124327407,17.209999084472656,5.33,5.42,0.5,0.2454838709677419,140.0,-0.00033804950685800694,0.11092703639382427,0.10981897245881954,0.11501597221837913,0.15072760433726176,-0.25885952218589664,-0.03000000000000025,0.0,0.04309482796061759,0.5,0.24838709677419352
2023-10-17,139.1266632080078,11482700.0,0.0,0.02911016412393114,17.8799991607666,5.33,5.48,0.5,0.244516129032258,140.0,-0.0021644673432787975,0.11108268298787345,0.10980837339494189,0.11483676021040344,0.15067129915228053,-0.2588586116426598,-0.009999999999999787,0.0,0.04290767479579327,0.5,0.24741935483870964
2023-10-18,137.5989227294922,9620300.0,0.0,0.029433369968760267,19.219999313354492,5.33,5.47,0.5,0.2435483870967742,140.0,-0.010980932362558704,0.1154839589399441,0.11206426462050964,0.11417868334396944,0.15303249334943034,-0.2894024513634563,0.009999999999999787,0.0,0.04272060146454559,0.5,0.2464516129032258
2023-10-19,137.0142364501953,11143600.0,0.0,0.029558972154489764,21.399999618530273,5.33,5.44,0.5,0.2425806451612903,135.0,-0.004249206808445094,0.11598492870044673,0.11232566623857393,0.11372063022222656,0.20443971839952635,-0.29663812614846746,-0.019999999999999574,0.0,0.04253360799479955,0.5,0.24548387096774188
2023-10-20,134.80752563476562,13332900.0,0.0,0.0300428331499287,21.709999084472656,5.33,5.41,0.5,0.2416129032258064,135.0,-0.01610570457933269,0.12419610358137509,0.11690482176775514,0.11601600566610298,0.16109065359204905,-0.2941336439554636,-0.05999999999999961,0.0,0.04234669433542648,0.5,0.24451612903225803
2023-10-21,134.1945546468099,12266400.0,0.0,0.0301813273760998,21.263333002726238,5.33,5.413333333333333,0.5,0.24064516129032254,135.0,-0.004547008670839681,0.12297258700560747,0.10930512962751318,0.11549736617331458,0.25307901374566005,-0.32130961383641476,-0.06666666666666732,0.0,0.04215998118629427,0.5,0.24354838709677415
2023-10-22,133.58158365885416,11199900.0,0.0,0.0303198216022709,20.816666920979817,5.33,5.416666666666667,0.5,0.23967741935483866,135.0,-0.004567778398825828,0.12069660680318861,0.10862893954885026,0.11495256986216364,0.16389115342344016,-0.29848530385542227,-0.07333333333333325,0.0,0.04197334575331224,0.5,0.24258064516129027
2023-10-23,132.96861267089844,10133400.0,0.0,0.030458315828442002,20.3700008392334,5.33,5.42,0.5,0.2387096774193548,135.0,-0.004588738740522458,0.12099805797605559,0.10894514470568947,0.11460008240974352,0.16142939556170383,-0.2940220449833572,-0.07000000000000028,0.0,0.04178668386053741,0.5,0.2416129032258064
2023-10-24,133.12892150878906,8881400.0,0.0,0.03042163907061038,18.969999313354492,5.33,5.41,0.5,0.2377419354838709,135.0,0.0012056141270526677,0.12092441681702884,0.10899926841829012,0.1140426670649996,0.16146773285127344,-0.30549749566792755,-0.009999999999999787,0.0,0.04160010350318055,0.5,0.24064516129032257
2023-10-25,132.4027862548828,8242600.0,0.0,0.030588480156327844,20.190000534057617,5.33,5.43,0.5,0.2367741935483871,130.0,-0.005454376447106668,0.12136901821903515,0.10939938826322952,0.11303919084007891,0.1516120776406879,-0.314564805776744,0.040000000000000036,0.0,0.041413588068532015,0.5,0.23967741935483863
2023-10-26,132.7422637939453,9109400.0,0.0,0.03051025260716346,20.68000030517578,5.33,5.39,0.5,0.2358064516129032,135.0,0.0025639757943536345,0.11855324546799527,0.10953735342205426,0.11262859002340367,0.16545457116595969,-0.3087358750311065,-0.040000000000000036,0.0,0.041227152138429535,0.5,0.2387096774193548
2023-10-27,127.96106719970703,17434700.0,0.0,0.03165025181979158,21.270000457763672,5.33,5.39,0.5,0.2348387096774193,130.0,-0.03601864589005421,0.15616968226908995,0.1320231468874005,0.1272233335559966,0.15432107249769839,-0.29545853419753376,-0.025000000000000355,0.0,0.041040795662049545,0.5,0.23774193548387096
2023-10-28,128.50488789876303,14908300.0,0.0,0.031517435042749536,20.763333638509113,5.33,5.3966666666666665,0.5,0.23387096774193544,130.0,0.004249891869120281,0.15133107235073115,0.13108636067252075,0.12743772469569073,0.4831971665567085,-0.2898237137603405,-0.0033333333333329662,0.0,0.040854621172585315,0.5,0.23677419354838708
2023-10-29,129.048708597819,12381900.0,0.0,0.0313846182657075,20.25666681925456,5.33,5.403333333333333,0.5,0.23290322580645156,130.0,0.004231906723146661,0.14543691199982475,0.13145244783524856,0.12764887876514178,0.1738070241563936,-0.3016129551067314,0.018333333333333535,0.0,0.040668522745705316,0.5,0.23580645161290317
2023-10-30,129.592529296875,9855500.0,0.0,0.03125180148866546,19.75,5.33,5.41,0.5,0.2319354838709677,130.0,0.004214073158615106,0.14637979719214442,0.1297944473220623,0.12786991660785949,0.1601390200089055,-0.3236542704785523,0.040000000000000036,0.0,0.040482401208802754,0.5,0.23483870967741932
2023-10-31,131.1391143798828,9672500.0,0.0,0.030883234335928104,18.139999389648438,5.33,5.44,0.5,0.2309677419354839,130.0,0.011934214814689259,0.15128528391336368,0.13214440478835998,0.12864969553159938,0.15974700029448372,-0.3529102854621884,0.0600000000000005,0.0,0.04029636216856414,0.5,0.23387096774193544
2023-11-01,131.02597045898438,9432000.0,0.0,0.030909902714804077,16.8700008392334,5.33,5.37,0.5,0.23,130.0,-0.0008627778327882085,0.15117435347253022,0.13208017951562714,0.12806531229649434,0.21163925409489437,-0.34564956561266674,-0.05999999999999961,0.0,0.040110402158147096,0.5,0.23290322580645156
2023-11-02,133.3646697998047,10186200.0,0.0,0.030367862838632628,15.65999984741211,5.33,5.38,0.5,0.231,135.0,0.017849128173810458,0.15907587998546402,0.13729787459594212,0.13190880028051868,0.15262266621289675,-0.3751276431804081,-0.03000000000000025,0.0,0.03992452129743418,0.5,0.23221658986175114
2023-11-03,134.85470581054688,9538700.0,0.0,0.030032322384728027,14.90999984741211,5.33,5.29,0.5,0.2319999999999999,135.0,0.011172644246627783,0.16185716861788552,0.1392117476760488,0.13339436524846907,0.2678082195957919,-0.3852676997985769,-0.12333333333333307,0.0,0.03973871953590424,0.5,0.23181105990783407
2023-11-04,135.1941935221354,8900833.333333334,0.0,0.02995728472660007,14.90333334604899,5.33,5.303333333333334,0.5,0.23299999999999993,135.0,0.0025174331852049203,0.16156371411156778,0.13921152707555942,0.13345292162350636,0.20763925635542665,-0.3843939272773776,-0.11333333333333329,0.0,0.03955303294967116,0.5,0.23168663594470043
2023-11-05,135.53368123372397,8262966.666666667,0.0,0.029882247068472114,14.896666844685873,5.33,5.316666666666666,0.5,0.23399999999999996,135.0,0.0025111116294573854,0.15526015980332192,0.13927309074945896,0.1335109210102184,0.1553372567635809,-0.3835851625251461,-0.1033333333333335,0.0,0.03936738970424147,0.5,0.23184331797235022
2023-11-06,135.8731689453125,7625100.0,0.0,0.029807209410344156,14.890000343322754,5.33,5.33,0.5,0.235,135.0,0.0025048217424501473,0.15546727219625917,0.1382088357099281,0.1333857109542304,0.15395009572276036,-0.38767294372185035,-0.15000000000000036,0.0,0.039181811044480375,0.5,0.2322811059907834
2023-11-07,135.80715942382812,6297900.0,0.0,0.029821697303606252,14.8100004196167,5.33,5.33,0.5,0.236,135.0,-0.0004858171925830046,0.15546090767057724,0.1382093825351277,0.1316419422224638,0.15390297349322155,-0.3880303978456051,-0.13999999999999968,0.0,0.03899634690733267,0.5,0.23299999999999996
2023-11-08,136.47671508789062,7618200.0,0.0,0.029675391860009313,14.449999809265137,5.33,5.34,0.5,0.237,135.0,0.0049301941584165565,0.15615292483909046,0.1385314467120442,0.1319621234364573,0.15080626070830894,-0.39023556947123966,-0.10000000000000053,0.0,0.03881093987467166,0.5,0.23399999999999999
2023-11-09,136.0711669921875,7992500.0,0.0,0.029763836744580354,15.289999961853027,5.33,5.39,0.5,0.238,135.0,-0.0029715552242149945,0.15529357532480687,0.13865762225392916,0.13158071090384593,0.16270508217315463,-0.39259623866087745,-0.020000000000000462,0.0,0.038625611638969826,0.5,0.23499999999999996
2023-11-10,138.0893096923828,7983300.0,0.0,0.02932884528876317,14.170000076293945,5.33,5.38,0.5,0.239,140.0,0.014831523421204862,0.16100312370115652,0.14183002938320396,0.13406439266312592,0.1554187122508185,-0.41201696210451494,-0.033333333333333215,0.0,0.0384403621500049,0.5,0.23599999999999996
2023-11-11,137.8849894205729,7547633.333333333,0.0,0.029372434442026425,14.366666793823242,5.33,5.376666666666667,0.5,0.24,138.33333333333334,-0.001479624108955746,0.16091229376448365,0.13942440078708812,0.1340581974300207,0.23804682951242612,-0.43142062386260255,-0.040000000000000036,0.0,0.03825520396911597,0.5,0.23699999999999996
2023-11-12,137.68066914876303,7111966.666666667,0.0,0.02941602359528968,14.563333511352539,5.33,5.373333333333333,0.5,0.241,136.66666666666666,-0.001481816640582001,0.1546900764816015,0.1394600881001222,0.1340509511693954,0.15422601871490113,-0.4335521783471541,-0.046666666666666856,0.0,0.03806998767721814,0.5,0.238
2023-11-13,137.47634887695312,6676300.0,0.0,0.029459612748552938,14.760000228881836,5.33,5.37,0.5,0.242,135.0,-0.001484015679711237,0.15471830711325574,0.13365971876873645,0.12709250366119,0.15182951204347953,-0.4263386666533303,-0.040000000000000036,0.0,0.03788483940897169,0.5,0.23900000000000002
2023-11-14,139.98480224609375,9927700.0,0.0,0.028931712121720802,14.15999984741211,5.33,5.24,0.5,0.243,140.0,0.018246435766095193,0.1638209452085628,0.1387123804073978,0.1305714591535628,0.1517789198409458,-0.4306842140031738,-0.1899999999999995,0.0,0.03769990643748722,0.5,0.24
2023-11-15,141.21078491210938,8365300.0,0.0,0.028680528916546634,14.180000305175781,5.33,5.27,0.5,0.244,140.0,0.008757969767749119,0.165692922730537,0.13983450247698165,0.13018929080139258,0.27184966153133255,-0.42706458275911263,-0.1200000000000001,0.0,0.03751505000629951,0.5,0.24099999999999996
2023-11-16,142.82333374023438,8126200.0,0.0,0.028356711007503147,14.319999694824219,5.33,5.23,0.5,0.245,145.0,0.011419445257872196,0.16846734750202402,0.14168508945790811,0.1314857477714312,0.18904149763818062,-0.41845817989315354,-0.15999999999999925,0.0,0.03733027202137085,0.5,0.242
2023-11-17,144.11534118652344,7812400.0,0.0,0.028102490454213522,13.800000190734863,5.33,5.24,0.5,0.246,145.0,0.009046193030607608,0.1661492845859952,0.1427803050443754,0.13229018858201402,0.20777144361638022,-0.4231950387143277,-0.1566666666666663,0.0,0.037145572432777385,0.5,0.24300000000000002
2023-11-18,144.2630818684896,7547933.333333333,0.0,0.02807376935314684,13.670000076293945,5.33,5.243333333333333,0.5,0.247,145.0,0.0010251558283094209,0.16524965137666803,0.14273383146485596,0.13228839911820284,0.1893232946977113,-0.42301794689540806,-0.16000000000000014,0.0,0.036960957190389276,0.5,0.244
2023-11-19,144.41082255045572,7283466.666666667,0.0,0.028045048252080162,13.539999961853027,5.33,5.246666666666667,0.5,0.248,145.0,0.0010241059601152624,0.15628139994541898,0.14238367890759646,0.1322866132546958,0.1521234658816776,-0.41829936955566904,-0.1633333333333331,0.0,0.03677637539321732,0.5,0.24499999999999997
2023-11-20,144.55856323242188,7019000.0,0.0,0.02801632715101348,13.40999984741211,5.33,5.25,0.5,0.249,145.0,0.001023058240074315,0.15498716031324208,0.14127549686590493,0.12728090915395995,0.15118691096634307,-0.40302443144422173,-0.1900000000000004,0.0,0.036592133809575156,0.5,0.246
2023-11-21,144.25677490234375,7083500.0,0.0,0.028074937920535746,13.350000381469727,5.33,5.24,0.5,0.25,145.0,-0.0020876544656361906,0.15416807823725387,0.13973372692768585,0.12693071920658675,0.15116481457564482,-0.41423940109896007,-0.1299999999999999,0.0,0.036408015063087884,0.5,0.24700000000000003
2023-11-22,144.59628295898438,5174500.0,0.0,0.028009018745999214,12.850000381469727,5.33,5.26,0.5,0.251,145.0,0.0023534981762241003,0.15267108588031972,0.13975660935032222,0.12694439200272706,0.15287560277943935,-0.4146097118604075,-0.1200000000000001,0.0,0.03622370652460205,0.5,0.24800000000000003
2023-11-23,144.6952896118164,4335700.0,0.0,0.027989866892185286,12.65500020980835,5.33,5.265,0.5,0.252,145.0,0.0006847109123828687,0.15272560930171578,0.1397498949307533,0.12690981008007146,0.15350579372585182,-0.41444946988012393,-0.025000000000000355,0.0,0.03603947742302305,0.5,0.24899999999999997
2023-11-24,144.79429626464844,3496900.0,0.0,0.02797071503837136,12.460000038146973,5.33,5.27,0.5,0.253,145.0,0.0006842424041422213,0.15086846229227063,0.13974277577982977,0.12690593715209844,0.15091785083261114,-0.4142986411633628,-0.0333333333333341,0.0,0.03585531982476686,0.5,0.25
2023-11-25,144.6842803955078,4417633.333333333,0.0,0.027992015966137457,12.536666552225748,5.33,5.26,0.5,0.254,145.0,-0.0007598080309706434,0.15125557985803917,0.13778133419039107,0.12692050522577758,0.15085920215547122,-0.38622433355641517,-0.05666666666666664,0.0,0.03567188162627022,0.5,0.251
2023-11-26,144.5742645263672,5338366.666666667,0.0,0.028013316893903552,12.613333066304525,5.33,5.25,0.5,0.255,145.0,-0.0007603857781915968,0.0949916763085944,0.13746818646512782,0.1269341991296839,0.1509149227915017,-0.38242244341050236,-0.08000000000000007,0.0,0.03548749120640715,0.5,0.25200000000000006
2023-11-27,144.46424865722656,6259100.0,0.0,0.02803461782166965,12.6899995803833,5.33,5.24,0.5,0.256,145.0,-0.0007609644047026354,0.09601378932999999,0.13544376117300264,0.12629769981300384,0.15091662352553858,-0.36948002030313104,-0.08999999999999986,0.0,0.0353031868918352,0.5,0.253
2023-11-28,144.79429626464844,6582700.0,0.0,0.02797071503837136,12.6899995803833,5.33,5.21,0.5,0.257,145.0,0.002284631737538012,0.09612216924401362,0.12998151608120265,0.12611007284758832,0.15091711884535844,-0.37284141896589557,-0.1299999999999999,0.0,0.03511935745543049,0.5,0.254
2023-11-29,145.5299072265625,9126100.0,0.0,0.027829331284427446,12.979999542236328,5.33,5.12,0.5,0.258,145.0,0.005080386319703756,0.09618330714195326,0.12996974343571335,0.12442716106449493,0.15329997572636714,-0.36749698918881035,-0.2699999999999996,0.0,0.03493559454549544,0.5,0.255
2023-11-30,147.18963623046875,9869800.0,0.0,0.027515524215703146,12.920000076293945,5.33,5.16,0.5,0.259,145.0,0.011404727973353124,0.0958164177233588,0.131319573665563,0.12562699338019467,0.16347360792395027,-0.3622113167633097,-0.21999999999999975,0.0,0.034751909386861124,0.5,0.25599999999999995
2023-12-01,147.9063720703125,8916000.0,0.0,0.027382187415662455,12.630000114440918,5.33,5.05,0.5,0.26,150.0,0.0048694721870328195,0.09480095754541265,0.13118682712443822,0.12566890901223843,0.20716156701887603,-0.36297610244083633,-0.3266666666666671,0.0,0.03456830193019256,0.5,0.257
2023-12-02,148.26787312825522,9146500.0,0.0,0.027315749187795633,12.78000005086263,5.33,5.066666666666666,0.5,0.26193548387096777,150.0,0.0024441209184069557,0.08557127419332472,0.12985537202239095,0.1255468283809287,0.16380186853110767,-0.33655337441078786,-0.30666666666666664,0.0,0.0343848059850651,0.5,0.2581336405529954
2023-12-03,148.6293741861979,9377000.0,0.0,0.02724931095992881,12.929999987284342,5.33,5.083333333333333,0.5,0.26387096774193547,150.0,0.0024381617562556634,0.08253398013549604,0.1297389083682672,0.12541697031144494,0.15397783619950248,-0.3337243417084957,-0.28666666666666707,0.0,0.03420035677770916,0.5,0.2594009216589862
2023-12-04,148.99087524414062,9607500.0,0.0,0.027182872732061988,13.079999923706055,5.33,5.1,0.5,0.2658064516129032,150.0,0.002432231582229827,0.08254085879682779,0.1296434343144379,0.12527930044453292,0.15373645476703052,-0.333189179526411,-0.14000000000000057,0.0,0.034016034514615656,0.5,0.26080184331797235
2023-12-05,148.97201538085938,9135600.0,0.0,0.027186314084869143,12.850000381469727,5.33,5.06,0.5,0.267741935483871,150.0,-0.00012658401563414579,0.08309496333801773,0.1265456268548368,0.12521303995145874,0.15371639796348907,-0.3074645408477532,-0.20999999999999996,0.0,0.033832820542317954,0.5,0.2623364055299539
2023-12-06,147.40652465820312,9366000.0,0.0,0.027475038906119537,12.970000267028809,5.33,5.07,0.5,0.2696774193548387,145.0,-0.010508622835328829,0.09212118051437608,0.12884026598972464,0.12568526658690474,0.15068765998129877,-0.30759961325764046,-0.16000000000000014,0.0,0.03364960139936124,0.5,0.2640046082949309
2023-12-07,147.8592071533203,8130900.0,0.0,0.02739092193156707,13.0600004196167,5.33,5.05,0.5,0.2716129032258064,150.0,0.0030709800408552645,0.09162231764566849,0.1288236352603317,0.12573130295839557,0.20040952310015464,-0.30586838963059126,-0.1900000000000004,0.0,0.033466459662938375,0.5,0.26580645161290317
2023-12-08,149.4906463623047,7369400.0,0.0,0.027091996044919377,12.350000381469727,5.33,5.13,0.5,0.2735483870967742,150.0,0.011033734323305788,0.09445604806508962,0.1302520917717617,0.12682421363347152,0.15667245965248555,-0.31650807490335425,-0.11333333333333329,0.0,0.03328339528400592,0.5,0.267741935483871
2023-12-09,149.67297871907553,7610900.0,0.0,0.027059072657324885,12.443333625793457,5.33,5.133333333333333,0.5,0.27548387096774196,150.0,0.001219690737900292,0.09290565534592114,0.129907504361305,0.12682318671855647,0.20392414773242798,-0.31145548454669514,-0.11333333333333417,0.0,0.03310041666382624,0.5,0.2696774193548387
2023-12-10,149.85531107584634,7852400.0,0.0,0.027026149269730394,12.536666870117188,5.33,5.136666666666667,0.5,0.27741935483870966,150.0,0.0012182049046611798,0.0863329618441962,0.12984144827928532,0.1268221580906949,0.15276809976372313,-0.3103398518422073,-0.11333333333333329,0.0,0.032917214024333674,0.5,0.27161290322580645
2023-12-11,150.0376434326172,8093900.0,0.0,0.0269932258821359,12.630000114440918,5.33,5.14,0.5,0.2793548387096774,150.0,0.0012167226871162562,0.08554137858210899,0.12961023291914858,0.12524392796613157,0.15142631055279906,-0.3059304814782736,-0.10000000000000053,0.0,0.03273416577385224,0.5,0.2735483870967742
2023-12-12,151.3767547607422,10223000.0,0.0,0.0267544380007433,12.069999694824219,5.33,5.14,0.5,0.2812903225806452,150.0,0.008925169027507396,0.08628907345885721,0.12751071237618614,0.12593097369327386,0.1513943385135357,-0.48892623172360766,-0.1200000000000001,0.0,0.032551495893901716,0.5,0.2754838709677419
2023-12-13,151.885986328125,12379100.0,0.0,0.026664737793851718,12.1899995803833,5.33,4.94,0.5,0.2832258064516129,150.0,0.003364001085818469,0.0851572408720295,0.12752631160563313,0.12221572987653478,0.18722946955955327,-0.4937554048593112,-0.3249999999999993,0.0,0.0323688176795478,0.5,0.27741935483870966
2023-12-14,154.64910888671875,13643000.0,0.0,0.02618831772879238,12.479999542236328,5.33,4.9,0.5,0.2851612903225806,155.0,0.01819208358448865,0.08507694946388346,0.1319269141507485,0.12533246171915316,0.1572451925881033,-0.462428939198794,-0.3699999999999992,0.0,0.032186216529233036,0.5,0.2793548387096774
2023-12-15,155.81845092773438,20309300.0,0.0,0.025991787082251975,12.279999732971191,5.33,4.95,0.5,0.2870967741935484,155.0,0.007561259482407934,0.08448990068598537,0.1323874982925027,0.1257819392373982,0.27136333156649933,-0.4709175146506964,-0.3099999999999996,0.0,0.0320036923942022,0.5,0.2812903225806452
2023-12-16,156.13280232747397,16362733.333333334,0.0,0.02593966615725561,12.373333295186361,5.33,4.95,0.5,0.28903225806451616,155.0,0.0020174209014911515,0.08099878376166345,0.13212238036098953,0.12578521882760416,0.18085641256615756,-0.46730402127187776,-0.2999999999999998,0.0,0.03182126825543241,0.5,0.2832258064516129
2023-12-17,156.44715372721353,12416166.666666668,0.0,0.025887545232259248,12.46666685740153,5.33,4.95,0.5,0.29096774193548386,155.0,0.002013359108742785,0.07898145942129575,0.12933067383766217,0.12578798703027477,0.15343823530479914,-0.4339711204747645,-0.29000000000000004,0.0,0.03163887628166906,0.5,0.28516129032258064
2023-12-18,156.76150512695312,8469600.0,0.0,0.025835424307262884,12.5600004196167,5.33,4.95,0.5,0.2929032258064516,155.0,0.002009313638825949,0.0788475841499634,0.12864242406180454,0.12572010968085034,0.15276122556200136,-0.4457111797274392,-0.2599999999999998,0.0,0.03145673451105235,0.5,0.2870967741935484
2023-12-19,158.8550567626953,10345700.0,0.0,0.025494939113270207,12.529999732971191,5.33,4.93,0.5,0.2948387096774194,160.0,0.013355011066312095,0.0842883813368505,0.12468786747922414,0.12694184200167466,0.15273774955180985,-0.4202165042173144,-0.1900000000000004,0.0,0.031274714152262684,0.5,0.28903225806451616
2023-12-20,157.0632781982422,10734700.0,0.0,0.02578578549015238,13.670000076293945,5.33,4.88,0.5,0.2967741935483871,155.0,-0.011279329729677823,0.09408611460806031,0.12713477145528504,0.12780129756762446,0.22419824600626884,-0.47325294823063446,-0.28000000000000025,0.0,0.031092574228930303,0.5,0.29096774193548386
2023-12-21,157.9591522216797,7601700.0,0.0,0.025639539988896842,13.649999618530273,5.33,4.84,0.5,0.2987096774193548,160.0,0.005703905035693513,0.09329539414671148,0.12638987957817308,0.1266031442392913,0.20845451661964387,-0.48573511279630616,-0.20999999999999996,0.0,0.030910511029298204,0.5,0.2929032258064516
2023-12-22,157.86483764648438,6576300.0,0.0,0.02565485804425551,13.029999732971191,5.33,4.82,0.5,0.3006451612903225,160.0,-0.0005970820548780731,0.09386992737114436,0.12565399004738112,0.12665791006868407,0.16797039032060826,-0.48933022296032463,-0.24666666666666615,0.0,0.030728524504898935,0.5,0.2948387096774193
2023-12-23,158.09825134277344,6103125.0,0.0,0.025617148648201523,13.019999742507935,5.33,4.8225,0.5,0.30258064516129024,160.0,0.0014785667268841785,0.09373338350168453,0.12563989129938544,0.1266580678141374,0.15120370366604513,-0.525800371198888,-0.26083333333333325,0.0,0.03054663313781658,0.5,0.2967741935483871
2023-12-24,158.3316650390625,5629950.0,0.0,0.025579439252147534,13.009999752044678,5.33,4.825,0.5,0.304516129032258,160.0,0.0014763837949289815,0.09359489869808157,0.12447296850987452,0.12665822728952994,0.1517532789370427,-0.5147539655020796,-0.27499999999999947,0.0,0.030364827778758263,0.5,0.29870967741935484
2023-12-25,158.56507873535156,5156775.0,0.0,0.02554172985609355,12.999999761581421,5.33,4.827500000000001,0.5,0.30645161290322576,160.0,0.0014742072991620336,0.0930417476708715,0.1245085938858167,0.1250116059016181,0.15176221129001674,-0.5215812683594252,-0.23249999999999904,0.0,0.030183093846837483,0.5,0.30064516129032254
2023-12-26,158.79849243164062,4683600.0,0.0,0.02550402046003956,12.989999771118164,5.33,4.83,0.5,0.3083870967741935,160.0,0.0014720372111607372,0.09246979331493699,0.09324600011279664,0.1248180249833175,0.15175910414601437,-0.5284079177816063,-0.2400000000000002,0.0,0.03000141677800161,0.5,0.3025806451612903
2023-12-27,159.7509307861328,6428600.0,0.0,0.025351964962394825,12.430000305175781,5.33,4.79,0.5,0.3103225806451613,160.0,0.005997779575282802,0.09206911029935268,0.09336519787249785,0.12372962507158423,0.15175574257856753,-0.531683158529282,-0.2599999999999998,0.0,0.029819812883210783,0.5,0.30451612903225794
2023-12-28,160.59967041015625,6320100.0,0.0,0.025217984505551513,12.470000267028809,5.33,4.82,0.5,0.312258064516129,160.0,0.005312893138379904,0.09217933578628003,0.0934205239053031,0.11953858366389107,0.16820155232209358,-0.5305100281891761,-0.3099999999999996,0.0,0.029638285373712714,0.5,0.3064516129032257
2023-12-29,160.4110870361328,6435100.0,0.0,0.02524763141270735,12.449999809265137,5.33,4.79,0.5,0.3141935483870968,160.0,-0.0011742450874389077,0.09300130664380311,0.09393210040434614,0.11938111419506821,0.16494302914497538,-0.5323236842523053,-0.3433333333333328,0.0,0.0294568342013235,0.5,0.30838709677419346
2023-12-30,160.87788772583008,7320675.0,0.0,0.025175005482451565,12.637499809265137,5.33,4.7925,0.5,0.3150806451612903,160.0,0.0029100275942406384,0.08977876481140713,0.09232840820696867,0.11911873148860139,0.151658816538666,-0.5097699029469512,-0.3441666666666663,0.0,0.029275530585997522,0.5,0.3101728110599078
2023-12-31,161.34468841552734,8206250.0,0.0,0.02510237955219578,12.824999809265137,5.33,4.795,0.5,0.3159677419354839,160.0,0.0029015839050099412,0.08959908473267145,0.09190633090300676,0.11884573768475294,0.15496049538153425,-0.5923918163836539,-0.34499999999999975,0.0,0.029094265717060752,0.5,0.31180875576036865
2024-01-01,161.8114891052246,9091825.0,0.0,0.025029753621939994,13.012499809265137,5.33,4.797499999999999,0.5,0.31685483870967746,160.0,0.0028931890741581423,0.08958860838933365,0.08699787139321027,0.1177801144562925,0.15500876237790515,-0.5330852523222228,-0.34250000000000025,0.0,0.02891329260577158,0.5,0.313294930875576
2024-01-02,162.27828979492188,9977400.0,0.0,0.02495712769168421,13.199999809265137,5.33,4.8,0.5,0.317741935483871,160.0,0.002884842678839039,0.0895772347010046,0.08543144856902002,0.1177204105711627,0.154985367677206,-0.5086270955976708,-0.14000000000000057,0.0,0.028732344627516726,0.5,0.3146313364055299
2024-01-03,161.5709991455078,9852300.0,0.0,0.025066379618985,14.039999961853027,5.33,4.81,0.5,0.3154838709677419,160.0,-0.004358504457422474,0.0920389670247601,0.08678155447550227,0.11816181118028553,0.1549605796311469,-0.5306588931204604,-0.09000000000000075,0.0,0.028551274230079526,0.5,0.31536866359447
2024-01-04,162.64320373535156,11972500.0,1.05,0.031356981926515516,14.130000114440918,5.33,4.85,0.5,0.3132258064516129,165.0,0.006636120315615113,0.09231188414325901,0.08709551804916045,0.11628294681956959,0.16031619429517063,-0.5250809669599366,-0.10000000000000053,0.0,0.02845735106774172,0.5,0.3155069124423963
2024-01-05,163.459228515625,10066000.0,0.0,0.03120044090696594,13.350000381469727,5.33,4.84,0.5,0.3109677419354839,165.0,0.005017269467965324,0.08310981180535672,0.08718058738792818,0.11630699192147798,0.17205442506765473,-0.5175981135484556,-0.11000000000000032,0.0,0.02766461842540613,0.5,0.31504608294930875
2024-01-06,163.38016764322916,10453966.666666666,0.0,0.02917334586943669,13.260000228881836,5.33,4.833333333333333,0.5,0.30870967741935484,165.0,-0.00048367334847831955,0.08388391956447315,0.08718021270565121,0.11628953066795067,0.16358743540651716,-0.5172644343595211,-0.11666666666666714,0.0,0.028056553587374244,0.5,0.31413594470046086
2024-01-07,163.30110677083334,10841933.333333334,0.0,0.027146250831907442,13.170000076293945,5.33,4.826666666666667,0.5,0.3064516129032258,165.0,-0.0004839074015914324,0.08134315417442137,0.08739662009234916,0.11627202182803993,0.15103272918522642,-0.5122288625534053,-0.12333333333333307,0.0,0.028215433706461734,0.5,0.31277649769585253
2024-01-08,163.2220458984375,11229900.0,0.0,0.025119155794378192,13.079999923706055,5.33,4.82,0.5,0.3041935483870968,165.0,-0.00048414168133470437,0.08180574732317852,0.08681730084534278,0.1161389671378391,0.1507404623276808,-0.4938509884590639,-0.10999999999999943,0.0,0.02814160258228049,0.5,0.3109677419354839
2024-01-09,161.93157958984375,9923600.0,0.0,0.025319335551378448,12.760000228881836,5.33,4.82,0.5,0.3019354838709677,160.0,-0.00790620103730788,0.08753358192674618,0.08620297016350574,0.11727203243729928,0.150734045154126,-0.3841647278765737,-0.05999999999999961,0.0,0.028067813686020626,0.5,0.30870967741935484
2024-01-10,162.2731475830078,9670200.0,0.0,0.025266040999806953,12.6899995803833,5.33,4.82,0.5,0.2996774193548387,160.0,0.0021093352762273643,0.08745067269155614,0.08578039615488128,0.11706548290081506,0.18042325181754734,-0.37821875399990684,-0.019999999999999574,0.0,0.02799404485037149,0.5,0.3064516129032258
2024-01-11,161.58999633789062,11919500.0,0.0,0.025372857806288632,12.4399995803833,5.33,4.75,0.5,0.2974193548387097,160.0,-0.004209884723951229,0.08753052464671922,0.08653210983839472,0.11538305101347315,0.1536197375429742,-0.3510545368784528,-0.07000000000000028,0.0,0.027920296622230945,0.5,0.3041935483870968
2024-01-12,160.40391540527344,19436500.0,0.0,0.025560473319127024,12.699999809265137,5.33,4.65,0.5,0.2951612903225806,160.0,-0.007340064109767397,0.0916927929636039,0.08855413701303735,0.11631784647842552,0.1596599325411498,-0.3610482757611667,-0.17249999999999943,0.0,0.027846568992965226,0.5,0.3019354838709677
2024-01-13,160.15247344970703,18878975.0,0.0,0.025600793583157803,12.984999895095825,5.33,4.6625000000000005,0.5,0.29290322580645156,160.0,-0.0015675549747717898,0.07818430543030028,0.08282447134980978,0.11639260951542758,0.17676787784572093,-0.31339719539905564,-0.16249999999999964,0.0,0.027772883189011832,0.5,0.2996774193548387
2024-01-14,159.90103149414062,18321450.0,0.0,0.025641113847188583,13.269999980926514,5.33,4.675000000000001,0.5,0.2906451612903226,160.0,-0.0015700160612590608,0.07616805751726953,0.08206910226035179,0.11646709550222592,0.1525120087636779,-0.3281024140557638,-0.15249999999999986,0.0,0.02769896752584189,0.5,0.2974193548387096
2024-01-15,159.64958953857422,17763925.0,0.0,0.025681434111219367,13.555000066757202,5.33,4.6875,0.5,0.28838709677419355,160.0,-0.0015724848877889386,0.07640577628556931,0.08007577505091681,0.11641812158548802,0.15192996148248494,-0.36089439677766655,-0.14250000000000007,0.0,0.027625917346088436,0.5,0.2951612903225806
2024-01-16,159.3981475830078,17206400.0,0.0,0.025721754375250146,13.84000015258789,5.33,4.7,0.5,0.2861290322580645,160.0,-0.0015749614909322807,0.07659531648225511,0.07896941437607309,0.11458724997767707,0.15192094318955654,-0.3416777380011138,-0.08999999999999986,0.0,0.027553264541745115,0.5,0.2929032258064516
2024-01-17,158.54415893554688,11107500.0,0.0,0.025860303069675225,14.789999961853027,5.33,4.8,0.5,0.2838709677419355,160.0,-0.005357582007132322,0.07840095260828678,0.08027341637913757,0.11476442475197841,0.1519247694744124,-0.38007439123979525,-0.020000000000000462,0.0,0.02748057679040139,0.5,0.29064516129032253
2024-01-18,158.85726928710938,9382300.0,0.0,0.02580933197705859,14.130000114440918,5.33,4.8,0.5,0.2816129032258064,160.0,0.0019749094111363164,0.06847016336460837,0.08026922949727626,0.11071480510776853,0.1649608394436319,-0.3715858862255327,0.009999999999999787,0.0,0.02740697205454956,0.5,0.28838709677419355
2024-01-19,161.5994873046875,13115700.0,0.0,0.025371367622408734,13.300000190734863,5.33,4.84,0.5,0.2793548387096774,160.0,0.017262150041254865,0.07668494689255716,0.08633025734234857,0.11309162478149293,0.1529509654317447,-0.441252433901331,0.04749999999999943,0.0,0.027333387857468194,0.5,0.2861290322580645
2024-01-20,161.53622436523438,13022966.666666666,0.0,0.025381311679728655,13.263333320617676,5.33,4.836666666666667,0.5,0.2770967741935484,160.0,-0.0003914798277413478,0.0754345510448173,0.08606837248324307,0.11261126200350109,0.2618752461179327,-0.44396799006905974,0.04166666666666696,0.0,0.02725982506815061,0.5,0.2838709677419355
2024-01-21,161.47296142578125,12930233.333333334,0.0,0.02539125573704858,13.226666450500488,5.33,4.833333333333333,0.5,0.27483870967741936,160.0,-0.0003916331442171961,0.07540508135139014,0.08618848929720127,0.11212034550691072,0.1540531085910911,-0.447789644269934,0.035833333333333606,0.0,0.027185957749154666,0.5,0.28161290322580645
2024-01-22,161.40969848632812,12837500.0,0.0,0.0254011997943685,13.1899995803833,5.33,4.83,0.5,0.2725806451612903,160.0,-0.00039178658082772433,0.07544370133038941,0.08627829777085566,0.112190594807875,0.15076673491360407,-0.44966896057944067,0.03000000000000025,0.0,0.027112110665899136,0.5,0.2793548387096774
2024-01-23,160.3470001220703,8360800.0,0.0,0.025569546027544746,12.550000190734863,5.33,4.81,0.5,0.2703225806451613,160.0,-0.006583856944307631,0.07829515884150043,0.08796582706233155,0.11242469499472575,0.15069256844830578,-0.386810305718065,0.0,0.0,0.027038609137730818,0.5,0.27709677419354833
2024-01-24,161.77976989746094,9967100.0,0.0,0.02534309452040052,13.140000343322754,5.33,4.83,0.5,0.2680645161290322,160.0,0.008935432370420937,0.08202791262568866,0.08903157311694923,0.11299211646334988,0.17180837511676172,-0.33900640161974294,-0.019999999999999574,0.0,0.02696512761937786,0.5,0.27483870967741936
2024-01-25,164.094970703125,8873500.0,0.0,0.02498553113743857,13.449999809265137,5.33,4.76,0.5,0.2658064516129032,165.0,0.014310817768695472,0.0909349257343592,0.09237178192942397,0.09388149043880606,0.18769812982773657,-0.2953164067044552,-0.08000000000000007,0.0,0.02689166658825548,0.5,0.2725806451612903
2024-01-26,163.46871948242188,7443000.0,0.0,0.025081251097956274,13.260000228881836,5.33,4.78,0.5,0.2635483870967742,165.0,-0.003816394969447967,0.09079632663197981,0.0929896348906788,0.09449005499562167,0.23364065435560574,-0.28207971348195215,-0.05333333333333279,0.0,0.02681822603579742,0.5,0.2703225806451613
2024-01-27,163.61104838053384,7285733.333333333,0.0,0.02505947025381267,13.373333613077799,5.33,4.773333333333333,0.5,0.26129032258064516,165.0,0.0008706797151321055,0.08977700388832373,0.09302022925787565,0.09450097254425431,0.16026805522082246,-0.2827245778188925,-0.05333333333333368,0.0,0.026744810273820363,0.5,0.26806451612903226
2024-01-28,163.75337727864584,7128466.666666667,0.0,0.025037689409669064,13.486666997273764,5.33,4.766666666666667,0.5,0.25903225806451613,165.0,0.0008699222914394511,0.08961736193861422,0.09283360305708778,0.09450904532716917,0.15122449322499176,-0.29202804136895444,-0.05333333333333368,0.0,0.026671323932318636,0.5,0.2658064516129032
2024-01-29,163.8957061767578,6971200.0,0.0,0.02501590856552546,13.600000381469727,5.33,4.76,0.5,0.2567741935483871,165.0,0.0008691661844004717,0.0893733223142657,0.09077506231794935,0.09323969935484862,0.1510156127017908,-0.294128984776784,-0.0600000000000005,0.0,0.026597963536817648,0.5,0.2635483870967742
2024-01-30,167.25466918945312,10822100.0,0.0,0.024513515944692924,13.3100004196167,5.33,4.8,0.5,0.254516129032258,165.0,0.020494515024528814,0.10590690983858793,0.09820449728160721,0.09770406549608747,0.151010262411968,-0.3059683395763785,-0.020000000000000462,0.0,0.026524714579358122,0.5,0.26129032258064516
2024-01-31,165.44236755371094,11521800.0,0.0,0.024782043805489744,14.350000381469727,5.33,4.73,0.5,0.252258064516129,165.0,-0.010835581718136367,0.11138846690738735,0.10171723702319903,0.09700164647371795,0.29521304233758267,-0.36649417227134384,-0.019999999999999574,0.0,0.026451376276363625,0.5,0.25903225806451613
2024-02-01,164.84458923339844,9354800.0,0.0,0.02487191128969926,13.880000114440918,5.33,4.68,0.5,0.25,165.0,-0.0036132118341357655,0.11189488006765161,0.10231766795824992,0.09638374920855242,0.20667441928744365,-0.34319219862426376,0.02999999999999936,0.0,0.026378058400739812,0.5,0.2567741935483871
2024-02-02,165.7934112548828,8607600.0,0.0,0.024729571392296507,13.850000381469727,5.33,4.81,0.5,0.2510344827586206,165.0,0.005755857840993306,0.11189032073398929,0.10263924569931678,0.09656148719642392,0.15869105345200576,-0.34416981582995504,0.14749999999999908,0.0,0.0263047609439524,0.5,0.25498649292865083
2024-02-03,165.72066752115884,8345133.333333333,0.0,0.02474043607235233,13.790000279744467,5.33,4.83,0.5,0.25206896551724134,165.0,-0.0004387613064559259,0.11059821093940458,0.10266602488380197,0.09666651058330536,0.16702809769067675,-0.34703994509392844,0.15499999999999936,0.0,0.026231484997854437,0.5,0.25366915620530744
2024-02-04,165.6479237874349,8082666.666666667,0.0,0.02475130075240815,13.730000178019205,5.33,4.85,0.5,0.25310344827586206,165.0,-0.0004389539024434175,0.10984770150208803,0.0995166863774509,0.0967686673974758,0.15109534083730142,-0.34807555008297286,0.16249999999999964,0.0,0.026158186326310062,0.5,0.2528221833783569
2024-02-05,165.57518005371094,7820200.0,0.0,0.024762165432463974,13.670000076293945,5.33,4.87,0.5,0.2541379310344828,165.0,-0.00043914666758704257,0.10984451005615781,0.09960718529374735,0.09676502713612936,0.1507202943577853,-0.34725360334400457,0.16999999999999993,0.0,0.026084913680386457,0.5,0.2524455744477991
2024-02-06,166.14450073242188,6764800.0,0.0,0.024677313916053767,13.0600004196167,5.33,4.82,0.5,0.2551724137931034,165.0,0.003438442153747001,0.11014282645640752,0.09785220267626121,0.0966788574980446,0.15071199397387086,-0.31721143454030576,0.020000000000000462,0.0,0.026011704543301706,0.5,0.25253932941363416
2024-02-07,166.45761108398438,7225500.0,0.0,0.02463089535708517,12.829999923706055,5.33,4.83,0.5,0.2562068965517241,165.0,0.0018845664477740165,0.11015858906393036,0.09784597071931654,0.09628542436662635,0.15661831076252697,-0.31625322771999614,0.03000000000000025,0.0,0.025938509064842075,0.5,0.253103448275862
2024-02-08,165.8598175048828,6060300.0,0.0,0.02471967027142845,12.789999961853027,5.33,4.83,0.5,0.2572413793103448,165.0,-0.0035912661199970497,0.10791239838547478,0.09845813029043454,0.09442239385332726,0.1525765868640703,-0.3124109466850372,-0.009999999999999787,0.0,0.025865333954113945,0.5,0.25413793103448273
2024-02-09,166.05909729003906,6296700.0,0.0,0.024690005346945453,12.930000305175781,5.33,4.86,0.5,0.2582758620689655,165.0,0.0012014952636154597,0.10784887850702925,0.09845844876975936,0.09424605834725513,0.15723810551500697,-0.312401312290099,0.023333333333333428,0.0,0.02579217920261767,0.5,0.2551724137931034
2024-02-10,166.3057861328125,7044233.333333333,0.0,0.02465348988303257,13.263333638509115,5.33,4.863333333333333,0.5,0.2593103448275862,165.0,0.0014855484992946089,0.1068187764088303,0.09731013107801295,0.0940603074955238,0.15150762476784416,-0.29105732231367903,0.03000000000000025,0.0,0.02571905733136215,0.5,0.25620689655172413
2024-02-11,166.55247497558594,7791766.666666666,0.0,0.024616974419119694,13.596666971842447,5.33,4.866666666666667,0.5,0.2603448275862069,165.0,0.0014833449184770142,0.10386318587845769,0.09723860039151665,0.09387104093531728,0.1517707052786898,-0.2912800193588042,0.03666666666666707,0.0,0.025645810043977146,0.5,0.25724137931034485
2024-02-12,166.79916381835938,8539300.0,0.0,0.024580458955206812,13.930000305175781,5.33,4.87,0.5,0.2613793103448276,165.0,0.0014811478653176113,0.10351850586043133,0.09096222231484478,0.08991081335345495,0.15177320850808224,-0.34389342648991933,0.0600000000000005,0.0,0.025572623068338407,0.5,0.25827586206896547
2024-02-13,165.3474578857422,8397600.0,0.0,0.02479626873267787,15.850000381469727,5.33,4.99,0.5,0.2624137931034483,165.0,-0.008703316607738265,0.10729697723669801,0.09227416376006879,0.0909284362643219,0.15176991107231144,-0.3957403954915594,0.16000000000000014,0.0,0.025499602150774736,0.5,0.2593103448275862
2024-02-14,167.0269012451172,7056700.0,0.0,0.024546944051743628,14.380000114440918,5.33,4.94,0.5,0.263448275862069,165.0,0.010157055819603356,0.1100565247879796,0.09412941977807014,0.09057837230980081,0.18617034100242102,-0.43505142269857344,0.1800000000000006,0.0,0.025426549093581885,0.5,0.2603448275862069
2024-02-15,170.6705322265625,8723400.0,0.0,0.02402289338710981,14.010000228881836,5.33,4.93,0.5,0.2644827586206896,170.0,0.021814635572375174,0.12400130191191172,0.10303877664288441,0.09573186265871783,0.19734958020656582,-0.4374217870324123,0.14999999999999947,0.0,0.02535351634471028,0.5,0.2613793103448276
2024-02-16,169.8734893798828,8152600.0,0.0,0.024135608298663347,14.239999771118164,5.33,4.98,0.5,0.2655172413793104,170.0,-0.004670067153840107,0.12364655606214073,0.10379328047187475,0.09635014613057034,0.3098207842739293,-0.4402305684511905,0.206666666666667,0.0,0.025280503895692474,0.5,0.2624137931034483
2024-02-17,170.03953552246094,8531450.0,0.0,0.024112108361295022,14.53499984741211,5.33,4.9775,0.5,0.26655172413793105,170.0,0.0009774694284803154,0.12370317724123212,0.10077290966236474,0.09635126222613562,0.1665913289106824,-0.4489639741962958,0.21083333333333343,0.0,0.025207519871458084,0.5,0.263448275862069
2024-02-18,170.20558166503906,8910300.0,0.0,0.024088608423926697,14.829999923706055,5.33,4.975,0.5,0.26758620689655177,170.0,0.0009765149150045005,0.11543804762972716,0.09736282532785073,0.09635237673924171,0.15147899465450707,-0.4047186450506392,0.21499999999999986,0.0,0.025134196936832387,0.5,0.26448275862068965
2024-02-19,170.3716278076172,9289150.0,0.0,0.024065108486558368,15.125,5.33,4.9725,0.5,0.26862068965517244,170.0,0.0009755622639033845,0.11528769635612335,0.09694195932719624,0.09613695634078423,0.15112319726474274,-0.4048882016493932,0.17250000000000032,0.0,0.02506077267803919,0.5,0.2655172413793104
2024-02-20,170.5376739501953,9668000.0,0.0,0.024041608549190043,15.420000076293945,5.33,4.97,0.5,0.2696551724137931,170.0,0.0009746114697315456,0.11513248501179099,0.09686678183273507,0.09614419983403573,0.15111427759369503,-0.41786622779026106,0.23999999999999932,0.0,0.024987481846408865,0.5,0.26655172413793105
2024-02-21,171.64785766601562,7024000.0,0.0,0.0238861122751534,15.34000015258789,5.33,4.98,0.5,0.2706896551724138,170.0,0.006509903003277362,0.11570913554522606,0.09745155681935477,0.09643792628403555,0.15111311879707232,-0.41865174742826095,0.3000000000000007,0.0,0.024914572576248517,0.5,0.2675862068965517
2024-02-22,173.7068634033203,9296500.0,0.0,0.023602982171639572,14.539999961853027,5.33,5.02,0.5,0.2717241379310345,175.0,0.011995522491815791,0.11612649034394036,0.09982340331188316,0.0978609122460734,0.1711179594227558,-0.44620478169672334,0.20999999999999996,0.0,0.024841681954747008,0.5,0.26862068965517244
2024-02-23,174.57981872558594,7105800.0,0.0,0.023484959658736974,13.75,5.33,5.0,0.5,0.2727586206896552,175.0,0.005025450953188626,0.11485522251907224,0.10007584621595886,0.09787285062729276,0.2123698130800866,-0.45014735470864276,0.16999999999999993,0.0,0.024768811573891103,0.5,0.2696551724137931
2024-02-24,174.38055928548178,7119000.0,0.0,0.023511856687312843,13.74666659037272,5.33,5.01,0.5,0.27379310344827584,175.0,-0.0011413658323093934,0.10980655270559786,0.10023378745179252,0.09790634105274608,0.164680961826986,-0.44922582119547483,0.16000000000000014,0.0,0.024695968865469542,0.5,0.2706896551724138
2024-02-25,174.1812998453776,7132200.0,0.0,0.023538753715888715,13.743333180745443,5.33,5.0200000000000005,0.5,0.2748275862068965,175.0,-0.0011426700368472043,0.10883615486807409,0.09995488658756228,0.09793984737019762,0.15161306404492272,-0.44132926713548853,0.15000000000000036,0.0,0.024623052060180672,0.5,0.2717241379310345
2024-02-26,173.98204040527344,7145400.0,0.0,0.023565650744464584,13.739999771118164,5.33,5.03,0.5,0.2758620689655172,175.0,-0.0011439772253453162,0.10919262121742276,0.09976487587989201,0.09808741909964767,0.1513098128610296,-0.4422156959981132,0.20999999999999996,0.0,0.024551237339297316,0.5,0.2727586206896552
2024-02-27,174.0674285888672,5717100.0,0.0,0.02355409069484136,13.430000305175781,5.33,5.03,0.5,0.2768965517241379,175.0,0.0004907873444572886,0.10923368727887038,0.09964429359404442,0.09798641502206233,0.15130458173615038,-0.4401788558655429,0.20000000000000018,0.0,0.02447953668919678,0.5,0.27379310344827584
2024-02-28,174.9499053955078,6131600.0,0.0,0.023435279891870553,13.84000015258789,5.33,5.0,0.5,0.2779310344827586,175.0,0.005069741156026097,0.10951884856863585,0.09988390239708511,0.09684611469978055,0.15074991551476674,-0.43099046189386625,0.16999999999999993,0.0,0.02440676695920363,0.5,0.2748275862068965
2024-02-29,176.54393005371094,9643000.0,0.0,0.023223681486826728,13.399999618530273,5.33,5.01,0.5,0.2789655172413793,175.0,0.009111320492569241,0.0975729625638091,0.10107376773987907,0.09746248742940788,0.16336922957690522,-0.44290799067887615,0.14999999999999947,0.0,0.024334017419508136,0.5,0.27586206896551724
2024-03-01,175.81329345703125,6311800.0,0.0,0.023320193367528486,13.109999656677246,5.33,4.94,0.5,0.28,175.0,-0.004138554049733734,0.091728094387764,0.10168764648787464,0.09799370192432787,0.18883305214625967,-0.4322297628775196,0.0766666666666671,0.0,0.024261288061708797,0.5,0.2768965517241379
2024-03-02,176.25293477376303,6562400.0,0.0,0.02326231275908463,13.236666361490885,5.33,4.953333333333334,0.5,0.28193548387096773,175.0,0.0025006147606194684,0.09015590542094504,0.1016665737015951,0.09799473272708156,0.16020862761756566,-0.43331349793550894,0.08666666666666689,0.0,0.024188614169148304,0.5,0.2780597489273796
2024-03-03,176.69257609049478,6813000.0,0.0,0.023204432150640775,13.363333066304525,5.33,4.966666666666667,0.5,0.2838709677419355,175.0,0.0024943772839645106,0.08954684986537857,0.1009806228781135,0.09799574634576445,0.15403492928226595,-0.4195249837170743,0.09666666666666668,0.0,0.02411591753297815,0.5,0.2793516605752423
2024-03-04,177.13221740722656,7063600.0,0.0,0.023146551542196917,13.489999771118164,5.33,4.98,0.5,0.2858064516129032,175.0,0.0024881708471249375,0.08922054571722837,0.10043898987761826,0.09794064426029866,0.15387839747818433,-0.42370485025713006,-0.009999999999999787,0.0,0.024044135636462682,0.5,0.280772286667726
2024-03-05,178.90658569335938,6617800.0,0.0,0.022916987567060718,14.460000038146973,5.33,4.94,0.5,0.2877419354838709,180.0,0.010017196826783703,0.09159207043124953,0.1017019956397116,0.09654396057485848,0.15385921817963238,-0.35605754608467854,0.0,0.0,0.02397241639916503,0.5,0.2823216272048307
2024-03-06,179.83645629882812,7572900.0,0.0,0.022798491943075042,14.5,5.33,4.95,0.5,0.2896774193548387,180.0,0.0051975202693907985,0.09143831751636378,0.10189174505904434,0.09666571530393035,0.19561723791861774,-0.35631621231730526,0.020000000000000462,0.0,0.02389978744058241,0.5,0.2839996821865565
2024-03-07,178.26136779785156,7618300.0,0.0,0.022999935716017845,14.4399995803833,5.33,4.93,0.5,0.2916129032258064,180.0,-0.008758449390035228,0.09732979877230613,0.10401984313424606,0.09723010213503512,0.16504715878449233,-0.3459398500742056,-0.05000000000000071,0.0,0.023827178613725852,0.5,0.2858064516129032
2024-03-08,178.5934600830078,6172200.0,0.0,0.0229571676258155,14.739999771118164,5.33,4.92,0.5,0.2935483870967742,180.0,0.0018629515147265963,0.09733071190600517,0.10394354059203702,0.09722226066277435,0.186831862912284,-0.34608125410119867,-0.05750000000000011,0.0,0.023754589910226276,0.5,0.28774193548387095
2024-03-09,178.61559549967447,6035666.666666667,0.0,0.02295432330223397,14.899999936421713,5.33,4.93,0.5,0.2954838709677419,180.0,0.00012394304167906434,0.09594369403364651,0.10211411002770396,0.0972632112547834,0.153293052221398,-0.3720938238190802,-0.04499999999999993,0.0,0.023682021408953258,0.5,0.2896774193548387
2024-03-10,178.63773091634116,5899133.333333333,0.0,0.02295147897865244,15.06000010172526,5.33,4.94,0.5,0.2974193548387097,180.0,0.00012392768170532698,0.09611806477796923,0.10215577046385795,0.09730372769480487,0.1506776803107449,-0.3725834801886436,-0.03249999999999975,0.0,0.02360906388839412,0.5,0.2916129032258064
2024-03-11,178.6598663330078,5762600.0,0.0,0.02294863465507091,15.220000267028809,5.33,4.95,0.5,0.2993548387096774,180.0,0.00012391232553787823,0.09631552748624872,0.10148449251840148,0.09663476003295514,0.15061873792526992,-0.3859950605544714,-0.019999999999999574,0.0,0.02353618497915755,0.5,0.29354838709677417
2024-03-12,180.13059997558594,5708400.0,0.0,0.02276126321988432,13.84000015258789,5.33,5.0,0.5,0.3012903225806451,180.0,0.008232031472791945,0.097723019174919,0.10057122435535533,0.09718770251776612,0.1506174190356765,-0.40107481467362227,0.019999999999999574,0.0,0.023463735261061158,0.5,0.2954838709677419
2024-03-13,181.5918426513672,7795500.0,0.0,0.022578106704228277,13.75,5.33,5.01,0.5,0.3032258064516129,180.0,0.008112129066240259,0.09892295038706363,0.10107876895278314,0.09388089587919582,0.1822379773869945,-0.398181050056061,-0.009999999999999787,0.0,0.0233912471670501,0.5,0.2974193548387097
2024-03-14,178.35626220703125,10310900.0,0.0,0.02298769860539479,14.399999618530273,5.33,5.04,0.5,0.3051612903225806,180.0,-0.01781787329812956,0.11117763286850113,0.10890937103106518,0.09902265823886412,0.18205099864543164,-0.4198065647443715,0.040000000000000036,0.0,0.023318779146239255,0.5,0.2993548387096774
2024-03-15,180.56710815429688,17214200.0,0.0,0.022706239480207537,14.40999984741211,5.33,5.05,0.5,0.3070967741935484,180.0,0.012395673243585481,0.11266453238694427,0.11076603211700059,0.10066175493029425,0.27118943669700063,-0.4096800546743976,0.040000000000000036,0.0,0.02324633119029218,0.5,0.30129032258064514
2024-03-16,181.31353759765625,14480733.333333334,0.0,0.02261352606305178,14.383333206176758,5.33,5.053333333333333,0.5,0.3090322580645161,181.66666666666666,0.004133806267316187,0.09743888324207509,0.11058450769729754,0.10074740706155143,0.21815323961205715,-0.40702080691106024,0.03333333333333233,0.0,0.023173999083275332,0.5,0.3032258064516129
2024-03-17,182.05996704101562,11747266.666666668,0.0,0.02252081264589603,14.356666564941406,5.33,5.056666666666667,0.5,0.3109677419354839,183.33333333333334,0.004116788262196636,0.09549977151086787,0.10953305554541042,0.1008304633535054,0.16095043138905007,-0.3885309617665394,0.026666666666666394,0.0,0.023101549376114194,0.5,0.3051612903225806
2024-03-18,182.806396484375,9013800.0,0.0,0.022428099228740273,14.329999923706055,5.33,5.06,0.5,0.3129032258064516,185.0,0.004099909801649204,0.09554877123426887,0.10959165676120143,0.09899272554350914,0.1593699157382449,-0.3950167689894785,0.02999999999999936,0.0,0.023029030150811147,0.5,0.30709677419354836
2024-03-19,183.87857055664062,8478700.0,0.0,0.022297323649995773,13.819999694824219,5.33,5.06,0.5,0.3148387096774193,185.0,0.005865079630062331,0.09595446238776742,0.10545854669687263,0.09680315321792123,0.15926666950093207,-0.3629700657179203,0.05999999999999961,0.0,0.022956668576289196,0.5,0.3090322580645161
2024-03-20,186.28868103027344,9367000.0,0.0,0.02200885194594145,13.039999961853027,5.33,5.01,0.5,0.3167741935483871,185.0,0.013107076405569629,0.1004550775310998,0.1076367069385967,0.09841214968883383,0.16762922388749327,-0.38995628813953065,0.0,0.0,0.022884320838594263,0.5,0.3109677419354839
2024-03-21,188.8790283203125,11203800.0,0.0,0.021707015524492064,12.920000076293945,5.33,5.01,0.5,0.3187096774193548,190.0,0.013905017071961012,0.10501536137197232,0.10998588191532879,0.1003385433027296,0.222179806608883,-0.38812391693761883,0.0699999999999994,0.0,0.022811993115832152,0.5,0.31290322580645163
2024-03-22,186.56385803222656,8108800.0,0.0,0.021976389442438397,13.0600004196167,5.33,4.98,0.5,0.3206451612903225,185.0,-0.012257423752518148,0.11399701163334418,0.11402758694747796,0.10316101116649284,0.2305375551599457,-0.3843259939177974,0.026666666666666394,0.0,0.022739685399697063,0.5,0.31483870967741934
2024-03-23,185.9945526123047,8279200.0,0.0,0.022044070673022234,13.103333473205566,5.33,4.986666666666667,0.5,0.32258064516129026,185.0,-0.003051531126803453,0.11179931892872853,0.11305631445382407,0.10348447791549435,0.2172281969214021,-0.4210668131897135,0.020000000000000462,0.0,0.02266745096537326,0.5,0.3167741935483871
2024-03-24,185.4252471923828,8449600.0,0.0,0.022111751903606067,13.146666526794434,5.33,4.993333333333333,0.5,0.324516129032258,185.0,-0.003060871471373461,0.11253155312787495,0.11281120768629327,0.10380192413718926,0.15714165357269896,-0.44585361163701587,0.013333333333332753,0.0,0.02259424398863996,0.5,0.3187096774193548
2024-03-25,184.85594177246094,8620000.0,0.0,0.022179433134189904,13.1899995803833,5.33,5.0,0.5,0.3264516129032258,185.0,-0.003070269170687423,0.11313969422198492,0.11053869530651038,0.10411338505623317,0.1555634962209622,-0.4759138100810055,0.05999999999999961,0.0,0.022521036971681507,0.5,0.32064516129032256
2024-03-26,185.7193603515625,5961500.0,0.0,0.022076319842146738,13.239999771118164,5.33,5.0,0.5,0.3283870967741935,185.0,0.0046707645468293535,0.11301348834269208,0.11000040173614335,0.1039826711653455,0.15555720520726182,-0.4834862776380675,0.04999999999999982,0.0,0.022448842431053384,0.5,0.3225806451612903
2024-03-27,189.31552124023438,8725800.0,0.0,0.021656967020666266,12.779999732971191,5.33,4.99,0.5,0.3303225806451613,190.0,0.01936341414198517,0.12280886328252671,0.11537475177477272,0.10787367489713269,0.16161102012593093,-0.4927573583692129,0.0600000000000005,0.0,0.02237663494027653,0.5,0.32451612903225807
2024-03-28,190.05564880371094,8628300.0,0.0,0.021572628994755483,13.010000228881836,5.33,5.03,0.5,0.332258064516129,190.0,0.003909492252023972,0.1226455855486521,0.11536671233583667,0.107808024116677,0.2834951521943528,-0.48961236701438815,0.11000000000000032,0.0,0.022304447406290562,0.5,0.3264516129032257
2024-03-29,189.73303604125977,8298475.0,0.0,0.021609498107897862,13.170000076293945,5.33,5.0375,0.5,0.33419354838709675,190.0,-0.0016974647398371179,0.1231888752814903,0.11563981427003378,0.10795971365551961,0.1623463862983959,-0.49056056925197605,0.10749999999999993,0.0,0.022232304472925124,0.5,0.3283870967741935
2024-03-30,189.4104232788086,7968650.0,0.0,0.02164636722104024,13.329999923706055,5.33,5.045,0.5,0.3361290322580645,190.0,-0.0017003510257487253,0.12230450073828915,0.1097765425131713,0.10810553055301893,0.15237213470900327,-0.49575277148245994,0.10499999999999954,0.0,0.022160189689230725,0.5,0.33032258064516123
2024-03-31,189.08781051635742,7638825.0,0.0,0.021683236334182617,13.489999771118164,5.33,5.0525,0.5,0.33806451612903227,190.0,-0.001703247143776676,0.12137927384369583,0.10671249864337284,0.10824551848703734,0.15214692575728506,-0.4616714587624859,0.10250000000000004,0.0,0.02145314974577106,0.5,0.332258064516129
2024-04-01,188.76519775390625,7309000.0,0.0,0.021720105447324996,13.649999618530273,5.33,5.06,0.5,0.34,190.0,-0.0017061531442464917,0.1219682798976386,0.10633635301253841,0.10837971967808512,0.15214697814218975,-0.4840423156586648,0.05999999999999961,0.0,0.020747166916435633,0.5,0.33419354838709675
2024-04-02,188.68930053710938,7014700.0,0.0,0.02172884200815433,14.609999656677246,5.33,5.05,0.5,0.3379999999999999,190.0,-0.00040207208585041343,0.12221403137121904,0.10622246317632862,0.10795543221968398,0.1521520921034404,-0.4813105531530802,0.040000000000000036,0.0,0.02004225614245847,0.5,0.3355668202764977
2024-04-03,188.157958984375,9353400.0,0.0,0.021790202349827103,14.329999923706055,5.33,5.03,0.5,0.336,190.0,-0.00281596015895913,0.1230667981426605,0.10658237602998827,0.10789960122614489,0.15072791371018504,-0.47203482507293176,-0.009999999999999787,0.0,0.019338404489568806,0.5,0.3363778801843318
2024-04-04,186.72634887695312,9243800.0,1.15,0.02811601057684466,16.350000381469727,5.33,5.0,0.5,0.3339999999999999,185.0,-0.007608554616287844,0.12375425590185817,0.10832627855549683,0.108846054906823,0.15469149308417507,-0.49846761707397763,-0.04999999999999982,0.0,0.018738840559566095,0.5,0.3366267281105991
2024-04-05,188.4442596435547,6532300.0,0.0,0.0278596971323534,16.030000686645508,5.33,5.05,0.5,0.332,190.0,0.009200151863589578,0.12532888362586148,0.1091868205393916,0.10954731906650952,0.17845938065188288,-0.5052331009279812,-0.0033333333333329662,0.0,0.019528866459173733,0.5,0.3363133640552995
2024-04-06,188.7719268798828,7021866.666666667,0.0,0.02605181562230886,15.75000031789144,5.33,5.056666666666667,0.5,0.33,190.0,0.001738801897961384,0.12142328591334187,0.10915745467583786,0.10949152628709934,0.1898011177103263,-0.5054605443603295,0.0,0.0,0.020090236568000908,0.5,0.3354377880184332
2024-04-07,189.09959411621094,7511433.333333333,0.0,0.024243934112264318,15.46999994913737,5.33,5.0633333333333335,0.5,0.328,190.0,0.001735783713945116,0.12142428301117605,0.10915930408263545,0.10943426585479132,0.15314663468788522,-0.5047785092401043,0.0033333333333338544,0.0,0.020422190469510992,0.5,0.33399999999999996
2024-04-08,189.42726135253906,8001000.0,0.0,0.02243605260221978,15.1899995803833,5.33,5.07,0.5,0.326,190.0,0.0017327759896024197,0.12130867324257515,0.10851031858225632,0.10822880866322505,0.15222172491165542,-0.5079385997755491,0.010000000000000675,0.0,0.020523976193112414,0.5,0.33199999999999996
2024-04-09,188.1579132080078,7351500.0,0.0,0.022587410370041902,14.979999542236328,5.33,5.03,0.5,0.324,190.0,-0.006700979233231319,0.12380641475427963,0.11003108333074023,0.10914939292292271,0.15219564604477268,-0.49029675773939924,0.020000000000000462,0.0,0.020625759193592774,0.5,0.33
2024-04-10,186.5545654296875,7681400.0,0.0,0.02278153842127132,15.800000190734863,5.33,5.19,0.5,0.322,185.0,-0.008521288055250764,0.1272933357803743,0.11216809736486935,0.11004714796704664,0.17255272613538866,-0.5083977144832087,0.1800000000000006,0.0,0.020727519965174634,0.5,0.32799999999999996
2024-04-11,186.51637268066406,10137700.0,0.0,0.022786203371413693,14.90999984741211,5.33,5.17,0.5,0.32,185.0,-0.00020472695983331235,0.1257375896285339,0.11224914422504423,0.10904338318860847,0.1852362205825625,-0.4897663264902481,0.1899999999999995,0.0,0.02082926673821328,0.5,0.326
2024-04-12,174.45289611816406,11294925.0,0.0,0.024361877014190132,17.309999465942383,5.33,5.13,0.5,0.318,175.0,-0.06467784242809593,0.23233224161218485,0.18015357672689625,0.15820237311839325,0.15149085361270082,-0.6363059849348179,0.14333333333333265,0.0,0.020930999515596405,0.5,0.32399999999999995
2024-04-13,174.48470560709634,12452150.0,0.0,0.024357437333321838,17.9499994913737,5.33,5.14,0.5,0.316,175.0,0.00018233855464755422,0.22692784476806974,0.17907097289162366,0.15815043754273422,0.8502663086005979,-0.641116826585385,0.1466666666666665,0.0,0.021032718494457647,0.5,0.322
2024-04-14,174.51651509602866,13609375.0,0.0,0.024352997652453544,18.589999516805012,5.33,5.15,0.5,0.314,175.0,0.00018230531336049793,0.22356371640547418,0.1780430651878121,0.15809776002653142,0.19578274041042604,-0.6399145548222239,0.15000000000000036,0.0,0.021134519972854315,0.5,0.32
2024-04-15,174.54832458496094,14766600.0,0.0,0.02434855797158525,19.229999542236328,5.33,5.16,0.5,0.312,175.0,0.00018227208419085983,0.22304884259004404,0.1726598336681024,0.15804433679899244,0.15178234507528598,-0.6336088513365515,0.16000000000000014,0.0,0.02123636513501692,0.5,0.318
2024-04-16,172.55364990234375,16451800.0,0.0,0.02463002087991344,18.399999618530273,5.33,5.18,0.5,0.31,175.0,-0.01142763579862538,0.22436090608879983,0.17407048853921575,0.1590727121540298,0.1506527969183986,-0.5869262657960679,0.1899999999999995,0.0,0.0213382155336439,0.5,0.31599999999999995
2024-04-17,171.86647033691406,9017100.0,0.0,0.024728499931770405,18.209999084472656,5.33,5.16,0.5,0.308,170.0,-0.003982411069360703,0.22374250880531815,0.17428075784830105,0.15927600072410653,0.20826433575850456,-0.5837307616112101,0.1299999999999999,0.0,0.021439878396673162,0.5,0.314
2024-04-18,172.9831085205078,9557700.0,0.0,0.02456887285902916,18.0,5.33,5.18,0.5,0.306,175.0,0.006497126411014076,0.2239426790486445,0.17475218255829078,0.15718568255869023,0.16012288674737168,-0.5866943003772347,0.14250000000000007,0.0,0.021541527281350614,0.5,0.312
2024-04-19,177.32562255859375,13402300.0,0.0,0.023967207551157315,18.709999084472656,5.33,5.17,0.5,0.304,175.0,0.025103688303595995,0.23322740861351487,0.181836784502706,0.16223335226149765,0.17122563322927226,-0.5204450317097071,0.125,0.0,0.021643162190559506,0.5,0.31
2024-04-20,178.47407023111978,12778100.0,0.0,0.023814942591785414,18.119999567667644,5.33,5.166666666666667,0.5,0.302,176.66666666666666,0.006476490289194059,0.22994427096476253,0.18222295255712712,0.16246714193522693,0.3451323627274844,-0.5242236493829191,0.11416666666666675,0.0,0.02174502353306762,0.5,0.30799999999999994
2024-04-21,179.62251790364584,12153900.0,0.0,0.02366267763241351,17.53000005086263,5.33,5.163333333333333,0.5,0.3,178.33333333333334,0.00643481527058154,0.22896225091598335,0.1822129952388707,0.16268774396239832,0.1771010063312773,-0.5266393322848346,0.1033333333333335,0.0,0.021846868617748427,0.5,0.306
2024-04-22,180.77096557617188,11529700.0,0.0,0.02351041267304161,16.940000534057617,5.33,5.16,0.5,0.298,180.0,0.006393673164865055,0.2299497356971479,0.1811117434126555,0.16237658565837476,0.17123408892499078,-0.5193362797694381,0.11000000000000032,0.0,0.021948459390472852,0.5,0.304
2024-04-23,183.37643432617188,9144400.0,0.0,0.02317636950253117,15.6899995803833,5.33,5.14,0.5,0.296,185.0,0.014413093063344373,0.2340384523969337,0.18305703656211386,0.16334061092778096,0.1708613001103265,-0.535610327470033,0.10999999999999943,0.0,0.02205003845433362,0.5,0.302
2024-04-24,184.2735595703125,6964900.0,0.0,0.023063536678349914,15.970000267028809,5.33,5.17,0.5,0.294,185.0,0.0048922602701768625,0.23437506737200522,0.18319745085441044,0.16200839133271625,0.2343149541963635,-0.5323899035055922,0.16999999999999993,0.0,0.02215160349646461,0.5,0.29999999999999993
2024-04-25,184.5503387451172,9802300.0,0.0,0.02302894716367702,15.369999885559082,5.33,5.21,0.5,0.292,185.0,0.0015020015646849405,0.23399549002203873,0.18315041011524166,0.16177747674866147,0.16472224534476376,-0.5289906178890795,0.16000000000000014,0.0,0.022253154580411216,0.5,0.298
2024-04-26,184.6648712158203,6413700.0,0.0,0.02301466419692226,15.029999732971191,5.33,5.21,0.5,0.29,185.0,0.0006206028744346614,0.22670126882360903,0.18309933837072978,0.16178010545797192,0.15210317415900812,-0.5274926837840123,0.15333333333333332,0.0,0.022354691709050467,0.5,0.296
2024-04-27,184.5980682373047,6071733.333333333,0.0,0.023022998854443207,14.90999984741211,5.33,5.206666666666667,0.5,0.288,185.0,-0.00036175249832737233,0.22626446043711976,0.18311766539000798,0.16180347180903745,0.15084272737091567,-0.5283873218209095,0.14333333333333353,0.0,0.022456215650342504,0.5,0.294
2024-04-28,184.53126525878906,5729766.666666667,0.0,0.02303133351196415,14.789999961853027,5.33,5.203333333333333,0.5,0.286,185.0,-0.00036188341055520823,0.22626027528228648,0.1829388966996857,0.16182653793245294,0.150682498482499,-0.5337222839443493,0.13333333333333286,0.0,0.022557171244119045,0.5,0.2919999999999999
2024-04-29,184.46446228027344,5387800.0,0.0,0.023039668169485095,14.670000076293945,5.33,5.2,0.5,0.284,185.0,-0.00036201441756733566,0.2262537082335418,0.1821567856779717,0.158630089409598,0.15067896662768399,-0.5289157441377335,0.16999999999999993,0.0,0.02265816246153496,0.5,0.29
2024-04-30,182.99468994140625,8153700.0,0.0,0.023224717620827267,15.649999618530273,5.33,5.25,0.5,0.282,185.0,-0.007967780464044227,0.22718629920244457,0.18276757304785812,0.15808390504386952,0.15067893704984467,-0.5409734138847276,0.05999999999999961,0.0,0.022759694135778163,0.5,0.288
2024-05-01,183.10922241210938,7445300.0,0.0,0.02321019085775408,15.390000343322754,5.33,5.21,0.5,0.28,185.0,0.0006258786565871421,0.22723198514991155,0.18272776477069239,0.15788295398583999,0.18085111679014845,-0.5405267382806914,0.040000000000000036,0.0,0.02286116155452178,0.5,0.286
2024-05-02,182.91831970214844,6501700.0,0.0,0.023234414174153832,14.680000305175781,5.33,5.16,0.5,0.2790322580645161,185.0,-0.0010425619608130932,0.22722458054967412,0.18271805807565708,0.1577347007023107,0.15155319211923338,-0.5322808255265321,0.03000000000000025,0.0,0.022962615035208245,0.5,0.28414746543778796
2024-05-03,181.82077026367188,8922800.0,0.0,0.02337466722771418,13.489999771118164,5.33,5.12,0.5,0.2780645161290322,180.0,-0.00600021605415868,0.22763156924101502,0.18316928932661375,0.1581637595120582,0.1511950183230825,-0.49940173218580375,-0.019999999999999574,0.0,0.02306405458070926,0.5,0.28244239631336404
2024-05-04,182.29478454589844,8585566.666666666,0.0,0.023314201412328792,13.489999771118164,5.33,5.12,0.5,0.27709677419354833,181.66666666666666,0.0026070414372305617,0.22702647840928397,0.18215141323401218,0.15816567675563364,0.1684048061780783,-0.5328716750691019,-0.03000000000000025,0.0,0.02316551955953572,0.5,0.2808847926267281
2024-05-05,182.768798828125,8248333.333333333,0.0,0.023253735596943402,13.489999771118164,5.33,5.12,0.5,0.27612903225806446,183.33333333333334,0.002600262445287882,0.22531544913125034,0.18193292633095612,0.15816556530875706,0.15450482479236943,-0.5340830936815303,-0.040000000000000036,0.0,0.023266963428122622,0.5,0.27947465437788016
2024-05-06,183.24281311035156,7911100.0,0.0,0.023193269781558015,13.489999771118164,5.33,5.12,0.5,0.2751612903225806,185.0,0.00259351861622914,0.22541965593288998,0.1810034663782111,0.15813663435565586,0.15416215870872627,-0.5376719331418288,-0.05999999999999961,0.0,0.023368493752336406,0.5,0.2782119815668202
2024-05-07,183.0042266845703,7688800.0,0.0,0.023223507330928393,13.229999542236328,5.33,5.13,0.5,0.2741935483870967,185.0,-0.0013020233739675646,0.22527241242337712,0.1810149503685601,0.15818116029982865,0.15413676949042127,-0.5382199491504985,-0.03000000000000025,0.0,0.02347001733676901,0.5,0.27709677419354833
2024-05-08,186.72634887695312,9227600.0,0.0,0.02276057999077901,13.0,5.33,5.13,0.5,0.2732258064516129,185.0,0.020338995769744406,0.23344323404198308,0.18547219698082698,0.16116237119448898,0.15156855296403385,-0.5338193092160826,-0.04999999999999982,0.0,0.023571387252745213,0.5,0.27612903225806446
2024-05-09,188.49195861816406,7977300.0,0.0,0.022547380966046412,12.6899995803833,5.33,5.12,0.5,0.272258064516129,190.0,0.009455600411136578,0.23437446738128703,0.18631508613706,0.16173024087833657,0.29358060744255854,-0.5359325387250716,-0.04999999999999982,0.0,0.02367274325074531,0.5,0.2751612903225806
2024-05-10,189.70404052734375,7529800.0,0.0,0.022403318285608202,12.550000190734863,5.33,5.17,0.5,0.2712903225806451,190.0,0.006430417074900552,0.2336059640974086,0.18664903996901794,0.16194669492031047,0.1948703406044051,-0.5361223536129741,0.0033333333333329662,0.0,0.023774085333635675,0.5,0.2741935483870967
2024-05-11,189.69131469726562,7369600.0,0.0,0.022404821459754164,12.90000025431315,5.33,5.166666666666667,0.5,0.27032258064516124,190.0,-6.708254627973975e-05,0.23360239868755572,0.18605517089520582,0.16196691363221016,0.1716391029045937,-0.5351263372452698,0.0033333333333338544,0.0,0.023875413530542122,0.5,0.2732258064516128
2024-05-12,189.6785888671875,7209400.0,0.0,0.022406324633900125,13.25000031789144,5.33,5.163333333333333,0.5,0.26935483870967736,190.0,-6.70870466495943e-05,0.11736524988070798,0.1854534835896895,0.16198666576352808,0.1511132801612634,-0.5348449975130981,0.0033333333333329662,0.0,0.023976640874802113,0.5,0.272258064516129
2024-05-13,189.66586303710938,7049200.0,0.0,0.022407827808046087,13.600000381469727,5.33,5.16,0.5,0.2683870967741935,190.0,-6.709154762341019e-05,0.11741560555232518,0.1813243097208014,0.16109254998625194,0.1506228419260555,-0.5219545265791983,0.020000000000000462,0.0,0.024077884085739854,0.5,0.2712903225806451
2024-05-14,192.3190460205078,8596200.0,0.0,0.022098695308351332,13.420000076293945,5.33,5.16,0.5,0.2674193548387096,190.0,0.01398872174946586,0.12143335040351634,0.1817707107808848,0.1617866536872048,0.15061186865632828,-0.5260418840484388,-0.009999999999999787,0.0,0.024179200338086515,0.5,0.27032258064516124
2024-05-15,192.89170837402344,8370000.0,0.0,0.02203308807737401,12.449999809265137,5.33,5.1,0.5,0.2664516129032258,195.0,0.0029776684388012065,0.12109201896012586,0.18170280640915643,0.1582261851810772,0.23002124541377156,-0.5206106908298007,-0.11000000000000032,0.0,0.024280472893425387,0.5,0.26935483870967736
2024-05-16,193.2352752685547,8497900.0,0.0,0.02199391386533039,12.420000076293945,5.33,5.13,0.5,0.2654838709677419,195.0,0.0017811387406299062,0.11279854932903129,0.1815970334801393,0.15789674723566174,0.15729898316705196,-0.5209502528398471,-0.08000000000000007,0.0,0.024381731550834784,0.5,0.26838709677419353
2024-05-17,195.449462890625,9260500.0,0.0,0.021744751493015524,11.989999771118164,5.33,5.14,0.5,0.2645161290322581,195.0,0.011458506315645822,0.1124088721747475,0.18274214346529682,0.15877141316981766,0.152398054569226,-0.5254459853561458,-0.06666666666666732,0.0,0.02448297631317531,0.5,0.26741935483870966
2024-05-18,192.5194854736328,11964766.666666668,0.0,0.022086076849370563,12.043333053588867,5.33,5.1433333333333335,0.5,0.2635483870967742,191.66666666666666,-0.014990971955915922,0.12540515271484204,0.1854489456691439,0.16119686160623004,0.20742973119915237,-0.5180131842623599,-0.05999999999999961,0.0,0.02458557942802031,0.5,0.2664516129032258
2024-05-19,189.58950805664062,14669033.333333334,0.0,0.022427402205725606,12.09666633605957,5.33,5.1466666666666665,0.5,0.26258064516129026,188.33333333333334,-0.015219121377682443,0.12020626630595224,0.1865469690999015,0.1636024108030478,0.24263518298864512,-0.5022817351920043,-0.05333333333333368,0.0,0.02468808347260687,0.5,0.2654838709677419
2024-05-20,186.65953063964844,17373300.0,0.0,0.022768727562080645,12.149999618530273,5.33,5.15,0.5,0.2616129032258064,185.0,-0.015454322588973834,0.13003167992279197,0.1871721058400947,0.16598974191781052,0.24562216008974166,-0.4997665625680261,-0.09999999999999964,0.0,0.02479139776522632,0.5,0.264516129032258
2024-05-21,190.41983032226562,14420800.0,0.0,0.022319104017723995,11.859999656677246,5.33,5.14,0.5,0.2606451612903225,190.0,0.020145232711832772,0.1400105940802147,0.18990251430107774,0.16875296564893486,0.248030861496642,-0.4998954572114821,-0.07000000000000028,0.0,0.024894783308680113,0.5,0.26354838709677414
2024-05-22,189.26504516601562,9425300.0,0.0,0.022455282201063975,12.289999961853027,5.33,5.16,0.5,0.2596774193548387,190.0,-0.006064416475404122,0.14123672461143416,0.19023478665930757,0.16818778438899668,0.2930159769084982,-0.5028801745948268,0.0,0.0,0.024995958585850353,0.5,0.2625806451612903
2024-05-23,187.9384002685547,8069400.0,0.0,0.022613792572071273,12.770000457763672,5.33,5.2,0.5,0.2587096774193548,190.0,-0.007009455424255795,0.1379640939625966,0.1907070969077597,0.16857204258410424,0.17288682374039885,-0.5066616070412114,0.08000000000000007,0.0,0.02509711998504849,0.5,0.2616129032258064
2024-05-24,191.55555725097656,7356200.0,0.0,0.022186774745624527,11.930000305175781,5.33,5.21,0.5,0.257741935483871,190.0,0.01924650298849584,0.14739389837844472,0.1944318159778821,0.17127542420352915,0.1749114225891327,-0.5226314573777339,0.08999999999999986,0.0,0.025198267509129346,0.5,0.26064516129032256
2024-05-25,191.26684951782227,7244700.0,0.0,0.02222041691478361,12.177500247955322,5.33,5.21,0.5,0.2567741935483871,190.0,-0.0015071749277210111,0.14761468501917144,0.19429167998803198,0.1712897090160605,0.28245790680530686,-0.5240869904356394,0.08999999999999986,0.0,0.025299421142338296,0.5,0.2596774193548387
2024-05-26,190.97814178466797,7133200.0,0.0,0.022254059083942693,12.425000190734863,5.33,5.21,0.5,0.25580645161290316,190.0,-0.0015094499328144328,0.14781540631733575,0.19037922974422206,0.1713040168723943,0.15593251390316595,-0.5188430258299265,0.08999999999999986,0.0,0.025400552600979065,0.5,0.2587096774193548
2024-05-27,190.68943405151367,7021700.0,0.0,0.022287701253101772,12.672500133514404,5.33,5.21,0.5,0.2548387096774193,190.0,-0.0015117318163029303,0.14795329607699995,0.19024629714877428,0.17135486288041102,0.15191115717831635,-0.5219731511781247,0.08000000000000007,0.0,0.025501685840430444,0.5,0.2577419354838709
2024-05-28,190.40072631835938,6910200.0,0.0,0.022321343422260855,12.920000076293945,5.33,5.21,0.5,0.2538709677419354,190.0,-0.0015140206094287345,0.14808879918931658,0.1902394326378566,0.1712686124798213,0.15182367658612994,-0.5218398210049416,0.08000000000000007,0.0,0.02560279932523568,0.5,0.25677419354838704
2024-05-29,189.07411193847656,6120000.0,0.0,0.02247795828009982,14.279999732971191,5.33,5.22,0.5,0.2529032258064516,190.0,-0.006967485920534977,0.1498715679879296,0.1907567244892694,0.1712186886598921,0.1518253022733756,-0.5217313860325813,0.09999999999999964,0.0,0.02570390481384255,0.5,0.25580645161290316
2024-05-30,190.23849487304688,6829100.0,0.0,0.02234037860127195,14.470000267028809,5.33,5.19,0.5,0.2519354838709677,190.0,0.006158341417725088,0.1482324273185152,0.1911395143068257,0.17124881738276945,0.17420788560900485,-0.5178347211935274,0.020000000000000462,0.0,0.02580496914623054,0.5,0.25483870967741934
2024-05-31,193.3879852294922,14417900.0,0.0,0.021976546241776883,12.920000076293945,5.33,5.18,0.5,0.2509677419354839,195.0,0.01655548399153961,0.15454721649156003,0.1939958292638788,0.17319561523881405,0.16958239268292355,-0.5378328234869695,0.013333333333332753,0.0,0.025906019623465282,0.5,0.25387096774193546
2024-06-01,193.13030497233072,11760033.333333334,0.0,0.022005946463566715,12.983333269755045,5.33,5.166666666666666,0.5,0.25331182795698926,195.0,-0.0013324522557887075,0.154596229204017,0.1940217260997325,0.17322254046227337,0.2550458733546945,-0.5455833506653661,0.0033333333333329662,0.0,0.026007066633608522,0.5,0.25337634408602144
2024-06-02,192.87262471516928,9102166.666666668,0.0,0.02203534668535655,13.046666463216146,5.33,5.153333333333333,0.5,0.25565591397849463,195.0,-0.0013342300536332008,0.1531241592545885,0.19394072417122862,0.17324702760876134,0.15462193805892252,-0.5483475473187203,-0.006666666666666821,0.0,0.026107979479912613,0.5,0.2533548387096774
2024-06-03,192.6149444580078,6444300.0,0.0,0.022064746907146382,13.109999656677246,5.33,5.14,0.5,0.258,195.0,-0.0013360126017987195,0.15340742976854024,0.1932523169560204,0.17261177898364743,0.15162353848723997,-0.5612108180888384,-0.020000000000000462,0.0,0.026208874773671287,0.5,0.2538064516129032
2024-06-04,190.0762481689453,6848300.0,0.0,0.022359448068558656,13.15999984741211,5.33,5.11,0.5,0.262,190.0,-0.013180162609947255,0.1594933203292945,0.19443106615068786,0.1740464648116699,0.15155834776678198,-0.55634780972176,0.010000000000000675,0.0,0.026309876537013555,0.5,0.2549677419354839
2024-06-05,188.2628936767578,8351600.0,0.0,0.022574815020622876,12.630000114440918,5.33,5.08,0.5,0.266,190.0,-0.009540142493636217,0.1625173908599823,0.19541699747281155,0.1741722267692602,0.22419123714676323,-0.5405781408741575,-0.04999999999999982,0.0,0.026410857784674002,0.5,0.25683870967741934
2024-06-06,187.9288787841797,7640300.0,0.0,0.02261493830802217,12.579999923706055,5.33,5.08,0.5,0.27,190.0,-0.0017741939797845108,0.16257888214004232,0.1954128923633853,0.17420436488156882,0.19414405158951895,-0.5402892181169124,-0.05999999999999961,0.0,0.026511825194264205,0.5,0.2594193548387097
2024-06-07,190.83018493652344,6964500.0,0.0,0.022271109790171262,12.220000267028809,5.33,5.17,0.5,0.2739999999999999,190.0,0.015438319917162158,0.15816416901759345,0.19792617554877645,0.17594236317101933,0.15333724709265903,-0.5423026355658901,0.026666666666666394,0.0,0.026612778768628553,0.5,0.2627096774193548
2024-06-08,190.72203063964844,6666600.0,0.0,0.02228375359002207,12.393333435058594,5.33,5.166666666666667,0.5,0.2779999999999999,190.0,-0.000566756757642839,0.1560316587198247,0.19741807141319678,0.1759529540216796,0.24385388576753883,-0.5462288204518688,0.020000000000000462,0.0,0.02671372038429598,0.5,0.26623655913978495
2024-06-09,190.61387634277344,6368700.0,0.0,0.02229639738987288,12.566666603088379,5.33,5.163333333333333,0.5,0.282,190.0,-0.0005670781530181523,0.15500029405596338,0.19657701052940108,0.17596346541674668,0.1534767103307447,-0.540479002824758,0.013333333333332753,0.0,0.026814648163925536,0.5,0.26999999999999996
2024-06-10,190.50572204589844,6070800.0,0.0,0.022309041189723686,12.739999771118164,5.33,5.16,0.5,0.286,190.0,-0.0005673999131128316,0.15501343769608913,0.19658285892047794,0.17551936704166143,0.15084101954183352,-0.5499563777692942,0.020000000000000462,0.0,0.02691611742947675,0.5,0.27399999999999997
2024-06-11,185.4951934814453,9235300.0,0.0,0.022911644880033607,12.850000381469727,5.33,5.17,0.5,0.29,185.0,-0.026301197206275773,0.17338821481281963,0.14948930133445526,0.18088148070068166,0.15078180749015258,-0.29406932281171394,0.009999999999999787,0.0,0.027017572911173016,0.5,0.27799999999999997
2024-06-12,182.79425048828125,12751300.0,0.0,0.023250184229795908,12.039999961853027,5.33,5.13,0.5,0.294,185.0,-0.01456071687072702,0.17799597990916746,0.15290483456222334,0.18002027482106273,0.3659963455920213,-0.24815372972081373,-0.07000000000000028,0.0,0.02711845738492391,0.5,0.282
2024-06-13,184.8271026611328,8587800.0,0.0,0.02299446314316829,11.9399995803833,5.33,5.07,0.5,0.298,185.0,0.011120985301350528,0.1760841514333333,0.15434281470511277,0.1797937651488949,0.24262413364812072,-0.248242309163193,-0.13999999999999968,0.0,0.027219328040478885,0.5,0.286
2024-06-14,184.94161987304688,6874000.0,0.0,0.022980224802385808,12.65999984741211,5.33,5.07,0.5,0.302,185.0,0.0006195910137920535,0.17571669384285757,0.15433604607783466,0.17967597435775642,0.20651756145593095,-0.24625738089419463,-0.13999999999999968,0.0,0.027320184880676335,0.5,0.29
2024-06-15,185.3233846028646,7491133.333333333,0.0,0.022933079954200047,12.68999989827474,5.33,5.083333333333334,0.5,0.306,185.0,0.00206424454419607,0.1757630668230319,0.1521474688755956,0.1795831967853115,0.15228012406949296,-0.28510548005183595,-0.12666666666666604,0.0,0.02742105255725691,0.5,0.294
2024-06-16,185.70514933268228,8108266.666666667,0.0,0.02288593510601429,12.71999994913737,5.33,5.096666666666667,0.5,0.31,185.0,0.0020599922165018825,0.17190150126812534,0.15177235630727973,0.17949055199919292,0.1528413660934639,-0.2871593221903384,-0.11333333333333329,0.0,0.027521879247411007,0.5,0.298
2024-06-17,186.0869140625,8725400.0,0.0,0.02283879025782853,12.75,5.33,5.11,0.5,0.314,185.0,0.0020557573723161138,0.16741367687060968,0.1513971484196424,0.17926313419666695,0.15284492157808816,-0.28535371950867855,-0.09999999999999964,0.0,0.027622966515687297,0.5,0.302
2024-06-18,188.01478576660156,9023000.0,0.0,0.022604605178636744,12.300000190734863,5.33,5.09,0.5,0.318,190.0,0.010360060586818376,0.164987954481081,0.14451594832557338,0.17876725398318524,0.15283609767669232,-0.38709765928963186,-0.1299999999999999,0.0,0.02772415175714138,0.5,0.306
2024-06-19,188.8116912841797,8877050.0,0.0,0.02250960033764652,12.789999961853027,5.33,5.095,0.5,0.322,190.0,0.004238525785771996,0.15890444269413703,0.14422712792788728,0.17740098972496018,0.1983352865046116,-0.369404481620039,-0.09500000000000064,0.0,0.02782529952070334,0.5,0.31
2024-06-20,189.6085968017578,8731100.0,0.0,0.022414595496656295,13.279999732971191,5.33,5.1,0.5,0.326,190.0,0.004220636509095765,0.14825917169605266,0.14394032175332405,0.17630204908422387,0.1608015301352712,-0.3520404701190412,-0.08000000000000007,0.0,0.027926073553493636,0.5,0.314
2024-06-21,187.34669494628906,20972100.0,0.0,0.022685214709650705,13.199999809265137,5.33,5.1,0.5,0.33,185.0,-0.011929321210227828,0.15128119069888588,0.1458697573196852,0.17739887584729033,0.15978882988352944,-0.33910838274368654,-0.06666666666666643,0.0,0.028026833790759875,0.5,0.318
2024-06-22,188.16747029622397,17243366.666666668,0.0,0.022587118923981776,13.243333180745443,5.33,5.1,0.5,0.334,186.66666666666666,0.004381050598038172,0.15050492566079768,0.14327760318340327,0.17746191446410658,0.2128505818294353,-0.29652097635299196,-0.05333333333333368,0.0,0.028127690448756626,0.5,0.322
2024-06-23,188.98824564615884,13514633.333333334,0.0,0.02248902313831285,13.286666552225748,5.33,5.1,0.5,0.338,188.33333333333334,0.004361940715059687,0.14002153527225494,0.143211638095927,0.17751338070978062,0.16180740939132168,-0.302094742602534,-0.040000000000000036,0.0,0.028228525920784175,0.5,0.326
2024-06-24,189.80902099609375,9785900.0,0.0,0.022390927352643922,13.329999923706055,5.33,5.1,0.5,0.342,190.0,0.0043429968204034,0.1406599881191542,0.14342037824339648,0.17749124436001024,0.16040092140272127,-0.3015551158651115,-0.010000000000000675,0.0,0.0283292768623018,0.5,0.33
2024-06-25,189.03594970703125,6862500.0,0.0,0.022482496089165416,12.84000015258789,5.33,5.1,0.5,0.346,190.0,-0.00407289013454426,0.1410561324521936,0.1437224280163934,0.17471040665127513,0.16028933571176865,-0.29121817351951773,0.019999999999999574,0.0,0.028430021402979566,0.5,0.334
2024-06-26,188.42514038085938,7758600.0,0.0,0.022555376588334092,12.550000190734863,5.33,5.13,0.5,0.35,190.0,-0.00323118077338469,0.14126887766857102,0.14390726680907934,0.17466542091299916,0.1592458010353358,-0.2868518770788845,0.04999999999999982,0.0,0.028530712692625304,0.5,0.338
2024-06-27,190.08578491210938,7913500.0,0.0,0.02235832627865933,12.239999771118164,5.33,5.1,0.5,0.354,190.0,0.00881328536040038,0.14368905034599966,0.14493090274570658,0.17527142372348262,0.1561522045151315,-0.2931801331150117,-0.07000000000000028,0.0,0.028631390203732288,0.5,0.342
2024-06-28,193.03488159179688,15307600.0,0.0,0.022016746221997868,12.4399995803833,5.33,5.09,0.5,0.358,195.0,0.015514556656885725,0.14885446935545996,0.14809642998102018,0.17712082982523386,0.18649610723451682,-0.27308138514930685,-0.0766666666666671,0.0,0.028732053939128255,0.5,0.346
2024-06-29,194.0497080485026,13607000.0,0.0,0.021902796561783507,12.366666475931803,5.33,5.093333333333333,0.5,0.362,195.0,0.005257218013331455,0.14859190526710286,0.14723633100858477,0.17728959927322926,0.2451073576761417,-0.2501937327264414,-0.07000000000000028,0.0,0.0288328621199192,0.5,0.35
2024-06-30,195.06453450520834,11906400.0,0.0,0.021788846901569146,12.293333371480307,5.33,5.096666666666667,0.5,0.366,195.0,0.005229724212994391,0.1416527778541083,0.14748979155719447,0.1774474299480372,0.1668076200932492,-0.25086368764559097,-0.06333333333333346,0.0,0.028933577312965975,0.5,0.35400000000000004
2024-07-01,196.07936096191406,10205800.0,0.0,0.021674897241354785,12.220000267028809,5.33,5.1,0.5,0.37,195.0,0.005202516486555897,0.14226419393445924,0.14766419240292836,0.1776255624596066,0.16449776562735619,-0.26151226703979186,-0.07000000000000028,0.0,0.029051775430655624,0.5,0.35800000000000004
2024-07-02,199.3052215576172,7802900.0,0.0,0.021324077546916485,12.029999732971191,5.33,5.07,0.5,0.3677419354838709,200.0,0.016451811041600095,0.14930575720147854,0.15010282353539128,0.1795118051916857,0.16431162087266493,-0.3194837472338872,-0.05999999999999961,0.0,0.02918765867754658,0.5,0.36110599078341016
2024-07-03,199.1715850830078,5560900.0,0.0,0.021338385182950406,12.09000015258789,5.33,5.04,0.5,0.3654838709677419,200.0,-0.0006705116582745863,0.14922398528034114,0.15015280469146736,0.17897998505361462,0.2539411562580181,-0.32016775771653244,-0.03000000000000025,0.0,0.02864494318900057,0.5,0.3633179723502304
2024-07-04,197.8520278930664,6827000.0,0.575,0.021863271575620485,12.28499984741211,5.33,5.01,0.5,0.36322580645161284,197.5,-0.006625228138800288,0.14484821397534953,0.15105044269084866,0.1788233164231346,0.15390709384476686,-0.3250459148149822,-0.0600000000000005,0.0,0.02748134174192396,0.5,0.3646359447004608
2024-07-05,196.532470703125,8093100.0,1.15,0.022388157968290568,12.479999542236328,5.33,4.98,0.5,0.3609677419354838,195.0,-0.006669414531624618,0.14318512526957108,0.15191280754859235,0.17921949383571398,0.17212332444712208,-0.329721396458746,-0.1033333333333335,0.0,0.027754655663776218,0.5,0.36505990783410136
2024-07-06,196.6540323893229,8297733.333333333,0.7666666666666666,0.022374335817213972,12.44333299001058,5.33,4.983333333333333,0.5,0.35870967741935483,195.0,0.0006185323257932307,0.14288673420665715,0.15183039856602298,0.17920653732740144,0.17277742973909957,-0.3333551957063481,-0.11333333333333329,0.0,0.028027971881799063,0.5,0.3645898617511521
2024-07-07,196.77559407552084,8502366.666666666,0.3833333333333334,0.022360513666137373,12.40666643778483,5.33,4.986666666666667,0.5,0.3564516129032258,195.0,0.0006181499800486101,0.13676358978369788,0.14661265862950895,0.17919342221167378,0.1513379097630481,-0.32770499145832094,-0.12333333333333307,0.0,0.02830124952232027,0.5,0.36322580645161284
2024-07-08,196.89715576171875,8707000.0,0.0,0.022346691515060777,12.369999885559082,5.33,4.99,0.5,0.3541935483870968,195.0,0.0006177681067056628,0.13668702282810452,0.14552911760369075,0.17878503429765907,0.15082395625883543,-0.3200481478633192,-0.09999999999999964,0.0,0.028574633764087753,0.5,0.3609677419354838
2024-07-09,199.25796508789062,9058900.0,0.0,0.02208192780679661,12.510000228881836,5.33,5.02,0.5,0.3519354838709677,200.0,0.011990063122236716,0.140140386206791,0.14687958170457016,0.17912918945509082,0.15081221077246587,-0.30670658852936056,-0.07500000000000018,0.0,0.02884805664125656,0.5,0.35870967741935483
2024-07-10,199.42111206054688,8328500.0,0.0,0.022063862519551603,12.850000381469727,5.33,5.01,0.5,0.3496774193548387,200.0,0.000818772652748434,0.14002208001359331,0.1468679774895854,0.17912222184949483,0.2119782244992478,-0.3054712423770533,-0.08999999999999986,0.0,0.02912137061059039,0.5,0.3564516129032258
2024-07-11,199.08518981933594,10658100.0,0.0,0.02210109151762054,12.920000076293945,5.33,4.91,0.5,0.3474193548387096,200.0,-0.0016844868516676659,0.11231961019419923,0.14694783259447244,0.1379341431333317,0.15259459078482193,-0.30651785759318706,-0.1899999999999995,0.0,0.029394684579924446,0.5,0.3541935483870967
2024-07-12,196.67642211914062,15443400.0,0.0,0.022371771626670194,12.460000038146973,5.33,4.87,0.5,0.3451612903225806,195.0,-0.01209918076970562,0.10922375780790411,0.1493303262474529,0.13979692244637923,0.15212419407567052,-0.2744606934954198,-0.22999999999999954,0.0,0.02966799854925828,0.5,0.35193548387096774
2024-07-13,198.31107076009116,13868833.333333334,0.0,0.02219035521970355,12.679999987284342,5.33,4.863333333333333,0.5,0.34290322580645155,196.66666666666666,0.008311360473907348,0.10760124079135219,0.14763018206399828,0.14026412869318083,0.2142497099106175,-0.25971960104103486,-0.23666666666666636,0.0,0.029941717777727028,0.5,0.34967741935483865
2024-07-14,199.94571940104166,12294266.666666666,0.0,0.022008938812736908,12.899999936421713,5.33,4.8566666666666665,0.5,0.3406451612903225,198.33333333333334,0.008242851166529341,0.10878414299242684,0.14839110498206612,0.1407059277756241,0.18420732161018546,-0.25194218787392936,-0.24333333333333318,0.0,0.03021473746570935,0.5,0.3474193548387096
2024-07-15,201.5803680419922,10719700.0,0.0,0.021827522405770263,13.119999885559082,5.33,4.85,0.5,0.3383870967741935,200.0,0.008175462049636817,0.10994390047493913,0.14917820783583224,0.1393982536609137,0.18300132960914262,-0.24273190258971647,-0.25,0.0,0.030487418406410116,0.5,0.3451612903225806
2024-07-16,205.0064239501953,11557000.0,0.0,0.02146274207031164,13.1899995803833,5.33,4.85,0.5,0.3361290322580645,205.0,0.01699598002266489,0.11719584665304827,0.15125427413946319,0.14132736680980695,0.18250591686910372,-0.21666566213468477,-0.28000000000000025,0.0,0.030760798922504717,0.5,0.34290322580645155
2024-07-17,208.12538146972656,11572500.0,0.0,0.021141102391877244,14.479999542236328,5.33,4.85,0.5,0.3338709677419355,210.0,0.015213950174990387,0.12199504041576195,0.15035613446360535,0.14283630823289128,0.2596301804204577,-0.12582124711383832,-0.25,0.0,0.031034112738871134,0.5,0.34064516129032246
2024-07-18,201.51316833496094,12415100.0,0.0,0.0218348013499852,15.930000305175781,5.33,4.86,0.5,0.3316129032258065,200.0,-0.03177033520886263,0.15891475418471873,0.16193286713191907,0.14891216472213814,0.24370545455588297,-0.27439144412754485,-0.22999999999999954,0.0,0.03130742655523777,0.5,0.33838709677419354
2024-07-19,201.32125854492188,8095900.0,0.0,0.02185561540694524,16.520000457763672,5.33,4.87,0.5,0.3293548387096774,200.0,-0.000952343668777389,0.159080834448597,0.1582650597354393,0.1487187970776779,0.43217027408058517,-0.28266145093384837,-0.22333333333333272,0.0,0.03158074037160419,0.5,0.33612903225806445
2024-07-20,201.48120625813803,7951666.666666667,0.0,0.021838292628842983,15.983333587646484,5.33,4.873333333333333,0.5,0.3270967741935484,200.0,0.0007944899330165622,0.15900212231115898,0.15339978613624905,0.14847281716630714,0.16275966225800925,-0.2631731038504662,-0.2233333333333336,0.0,0.03185405797437668,0.5,0.3338709677419355
2024-07-21,201.64115397135416,7807433.333333333,0.0,0.02182096985074073,15.446666717529297,5.33,4.876666666666667,0.5,0.32483870967741935,200.0,0.000793859219857973,0.1534211106282901,0.15270068092020314,0.14822377537036033,0.15121831755904358,-0.25212843698808424,-0.22333333333333272,0.0,0.03212690659900641,0.5,0.33161290322580644
2024-07-22,201.8011016845703,7663200.0,0.0,0.021803647072638474,14.90999984741211,5.33,4.88,0.5,0.3225806451612903,200.0,0.0007932295073003193,0.15338241634310704,0.15176924217533877,0.14655856928045555,0.1509499137258866,-0.2385003769518335,-0.1900000000000004,0.0,0.032399761345976996,0.5,0.32935483870967747
2024-07-23,201.84909057617188,5557300.0,0.0,0.021798463334366972,14.720000267028809,5.33,4.85,0.5,0.3203225806451613,200.0,0.0002378029217926514,0.15337495206713916,0.14713063391541542,0.14642207872729532,0.15094339479327168,-0.19001409521826135,-0.1900000000000004,0.0,0.03267308507618738,0.5,0.32709677419354843
2024-07-24,200.17922973632812,7119000.0,0.0,0.021980302380999208,18.040000915527344,5.33,4.82,0.5,0.3180645161290322,200.0,-0.008272818247915703,0.1561927784167782,0.1482559850535097,0.14724686876234275,0.15064609050755104,-0.22415507243488086,-0.1899999999999995,0.0,0.032946398771715346,0.5,0.32483870967741935
2024-07-25,200.25601196289062,6403800.0,0.0,0.02197187468616604,18.459999084472656,5.33,4.83,0.5,0.3158064516129032,200.0,0.0003835673993932698,0.15527190917226844,0.1481829341347842,0.14724869088374962,0.1830092743769457,-0.2232656312065078,-0.15000000000000036,0.0,0.03321971246724331,0.5,0.3225806451612903
2024-07-26,203.6820526123047,8027800.0,0.0,0.02160229604704107,16.389999389648438,5.33,4.79,0.5,0.3135483870967742,205.0,0.017108303595144703,0.1603932358828803,0.15175114697687103,0.1496622691258537,0.15148474908214749,-0.28683560473315767,-0.19333333333333336,0.0,0.03349302616277128,0.5,0.3203225806451613
2024-07-27,203.23741149902344,7529733.333333333,0.0,0.02164976507479202,16.459999720255535,5.33,4.79,0.5,0.31129032258064515,203.33333333333334,-0.002183015673588029,0.15986866422904797,0.15180665981271918,0.14974354652387367,0.2603101275113427,-0.2857359854362704,-0.1966666666666672,0.0,0.03376636870202443,0.5,0.31806451612903225
2024-07-28,202.7927703857422,7031666.666666667,0.0,0.02169723410254297,16.53000005086263,5.33,4.79,0.5,0.3090322580645161,201.66666666666666,-0.0021877916570659517,0.15534483668496346,0.15103212967964957,0.1498243712473222,0.1563270600287049,-0.2682332513568451,-0.20000000000000018,0.0,0.03403965628495542,0.5,0.3158064516129032
2024-07-29,202.34812927246094,6533600.0,0.0,0.021744703130293922,16.600000381469727,5.33,4.79,0.5,0.3067741935483871,200.0,-0.0021925885840775594,0.15534300206923277,0.15082592787744148,0.1491446488362344,0.15321123171864215,-0.2710745376093332,-0.22999999999999954,0.0,0.03431297806743272,0.5,0.3135483870967742
2024-07-30,206.5131378173828,8850700.0,0.0,0.021306150526320847,17.690000534057617,5.33,4.78,0.5,0.304516129032258,205.0,0.020583380532832596,0.16452344529593818,0.152754934467966,0.15258181487417635,0.15315168739611304,-0.15454097919866816,-0.22999999999999954,0.0,0.03458635483956263,0.5,0.3112903225806451
2024-07-31,204.219482421875,9071600.0,0.0,0.021545446829164493,16.360000610351562,5.33,4.73,0.5,0.302258064516129,205.0,-0.011106583434590367,0.1684663006336044,0.1547395578106849,0.1539634192263351,0.29617540166468853,-0.10297419921766615,-0.17999999999999972,0.0,0.034859668553647305,0.5,0.3090322580645161
2024-08-01,199.5746612548828,10918600.0,0.0,0.02204688697620099,18.59000015258789,5.33,4.62,0.5,0.3,200.0,-0.022744260791910942,0.17648045933600545,0.16228481045484708,0.15877528677790184,0.208983111978227,-0.2070165168485785,-0.25,0.0,0.035132982267732205,0.5,0.3067741935483871
2024-08-02,191.11029052734375,18041700.0,0.0,0.023023354670534894,23.389999389648438,5.33,4.33,0.5,0.3003225806451612,190.0,-0.04241205108061774,0.21672116755710819,0.18555152026692956,0.1752462297285039,0.32566665806999856,-0.4497486358416657,-0.5333333333333332,0.0,0.03540629598181666,0.5,0.3048847926267281
2024-08-03,189.75394185384116,16670133.333333334,0.0,0.023190310876634233,24.469999313354492,5.33,4.333333333333333,0.5,0.3006451612903225,188.33333333333334,-0.007097203765218163,0.21682594081025922,0.18411502482270278,0.17567497183576683,0.5645532708280763,-0.4622161002754619,-0.5233333333333334,0.0,0.03567991915648672,0.5,0.3033640552995391
2024-08-04,188.39759318033853,15298566.666666668,0.0,0.02335726708273357,25.549999237060547,5.33,4.336666666666667,0.5,0.3009677419354838,186.66666666666666,-0.007147934110097953,0.21693273465286866,0.1836459317341099,0.17609216618987647,0.19298139099911546,-0.482714878112479,-0.5133333333333328,0.0,0.03595351464642338,0.5,0.3022119815668202
2024-08-05,187.04124450683594,13927000.0,0.0,0.02352422328883291,26.6299991607666,5.33,4.34,0.5,0.3012903225806451,185.0,-0.0071993949105509936,0.21748618347379545,0.1842112535387296,0.17652393987887186,0.17626285394766286,-0.48838799056695703,-0.5099999999999998,0.0,0.03622689519902056,0.5,0.30142857142857143
2024-08-06,192.2619171142578,10605800.0,0.0,0.02288544744607513,27.709999084472656,5.33,4.46,0.5,0.3016129032258064,190.0,0.027911879121564898,0.23335402908192943,0.19017335330784432,0.1792952644726062,0.17620327992566331,-0.4245723573517119,-0.3899999999999997,0.0,0.0365003034862339,0.5,0.30101382488479256
2024-08-07,192.31947326660156,9204400.0,0.0,0.0228785984344941,27.850000381469727,5.33,4.45,0.5,0.3019354838709677,190.0,0.00029936324992307917,0.23333936536643934,0.1901681860311337,0.17863482265621172,0.3762643000569298,-0.42467322599824925,-0.41000000000000014,0.0,0.03677361724275219,0.5,0.3009677419354838
2024-08-08,195.8319091796875,7761200.0,0.0,0.02246824850164095,23.790000915527344,5.33,4.48,0.5,0.302258064516129,195.0,0.01826354790508833,0.23692282166403658,0.19368709130570666,0.18083824839619392,0.15922612423241644,-0.45618183973911663,-0.3899999999999997,0.0,0.03704693099927048,0.5,0.3012903225806451
2024-08-09,197.50172424316406,5540200.0,0.0,0.022278286515527945,20.3700008392334,5.33,4.5,0.5,0.3025806451612903,200.0,0.008526777226812499,0.2383549497622831,0.1943722114810312,0.18134817072449802,0.27211984697211233,-0.452129773944133,-0.3733333333333331,0.0,0.037320244755788545,0.5,0.3016129032258064
2024-08-10,197.62649536132812,6005466.666666667,0.0,0.02226423889888336,20.483333587646484,5.33,4.49,0.5,0.30290322580645157,200.0,0.0006317469816641275,0.23833438275965693,0.18588956559397754,0.18134631659113906,0.18740889138348507,-0.47332397005399895,-0.3866666666666667,0.0,0.0375935609075424,0.5,0.3019354838709677
2024-08-11,197.7512664794922,6470733.333333333,0.0,0.02225019128223877,20.59666633605957,5.33,4.4799999999999995,0.5,0.3032258064516129,200.0,0.00063134812938892,0.23563988716908793,0.18298379039971735,0.1813443766817931,0.15173486783064666,-0.5016266446645884,-0.40000000000000036,0.0,0.037866871756693454,0.5,0.302258064516129
2024-08-12,197.87603759765625,6936000.0,0.0,0.022236143665594184,20.709999084472656,5.33,4.47,0.5,0.3035483870967742,200.0,0.0006309497804253272,0.23439603609903978,0.18185535969508418,0.17991606398662935,0.15084141923477531,-0.5019345305855015,-0.3799999999999999,0.0,0.038140184800495414,0.5,0.30258064516129035
2024-08-13,199.55545043945312,6387800.0,0.0,0.0220490093871678,18.1200008392334,5.33,4.4,0.5,0.3038709677419355,200.0,0.008487196641827177,0.2344714786884744,0.18246745010177357,0.180378037191412,0.15082114020407156,-0.5037218643650493,-0.41999999999999993,0.0,0.03841350314931735,0.5,0.30290322580645157
2024-08-14,201.76271057128906,6999800.0,0.0,0.021807795838693113,16.190000534057617,5.33,4.42,0.5,0.3041935483870968,200.0,0.011060886219720789,0.23548489275720408,0.18354991389371858,0.18123881237359513,0.1840433771838712,-0.5123742095719168,-0.41000000000000014,0.0,0.038686816906830845,0.5,0.3032258064516129
2024-08-15,203.01988220214844,7001000.0,0.0,0.021672754176947494,15.229999542236328,5.33,4.52,0.5,0.304516129032258,205.0,0.0062309414227224025,0.2308529280723904,0.18380912217507422,0.18056146794655284,0.20466021085010808,-0.514430178225674,-0.27000000000000046,0.0,0.03896013066434434,0.5,0.3035483870967742
2024-08-16,205.34228515625,7931200.0,0.0,0.02142763725772279,14.800000190734863,5.33,4.49,0.5,0.3048387096774194,205.0,0.011439288255468139,0.22893472757111039,0.18492130503113813,0.17954779351795816,0.1707497943981531,-0.5159510641659003,-0.2999999999999998,0.0,0.03923344442185783,0.5,0.30387096774193545
2024-08-17,205.81573486328125,7317733.333333333,0.0,0.021378571774409046,14.75,5.33,4.486666666666667,0.5,0.30516129032258066,205.0,0.002305661041372975,0.20814048113245992,0.18404472035690972,0.177496826165628,0.20758566080884042,-0.5142493753938303,-0.3033333333333328,0.0,0.039506789924817154,0.5,0.3041935483870968
2024-08-18,206.2891845703125,6704266.666666666,0.0,0.021329506291095306,14.699999809265137,5.33,4.483333333333333,0.5,0.30548387096774193,205.0,0.0023003571974016257,0.2081288190175268,0.1839652560366241,0.17530207099983766,0.15482171257128594,-0.516490605361734,-0.30666666666666664,0.0,0.039780120958592624,0.5,0.30451612903225805
2024-08-19,206.76263427734375,6090800.0,0.0,0.02128044080778156,14.649999618530273,5.33,4.48,0.5,0.3058064516129032,205.0,0.0022950776988983623,0.2081729638041203,0.18388535756362548,0.17239661564142178,0.15342360844142658,-0.5187953924609447,-0.2999999999999998,0.0,0.040053595573944945,0.5,0.30483870967741933
2024-08-20,205.87014770507812,5640000.0,0.0,0.02137269559986558,15.880000114440918,5.33,4.43,0.5,0.3061290322580645,205.0,-0.004316479016554187,0.2087157525330377,0.18215311316867544,0.1722196533852579,0.15337988752334342,-0.5296800284018496,-0.3000000000000007,0.0,0.04032708475069002,0.5,0.3051612903225806
2024-08-21,205.94691467285156,5202300.0,0.0,0.021364728901083263,16.270000457763672,5.33,4.36,0.5,0.3064516129032258,205.0,0.00037289023507880437,0.20871753645492006,0.18207489319406175,0.17169445088061885,0.1601028386385866,-0.5300348359724596,-0.2599999999999998,0.0,0.040600398596475795,0.5,0.30548387096774193
2024-08-22,207.89503479003906,5247100.0,0.0,0.02116452662971833,17.549999237060547,5.33,4.43,0.5,0.3067741935483871,210.0,0.009459331402376758,0.2102385794636109,0.18270756140457634,0.16956878779804696,0.15089996972929687,-0.5133564953791829,0.09999999999999964,0.0,0.04087371244226157,0.5,0.3058064516129032
2024-08-23,209.50729370117188,7214000.0,0.0,0.02100165546635281,15.859999656677246,5.33,4.36,0.5,0.3070967741935484,210.0,0.007755158331516077,0.20921428512789525,0.18305704305783146,0.16989959589079803,0.19122946307577784,-0.516560740509109,0.026666666666667282,0.0,0.04114702628804734,0.5,0.30612903225806454
2024-08-24,209.78240458170572,6511066.666666667,0.0,0.02097418571984472,15.956666310628256,5.33,4.366666666666667,0.5,0.3074193548387097,210.0,0.0013131327109128232,0.20918782852306997,0.18266965381296563,0.16984657133181102,0.1798356504615098,-0.5218556360376551,0.03000000000000025,0.0,0.041420350461305766,0.5,0.30645161290322587
2024-08-25,210.0575154622396,5808133.333333333,0.0,0.02094671597333663,16.053332964579266,5.33,4.373333333333333,0.5,0.3077419354838709,210.0,0.0013114106546849857,0.20402048890550406,0.18237849723588426,0.16979194837261022,0.1522123387440859,-0.5249427885687529,0.033333333333333215,0.0,0.04169365977274886,0.5,0.3067741935483871
2024-08-26,210.33262634277344,5105200.0,0.0,0.02091924622682854,16.149999618530273,5.33,4.38,0.5,0.3080645161290322,210.0,0.001309693109186938,0.2037935666349051,0.18180188580886172,0.16973572425676134,0.1515354764867251,-0.5240444928464024,-0.08000000000000007,0.0,0.04196696253528631,0.5,0.30709677419354836
2024-08-27,211.30191040039062,5185200.0,0.0,0.02082328546704832,15.430000305175781,5.33,4.34,0.5,0.3083870967741935,210.0,0.004608339060234945,0.20377816909953436,0.1796584507671716,0.16927735772794686,0.15151800001277024,-0.5336627316821266,-0.11000000000000032,0.0,0.04224028016162307,0.5,0.3074193548387097
2024-08-28,212.3671417236328,6506400.0,0.0,0.02071883608871097,17.110000610351562,5.33,4.36,0.5,0.3087096774193548,210.0,0.005041276348253021,0.2037554666350935,0.1796399052165629,0.16919641483968492,0.16124613198312074,-0.5201914315625834,-0.1200000000000001,0.0,0.04251359400541399,0.5,0.30774193548387097
2024-08-29,213.2500762939453,6416100.0,0.0,0.020633052407141986,15.649999618530273,5.33,4.38,0.5,0.3090322580645161,215.0,0.004157585599854796,0.19605267443723937,0.17955899813820636,0.16731105420249767,0.1634561630941455,-0.5187331059021825,-0.1200000000000001,0.0,0.042786907849205136,0.5,0.30806451612903224
2024-08-30,215.7356414794922,8574100.0,0.0,0.020395331850709814,15.0,5.33,4.38,0.5,0.3093548387096774,215.0,0.011655635621535598,0.19479835172708437,0.18059864173728415,0.16817681788333336,0.15959158904037818,-0.52185558107007,-0.11000000000000032,0.0,0.04306022169299628,0.5,0.30838709677419346
2024-08-31,214.65600204467773,8669600.0,0.0,0.020499484287980253,16.429999828338623,5.33,4.3725,0.5,0.30951612903225806,213.75,-0.005004455580034928,0.18138376820972787,0.17844845247368138,0.16844845163646818,0.20923361354002298,-0.5293923472442432,-0.10749999999999993,0.0,0.04333376603686179,0.5,0.3086866359447004
2024-09-01,213.57636260986328,8765100.0,0.0,0.020603636725250687,17.859999656677246,5.33,4.365,0.5,0.3096774193548387,212.5,-0.0050296261205393655,0.12148886244387969,0.17887242445260737,0.1687196684962092,0.1646110858973049,-0.5330732428962626,-0.10499999999999954,0.0,0.04360725829019807,0.5,0.308963133640553
2024-09-02,212.49672317504883,8860600.0,0.0,0.020707789162521126,19.28999948501587,5.33,4.3575,0.5,0.30983870967741933,211.25,-0.005055051137782596,0.1200349173014173,0.17860693022851973,0.1672877758083051,0.16359715734564959,-0.537973083022428,-0.042500000000000426,0.0,0.043880630732513026,0.5,0.3092165898617511
2024-09-03,211.41708374023438,8956100.0,0.0,0.020811941599791564,20.719999313354492,5.33,4.35,0.5,0.31,210.0,-0.0050807345105509105,0.1185285512064165,0.17833553697933827,0.16663231554415306,0.16369808253928925,-0.5430969912828904,-0.07000000000000028,0.0,0.04415381562735443,0.5,0.30944700460829494
2024-09-04,210.48619079589844,7389500.0,0.0,0.0209039841680946,21.31999969482422,5.33,4.23,0.5,0.31,210.0,-0.004403111271176763,0.11650943961456554,0.17870533243828712,0.16682795040848925,0.16382577930340164,-0.5444128786847876,-0.28999999999999915,0.0,0.04442712945091998,0.5,0.30963133640553
2024-09-05,208.85472106933594,8067900.0,0.0,0.02106727574781171,19.899999618530273,5.33,4.21,0.5,0.31,210.0,-0.007750958485179149,0.09782349136869778,0.17963527334250584,0.1657902296061333,0.16070479431745427,-0.5215939291320679,-0.28000000000000025,0.0,0.04470044323726863,0.5,0.3097695852534562
2024-09-06,203.89321899414062,7777000.0,0.0,0.021579923166186538,22.3799991607666,5.33,4.1,0.5,0.31,205.0,-0.023755757350336304,0.12484921215327972,0.18682075594229805,0.17099171990951542,0.17954578377533761,-0.5481295798198544,-0.3866666666666676,0.0,0.04497375702361772,0.5,0.3098617511520737
2024-09-07,205.28474934895834,8163033.333333333,0.0,0.021435599456853863,21.40333302815755,5.33,4.1066666666666665,0.5,0.31,206.66666666666666,0.006824799577359597,0.11613949134964953,0.1857859276096856,0.171276312060606,0.33680077716326295,-0.5552090782882217,-0.3766666666666669,0.0,0.045247345259129323,0.5,0.3099308755760369
2024-09-08,206.67627970377603,8549066.666666666,0.0,0.021291275747521193,20.426666895548504,5.33,4.113333333333333,0.5,0.31,208.33333333333334,0.006778537418053787,0.1153474481675817,0.18622777792750497,0.17154601221115123,0.1787633302961174,-0.5581413271675607,-0.36666666666666714,0.0,0.04552090975971623,0.5,0.3099769585253456
2024-09-09,208.06781005859375,8935100.0,0.0,0.02114695203818852,19.450000762939453,5.33,4.12,0.5,0.31,210.0,0.006732898215567662,0.11628520417780247,0.18658305092537622,0.16534213118460192,0.17331676323767017,-0.5610610979654997,-0.3099999999999996,0.0,0.045794287684957746,0.5,0.31
2024-09-10,197.27139282226562,11296900.0,0.0,0.022304298342761947,19.079999923706055,5.33,4.07,0.5,0.31,195.0,-0.0518889357911142,0.19737290467908755,0.21551063360415215,0.1870825645245396,0.17291688657256918,-0.4701250657470681,-0.29000000000000004,0.0,0.046067689391072086,0.5,0.31
2024-09-11,198.87408447265625,13658700.0,0.0,0.02212455188250015,17.690000534057617,5.33,4.12,0.5,0.31,200.0,0.008124298345855818,0.1987860987082978,0.21548071627343163,0.18668930099607955,0.6837676770662744,-0.4771214816779178,-0.3099999999999996,0.0,0.04634100321701262,0.5,0.31
2024-09-12,198.26950073242188,9054400.0,0.0,0.02219201634011324,17.06999969482422,5.33,4.09,0.5,0.31,200.0,-0.0030400328018480582,0.1974108034039973,0.21489353140999645,0.186800754456042,0.20706302344463565,-0.47680565381414625,-0.27000000000000046,0.0,0.04661431704295316,0.5,0.31
2024-09-13,196.0814208984375,10226700.0,0.0,0.022439657871915503,16.559999465942383,5.33,4.0,0.5,0.31,195.0,-0.01103588714301218,0.19688948356398547,0.21534309431719198,0.18783860718836687,0.1567996654675876,-0.4711568537152599,-0.36666666666666714,0.0,0.04688763086889347,0.5,0.31
2024-09-14,197.2138468424479,9696100.0,0.0,0.02231226957977906,16.753332773844402,5.33,3.986666666666667,0.5,0.31,196.66666666666666,0.005775284261107849,0.19675060674627504,0.21271741678256395,0.18802042099274044,0.20497403165350508,-0.47638636107935584,-0.38666666666666627,0.0,0.04716114183309972,0.5,0.31
2024-09-15,198.34627278645834,9165500.0,0.0,0.022184881287642615,16.946666081746418,5.33,3.973333333333333,0.5,0.31,198.33333333333334,0.005742121875017769,0.19433799916938302,0.21061091801744358,0.18819735849728292,0.16825323331473,-0.5001554684282022,-0.40666666666666673,0.0,0.04743464741229553,0.5,0.31
2024-09-16,199.47869873046875,8634900.0,0.0,0.022057492995506172,17.139999389648438,5.33,3.96,0.5,0.31,200.0,0.0057093381594801595,0.1951091013434777,0.20050119284454224,0.18768879717540182,0.16716367649179217,-0.4872162037071427,-0.3799999999999999,0.0,0.04770800950433496,0.5,0.31
2024-09-17,200.8126220703125,7573300.0,0.0,0.02191097329758179,17.610000610351562,5.33,3.99,0.5,0.31,200.0,0.006687046528442098,0.19616643147286045,0.2009812147262256,0.18786417441110353,0.16696475879019254,-0.48305518927911484,-0.3700000000000001,0.0,0.04798137700938199,0.5,0.31
2024-09-18,199.1619873046875,8259900.0,0.0,0.022092569267591563,18.229999542236328,5.33,3.95,0.5,0.31,200.0,-0.008219775971288534,0.19705576686808352,0.20167458939860283,0.1883588510346116,0.1725008718477568,-0.48525403000335043,-0.4299999999999997,0.0,0.04825469086187728,0.5,0.31
2024-09-19,201.9930419921875,11635200.0,0.0,0.021782928543499926,16.329999923706055,4.83,3.93,0.5,0.31,200.0,0.014214834496348638,0.2017453325703627,0.20378961727438777,0.18850231582272967,0.1830612440492747,-0.497795594479246,-0.44999999999999973,-0.5,0.048528004714372575,0.5,0.31
2024-09-20,202.57843017578125,20885000.0,0.0,0.02171998270586871,16.149999618530273,4.83,3.92,0.5,0.31,205.0,0.0028980611303255355,0.20198680350758488,0.20386872238876186,0.18844005924037333,0.2326579485308451,-0.49824969394095725,-0.4524999999999997,-0.5,0.048801318566867646,0.5,0.31
2024-09-21,202.69038899739584,16331166.666666668,0.0,0.02170799861411344,16.0633331934611,4.83,3.9166666666666665,0.5,0.31,205.0,0.0005526690157360292,0.19980904595976512,0.20387088817147142,0.18834561671930658,0.15715368037022845,-0.49832247412711617,-0.4483333333333337,-0.5,0.04907463425292291,0.5,0.31
2024-09-22,202.8023478190104,11777333.333333334,0.0,0.021696014522358167,15.976666768391928,4.83,3.9133333333333336,0.5,0.31,205.0,0.0005523637414106553,0.19821062843294823,0.20312324597989356,0.1882497379256723,0.15091701316654954,-0.49672440155603614,-0.4441666666666664,-0.5,0.04934791970561969,0.5,0.31
2024-09-23,202.914306640625,7223500.0,0.0,0.021684030430602897,15.890000343322754,4.83,3.91,0.5,0.31,205.0,0.0005520588041441066,0.19814298111117848,0.20312412888880563,0.18807362067678585,0.15077457856292714,-0.49724435540583173,-0.4399999999999995,-0.5,0.049621505387479115,0.5,0.31
2024-09-24,203.0582733154297,7323200.0,0.0,0.021668656628262877,15.390000343322754,4.83,3.88,0.5,0.31,205.0,0.0007094949448767096,0.19808681715022605,0.2001104113799573,0.18795045828168297,0.150771220552234,-0.4803862392459293,-0.35000000000000053,-0.5,0.049895121460184155,0.5,0.31
2024-09-25,201.71473693847656,8976500.0,0.0,0.021812982366984965,15.40999984741211,4.83,3.89,0.5,0.31,200.0,-0.006616506459040328,0.19857526301824852,0.20052094853928332,0.18787551400028393,0.15087417804754027,-0.47947380365187514,-0.31999999999999984,-0.5,0.05016843546192917,0.5,0.31
2024-09-26,201.32125854492188,7807500.0,0.0,0.02185561540694524,15.369999885559082,4.83,3.96,0.5,0.31,200.0,-0.001950667559181385,0.19776347054754237,0.2005110887271886,0.18625853033130352,0.17201023208377558,-0.47929864164102837,-0.13999999999999968,-0.5,0.05044174946367441,0.5,0.31
2024-09-27,202.0122528076172,7032500.0,0.0,0.02178085704628156,16.959999084472656,4.83,3.9,0.5,0.31,200.0,0.003432296557698722,0.1973499969705838,0.20059372478082507,0.186151380759774,0.15308338811525607,-0.4683820427899925,-0.20666666666666655,-0.5,0.05071506346541965,0.5,0.31
2024-09-28,202.12741088867188,7576266.666666667,0.0,0.021768461958939295,16.88333257039388,4.83,3.9266666666666667,0.5,0.31,200.0,0.0005700549320855064,0.19670512118491976,0.19604485518841128,0.18597660054823242,0.1566486775482862,-0.5038045532743894,-0.18666666666666654,-0.5,0.050988379417799434,0.5,0.31
2024-09-29,202.24256896972656,8120033.333333334,0.0,0.02175606687159703,16.806666056315105,4.83,3.953333333333333,0.5,0.31,200.0,0.0005697301546008227,0.19274780268035915,0.19475175705781922,0.18580000369908517,0.15091540586051244,-0.5254880470165054,-0.16666666666666696,-0.5,0.05126160200533292,0.5,0.31
2024-09-30,202.35772705078125,8663800.0,0.0,0.021743671784254768,16.729999542236328,4.83,3.98,0.5,0.31,200.0,0.0005694057469767255,0.1927064635636087,0.18884358756671404,0.18382457760950513,0.15078465550694714,-0.5001590000427233,-0.0900000000000003,-0.5,0.05153541449081711,0.5,0.31
2024-10-01,198.69174194335938,8540100.0,0.0,0.022144855930923888,19.260000228881836,4.83,3.96,0.5,0.31,200.0,-0.018116358395851684,0.19828272401634947,0.17021601241598844,0.1863966167355594,0.1507815417526985,-0.39606902540694855,-0.16000000000000014,-0.5,0.05180932064948385,0.5,0.31
2024-10-02,198.93165588378906,5810900.0,0.0,0.022118148971576306,18.899999618530273,4.83,3.97,0.5,0.312258064516129,200.0,0.00120746810150818,0.19838522528415242,0.16944603754268964,0.18606977655183865,0.27392974273227844,-0.3891673915386379,-0.11999999999999966,-0.5,0.05208263493402754,0.5,0.31032258064516133
2024-10-03,196.9547119140625,7251300.0,0.0,0.02234016113267632,20.489999771118164,4.83,4.02,0.5,0.314516129032258,195.0,-0.009937804825198127,0.19950960980022156,0.1701075358496599,0.18648966827869864,0.15517960793201635,-0.3956851276506361,0.019999999999999574,-0.5,0.05235594921857101,0.5,0.3109677419354839
2024-10-04,203.94537353515625,10211700.0,1.25,0.027703496784770406,19.209999084472656,4.83,4.2,0.5,0.3167741935483871,205.0,0.035493751599829704,0.2266529300335907,0.18307655802252432,0.1953976300037878,0.1958014820837171,-0.4028147233008223,0.21333333333333337,-0.5,0.052011155245288654,0.5,0.31193548387096776
2024-10-05,203.85203552246094,9047433.333333334,0.8333333333333333,0.025997687748205225,20.35333251953125,4.83,4.213333333333334,0.5,0.31903225806451607,205.0,-0.0004576618291329826,0.22575570217790963,0.17484255293840945,0.19540259381990582,0.46213928946938954,-0.4629568401595045,0.24000000000000066,-0.5,0.05282848927386574,0.5,0.31322580645161285
2024-10-06,203.75869750976562,7883166.666666666,0.41666666666666663,0.02429187871164004,21.496665954589844,4.83,4.226666666666667,0.5,0.3212903225806451,205.0,-0.0004578713793860212,0.2147431434899128,0.17486195099937074,0.1954073750612264,0.1642559826765603,-0.461134216670928,0.2666666666666666,-0.5,0.05340679873084597,0.5,0.31483870967741934
2024-10-07,203.6653594970703,6718900.0,0.0,0.02258606967507486,22.639999389648438,4.83,4.24,0.5,0.3235483870967741,205.0,-0.00045808112162104564,0.21376716165641743,0.1711918294211406,0.19443319223788114,0.1510363316344881,-0.42072522723685923,0.25,-0.5,0.05374638836603984,0.5,0.31677419354838704
2024-10-08,203.4915771484375,6021800.0,0.0,0.022605358238707428,21.420000076293945,4.83,4.21,0.5,0.3258064516129032,205.0,-0.0008532739640257914,0.2127309593193184,0.17043416675828504,0.19443931367701503,0.15072789424733285,-0.41069226141218984,0.2599999999999998,-0.5,0.05408596139381938,0.5,0.31903225806451607
2024-10-09,206.069580078125,7024000.0,0.0,0.022322557255932924,20.860000610351562,4.83,4.24,0.5,0.3280645161290322,205.0,0.01266884342739627,0.2151354805371853,0.17222658548197778,0.19550651058402047,0.15099030666020205,-0.4153650040682135,0.31000000000000005,0.0,0.05442545491303874,0.5,0.32129032258064516
2024-10-10,205.50958251953125,7927100.0,0.0,0.022383384480686316,20.93000030517578,4.83,4.22,0.5,0.3303225806451613,205.0,-0.0027175168619330003,0.14566597891743527,0.17236905399242228,0.1944244745497744,0.21796755105882157,-0.4153504022717432,0.2999999999999998,0.0,0.054764925256526986,0.5,0.3235483870967742
2024-10-11,214.63409423828125,18320700.0,0.0,0.021431823384467513,20.459999084472656,4.83,4.18,0.5,0.3325806451612903,215.0,0.04439944652158889,0.1893384282521265,0.19340369010842007,0.20691627688480863,0.1561971781784602,-0.3951334216844976,0.2633333333333332,0.0,0.055104372426656445,0.5,0.32580645161290317
2024-10-12,214.3733927408854,15230100.0,0.0,0.021457950372834034,20.206666310628254,4.83,4.18,0.5,0.33483870967741935,215.0,-0.0012146322713595392,0.18894320875886353,0.19290270761928674,0.20657160993235646,0.5641933899543948,-0.3905953002957077,0.26666666666666616,0.0,0.05544380572477836,0.5,0.32806451612903226
2024-10-13,214.1126912434896,12139500.0,0.0,0.021484077361200556,19.953333536783855,4.83,4.18,0.5,0.3370967741935484,215.0,-0.001216109397078613,0.18484323941310712,0.19187212291314157,0.2062197434676426,0.17180881592236422,-0.37675542561135195,0.2699999999999996,0.0,0.05578321455517665,0.5,0.33032258064516123
2024-10-14,213.85198974609375,9048900.0,0.0,0.021510204349567078,19.700000762939453,4.83,4.18,0.5,0.3393548387096774,215.0,-0.0012175901198653305,0.1850222262197282,0.1916125444149838,0.2044134928428675,0.15188069472042368,-0.3716870671676076,0.2999999999999998,0.0,0.05612367569439858,0.5,0.3325806451612903
2024-10-15,214.73065185546875,9235800.0,0.0,0.021422186167888945,20.639999389648438,4.83,4.18,0.5,0.3416129032258064,215.0,0.0041087394623646745,0.18485113403031744,0.19048531117810055,0.2030082788872462,0.15140746314736006,-0.3607029195718049,0.2899999999999996,0.0,0.0564641155935135,0.5,0.33483870967741935
2024-10-16,215.9376220703125,6382500.0,0.0,0.021302448160247737,19.579999923706055,4.83,4.17,0.5,0.3438709677419355,215.0,0.005620856661191276,0.18483870534891975,0.1907207263829378,0.19552542410436322,0.15912849751186656,-0.36380111252744757,0.20999999999999996,0.0,0.056803447554430564,0.5,0.33709677419354833
2024-10-17,216.6907501220703,6470200.0,0.0,0.021228409599434405,19.110000610351562,4.83,4.21,0.5,0.3461290322580644,215.0,0.0034877111479563183,0.18446667987568194,0.19077585898883315,0.19555570764635086,0.1663218776647843,-0.3646164246773006,0.31000000000000005,0.0,0.05714275635613153,0.5,0.3393548387096774
2024-10-18,217.60801696777344,7000500.0,0.0,0.02113892706756863,18.030000686645508,4.83,4.19,0.5,0.3483870967741935,220.0,0.004233068763601633,0.18164758902747444,0.19088058985362805,0.19563875871829434,0.1571401120741365,-0.3656778025669596,0.26333333333333364,0.0,0.0574820420009865,0.5,0.34161290322580634
2024-10-19,216.8452351888021,6623666.666666667,0.0,0.021213812879310852,18.143334070841473,4.83,4.206666666666667,0.5,0.3506451612903225,218.33333333333334,-0.003505301824814233,0.17940528834555286,0.1907935128642186,0.19577519772486818,0.15975864283062363,-0.361901229295198,0.25333333333333385,0.0,0.05782138245629875,0.5,0.3438709677419355
2024-10-20,216.08245340983072,6246833.333333333,0.0,0.021288698691053074,18.256667455037434,4.83,4.223333333333334,0.5,0.35290322580645156,216.66666666666666,-0.003517632187339692,0.1802033361502116,0.19100351106960717,0.1959093308128215,0.15709190775299328,-0.3621092528330042,0.24333333333333362,0.0,0.05816046128325092,0.5,0.34612903225806446
2024-10-21,215.31967163085938,5870000.0,0.0,0.021363584502795296,18.3700008392334,4.83,4.24,0.5,0.3551612903225806,215.0,-0.0035300496034474937,0.18090680778108723,0.1903517803682435,0.19603954645556698,0.1570752306400571,-0.3842933783345744,0.28000000000000025,0.0,0.05849943989867956,0.5,0.34838709677419344
2024-10-22,216.40106201171875,9586800.0,0.0,0.02125682728743215,18.200000762939453,4.83,4.24,0.5,0.3574193548387097,215.0,0.005022255387391095,0.18105487967390035,0.18999772147577992,0.19556956302208642,0.15711871653287282,-0.3782866206358296,0.27,0.0,0.05883863383818344,0.5,0.3506451612903225
2024-10-23,215.7155303955078,6180500.0,0.0,0.02132438026861599,19.239999771118164,4.83,4.27,0.5,0.3596774193548387,215.0,-0.003167875470841297,0.18166378677326583,0.19014210435538764,0.19568490325648286,0.16327525208099405,-0.38003086256708396,0.25,0.0,0.059177803667282314,0.5,0.3529032258064516
2024-10-24,217.2314453125,6002200.0,0.0,0.021175571489581692,19.079999923706055,4.83,4.25,0.5,0.3619354838709677,215.0,0.007027379596697525,0.18217841683903066,0.19060753037041478,0.19406217528269437,0.15604097368922168,-0.38099697217137485,0.04999999999999982,0.0,0.059516950353763365,0.5,0.3551612903225806
2024-10-25,214.65342712402344,6369700.0,0.0,0.021429893114831056,20.329999923706055,4.83,4.29,0.5,0.3641935483870968,215.0,-0.01186761053294072,0.1850502284689232,0.19231102765095248,0.19515814981150698,0.17435979532430654,-0.39383018977286033,0.07666666666666622,0.0,0.059856073899995366,0.5,0.3574193548387097
2024-10-26,215.68013509114584,6527466.666666667,0.0,0.02132884189010266,20.15333302815755,4.83,4.286666666666667,0.5,0.3664516129032258,216.66666666666666,0.004783096085995364,0.18480539869301268,0.19232780996171,0.19522327353959973,0.21255575805716098,-0.39251943926117844,0.0600000000000005,0.0,0.06019531588255611,0.5,0.3596774193548387
2024-10-27,216.70684305826822,6685233.333333333,0.0,0.021227790665374266,19.97666613260905,4.83,4.283333333333333,0.5,0.3687096774193548,218.33333333333334,0.004760326984627028,0.1849153924263435,0.1922995616853255,0.19527904755314135,0.16356031213962338,-0.4141404422865197,0.043333333333333,0.0,0.060534331638921524,0.5,0.3619354838709677
2024-10-28,217.73355102539062,6843000.0,0.0,0.02112673944064587,19.799999237060547,4.83,4.28,0.5,0.3709677419354838,220.0,0.004737773632955022,0.18496195215039515,0.1923521019940122,0.19256576227077432,0.16219291371257688,-0.4157489506439281,0.07000000000000028,0.0,0.060873184256496016,0.5,0.3641935483870968
2024-10-29,215.2230987548828,6580000.0,0.0,0.021373170568642966,19.34000015258789,4.83,4.29,0.5,0.3732258064516129,215.0,-0.011529928477651441,0.1893623145057342,0.192433379470101,0.1926411008057197,0.16205948474864915,-0.3950393424681539,0.04999999999999982,0.0,0.06121221682520983,0.5,0.36645161290322587
2024-10-30,216.68109130859375,7110900.0,0.0,0.021229355880660362,20.350000381469727,4.83,4.28,0.5,0.3754838709677419,215.0,0.006774331203972972,0.18978278369521018,0.19264453199607537,0.18871881644917915,0.2093512925380616,-0.3785440616915609,0.0600000000000005,0.0,0.06155122464402285,0.5,0.3687096774193548
2024-10-31,214.27684020996094,7829900.0,0.0,0.02146755568867196,23.15999984741211,4.83,4.27,0.5,0.3777419354838709,215.0,-0.011095804825944522,0.18411372122674782,0.19375392676017159,0.17450007762761247,0.17405472899562283,-0.390930130665952,0.08999999999999986,0.0,0.06189020933679967,0.5,0.3709677419354839
2024-11-01,215.26173400878906,6923500.0,0.0,0.02136933450425603,21.8799991607666,4.83,4.28,0.5,0.38,215.0,0.004596361407341432,0.18416519945127144,0.1936738849741384,0.17400453083020054,0.2057986314805421,-0.3896975680012423,0.10000000000000053,0.0,0.062229170905907516,0.5,0.37322580645161285
2024-11-02,214.2446746826172,7358866.666666667,0.0,0.021471751091621926,21.91333262125651,4.83,4.2700000000000005,0.5,0.37666666666666665,213.33333333333334,-0.004724756728617385,0.18165054913969797,0.1936333831814105,0.17371195542513856,0.16253127862283365,-0.3859675943221693,0.09000000000000075,0.0,0.06256825145841005,0.5,0.3746850998463902
2024-11-03,213.2276153564453,7794233.333333333,0.0,0.021574167678987823,21.946666081746418,4.83,4.26,0.5,0.37333333333333335,211.66666666666666,-0.004747186027743933,0.1552410400656291,0.19367000953423738,0.17341276588612467,0.16210988669005746,-0.3833210299832213,0.08000000000000007,0.0,0.06290723719203606,0.5,0.3753456221198156
2024-11-04,212.21055603027344,8229600.0,0.0,0.02167658426635372,21.979999542236328,4.83,4.25,0.5,0.37,210.0,-0.00476982929472658,0.15621353780506295,0.1932380419613021,0.16800113572510256,0.16220380103434112,-0.40882710016636586,0.07000000000000028,0.0,0.0632460755642903,0.5,0.3752073732718894
2024-11-05,213.86166381835938,5600700.0,0.0,0.0215092313314599,20.489999771118164,4.83,4.27,0.5,0.3666666666666666,215.0,0.007780516761147327,0.15720121461364245,0.18704138671105275,0.1683632392486736,0.16231065536270511,-0.35967787761357095,0.09999999999999964,0.0,0.06358496252275869,0.5,0.3742703533026113
2024-11-06,238.55101013183594,11025900.0,0.0,0.01928308749335329,16.270000457763672,4.83,4.31,0.5,0.3633333333333333,240.0,0.11544540462588992,0.3491006978126385,0.29038936000469506,0.24565370299500722,0.17936965533488325,-0.5907253282092023,0.09999999999999964,0.0,0.0639238084908278,0.5,0.3725345622119816
2024-11-07,228.23886108398438,16451100.0,0.0,0.020154324194192993,15.199999809265137,4.83,4.28,0.5,0.36,230.0,-0.04322827659439599,0.3771728903038079,0.30557549376660276,0.25736678551056186,1.3756766342231748,-0.519071010786695,0.08999999999999986,0.0,0.06426263134942034,0.5,0.37
2024-11-08,228.81817626953125,9502100.0,0.0,0.02010329806396819,14.9399995803833,4.58,4.32,0.5,0.3566666666666666,230.0,0.0025381969695936757,0.3762674605826297,0.3054001578816412,0.2573660634369128,0.6085359667975392,-0.5187537370692146,0.11333333333333329,-0.25,0.06460143110090022,0.5,0.36666666666666664
2024-11-09,229.5616455078125,9340433.333333334,0.0,0.02003860957533599,14.949999809265137,4.58,4.335,0.5,0.3533333333333333,230.0,0.003249170369252097,0.37580863978363754,0.2831874764524052,0.25737453408459476,0.17735568780688624,-0.5746908130700994,0.11166666666666636,-0.25,0.0649402733437543,0.5,0.3633333333333333
2024-11-10,230.30511474609375,9178766.666666666,0.0,0.01997392108670379,14.960000038146973,4.58,4.3500000000000005,0.5,0.3499999999999999,230.0,0.0032386474519148223,0.356417676997402,0.2829546393487229,0.2573819862878828,0.15661188291206107,-0.5762911094052694,0.11000000000000032,-0.25,0.0652790673931396,0.5,0.35999999999999993
2024-11-11,231.048583984375,9017100.0,0.0,0.019909232598071588,14.970000267028809,4.58,4.365,0.5,0.3466666666666666,230.0,0.003228192474582725,0.35626407569498014,0.2827266682821153,0.2571414525597295,0.15608295575631023,-0.5812330817773167,0.125,-0.25,0.06561784161930406,0.5,0.3566666666666666
2024-11-12,231.309326171875,6861000.0,0.0,0.019886790023252058,14.710000038146973,4.58,4.38,0.5,0.3433333333333334,230.0,0.0011285167084928993,0.3561164640995897,0.2813127636609293,0.2566528204853145,0.15603735414459308,-0.5907644324761931,0.11000000000000032,-0.25,0.06595661787351825,0.5,0.3533333333333332
2024-11-13,232.8542022705078,11472600.0,0.0,0.019754850696901565,14.020000457763672,4.58,4.31,0.5,0.34,235.0,0.0066788318664026125,0.35611892071600304,0.2813597469851092,0.25667694078164455,0.15139210904722375,-0.5919133402864342,0.05999999999999961,-0.25,0.06629530215297974,0.5,0.35
2024-11-14,233.5397491455078,10172200.0,0.0,0.01969686109893846,14.3100004196167,4.58,4.36,0.5,0.3366666666666666,235.0,0.002944103513337515,0.35609904687356564,0.28129261257372784,0.25614786115266647,0.1721301277219695,-0.5923911248413596,0.07000000000000028,-0.25,0.06663396333950211,0.5,0.3466666666666666
2024-11-15,236.86126708984375,11518800.0,0.0,0.0194206509849294,16.139999389648438,4.58,4.34,0.5,0.3333333333333333,235.0,0.014222495127655721,0.35753498855666804,0.28220181399209415,0.2570239797883536,0.15553754426819563,-0.5566466350199148,0.05333333333333279,-0.25,0.06697260143544703,0.5,0.3433333333333333
2024-11-16,236.77114868164062,10696333.333333334,0.0,0.019428048387218576,15.953332901000977,4.58,4.336666666666667,0.5,0.32999999999999996,235.0,-0.00038046916370226835,0.3576727519461426,0.2821657647190401,0.2570413152203943,0.23228204727794385,-0.5588675486970472,0.05333333333333368,-0.25,0.06731121735220347,0.5,0.33999999999999997
2024-11-17,236.6810302734375,9873866.666666666,0.0,0.019435445789507753,15.766666412353516,4.58,4.333333333333333,0.5,0.32666666666666666,235.0,-0.0003806139755831994,0.35777964545447816,0.28131497536576433,0.2570578206354148,0.15298485517496732,-0.5552740378186316,0.05333333333333279,-0.25,0.06764979821982786,0.5,0.3366666666666666
2024-11-18,236.59091186523438,9051400.0,0.0,0.01944284319179693,15.579999923706055,4.58,4.33,0.5,0.3233333333333333,235.0,-0.0003807588977410292,0.35741456896635415,0.28040870569742576,0.2568893036355396,0.15073801128066844,-0.5521179588397902,0.040000000000000036,-0.25,0.06798837777424938,0.5,0.33333333333333337
2024-11-19,234.7177276611328,6792700.0,0.0,0.01959800840710729,16.350000381469727,4.58,4.34,0.5,0.32,235.0,-0.007917397119499459,0.3583351236573477,0.2812451602123814,0.25737380620886086,0.15068749640110124,-0.5554602690147119,0.05999999999999961,-0.25,0.06832694622358781,0.5,0.32999999999999996
2024-11-20,232.48728942871094,9015300.0,0.0,0.019786027921369555,17.15999984741211,4.58,4.37,0.5,0.3166666666666666,230.0,-0.009502640702290788,0.35967377537834555,0.2822966917962179,0.2576686651644952,0.18050018767821646,-0.5595642614075395,0.10000000000000053,-0.25,0.06866546891172853,0.5,0.32666666666666666
2024-11-21,236.33021545410156,8783500.0,0.0,0.019464290637408486,16.8700008392334,4.58,4.39,0.5,0.3133333333333333,235.0,0.01652961774742101,0.36185529874276984,0.2837444333649187,0.25869257604338786,0.192830175343869,-0.5604422586757133,0.10999999999999943,-0.25,0.06900396852345447,0.5,0.3233333333333333
2024-11-22,239.98968505859375,7997300.0,0.0,0.01916749046475437,15.239999771118164,4.58,4.42,0.5,0.31,240.0,0.015484560860999697,0.3631223126693195,0.28492062674412394,0.25975520818558867,0.2551584196011803,-0.5654455309321723,0.14999999999999947,-0.25,0.06934244238643616,0.5,0.31999999999999995
2024-11-23,240.5497080485026,8763333.333333334,0.0,0.01912307350673544,15.026666641235352,4.58,4.403333333333333,0.5,0.30666666666666664,240.0,0.0023335294172002197,0.3629892253436478,0.28488925829504075,0.25975877020877974,0.24619645707348106,-0.5672020633586538,0.14333333333333353,-0.25,0.06968093240305406,0.5,0.3166666666666666
2024-11-24,241.10973103841147,9529366.666666666,0.0,0.019078656548716506,14.813333511352539,4.58,4.386666666666667,0.5,0.30333333333333334,240.0,0.0023280967349832427,0.360094633328509,0.2842090826245904,0.259762154332288,0.15614519517627093,-0.5680357053911298,0.13666666666666671,-0.25,0.07001939009545266,0.5,0.31333333333333335
2024-11-25,241.6697540283203,10295400.0,0.0,0.019034239590697576,14.600000381469727,4.58,4.37,0.5,0.3,240.0,0.00232268928963153,0.3601116447454476,0.2840276207098021,0.25971363153040006,0.15351884972866012,-0.5682285752616333,0.10000000000000053,-0.25,0.07035799243457164,0.5,0.31
2024-11-26,241.36077880859375,6212100.0,0.0,0.01905860605317294,14.100000381469727,4.58,4.37,0.5,0.2966666666666667,240.0,-0.0012785018173616658,0.36039623911793994,0.2841642864997196,0.25968490834504465,0.1534468794521988,-0.5774079847651172,0.0600000000000005,-0.25,0.07069657843582244,0.5,0.30666666666666664
2024-11-27,241.1869659423828,5472300.0,0.0,0.019072340754511977,14.100000381469727,4.58,4.34,0.5,0.2933333333333333,240.0,-0.0007201371617581165,0.3605928849232175,0.2842230551968703,0.2596679510611588,0.15152148577755234,-0.5775049222004965,0.05999999999999961,-0.25,0.07103493974869668,0.5,0.3033333333333333
2024-11-28,241.15318298339844,5483550.0,0.0,0.01907501295801522,13.805000305175781,4.58,4.32,0.5,0.29,240.0,-0.00014006958814039017,0.35796891991857144,0.2842521022862228,0.25910189549139545,0.15089924219502762,-0.5765406385367104,0.0,0.0,0.0713732780631735,0.5,0.3
2024-11-29,241.11940002441406,5494800.0,0.0,0.019077685161518466,13.510000228881836,4.58,4.3,0.5,0.2866666666666667,240.0,-0.00014008921037833577,0.35803103888449733,0.284281009749649,0.2588969918824961,0.15062591071217019,-0.5755897308364097,-0.03500000000000014,0.0,0.07171159325856058,0.5,0.2966666666666667
2024-11-30,240.0025634765625,6629766.666666667,0.0,0.019167295942822363,13.453333536783854,4.58,4.3,0.5,0.2856272401433692,240.0,-0.0046318817471281415,0.35619664163031645,0.28129439494668174,0.25887016756002607,0.15061980226266172,-0.5614785794057725,-0.05000000000000071,0.0,0.07205002180283127,0.5,0.29366103430619556
2024-12-01,238.88572692871094,7764733.333333334,0.0,0.01925690672412626,13.396666844685873,4.58,4.3,0.5,0.2845878136200717,240.0,-0.0046534359119903,0.35702260897867577,0.2817244726572508,0.25884295481759545,0.16142868917289221,-0.5617380236964927,-0.06500000000000039,0.0,0.07238835944876332,0.5,0.2909831029185868
2024-12-02,237.76889038085938,8899700.0,0.0,0.019346517505430157,13.34000015258789,4.58,4.3,0.5,0.2835483870967742,240.0,-0.004675191616554164,0.35701269055887047,0.2808848154492737,0.2588153460240241,0.1617594880989625,-0.55639197616456,-0.08000000000000007,0.0,0.07272706326020373,0.5,0.28863287250384023
2024-12-03,236.38816833496094,6657700.0,0.0,0.019459518775414433,13.300000190734863,4.58,4.27,0.5,0.2870967741935484,235.0,-0.00580699200676249,0.35723942690373034,0.2735299675326952,0.2589143689408405,0.16186578363973692,-0.5401711866510978,-0.040000000000000036,0.0,0.0730658121558454,0.5,0.2872657450076805
2024-12-04,235.0170440673828,7346300.0,0.0,0.019573048492096227,13.449999809265137,4.58,4.23,0.5,0.2906451612903226,235.0,-0.005800308353991923,0.35745907269702765,0.2739943087492598,0.2587403504493826,0.16755379034021828,-0.5455588111182111,-0.1299999999999999,0.0,0.07340401236754146,0.5,0.28688172043010757
2024-12-05,237.02542114257812,6572500.0,0.0,0.01940720104124594,13.539999961853027,4.58,4.23,0.5,0.2941935483870967,235.0,0.00854566562678527,0.3575460454236473,0.2742150714913693,0.255420887092115,0.16764208994588436,-0.5483259165005511,-0.10999999999999943,0.0,0.07374218953577105,0.5,0.28748079877112137
2024-12-06,238.84068298339844,5519700.0,0.0,0.019259700410083572,12.770000457763672,4.58,4.19,0.5,0.2977419354838709,240.0,0.007658511192891737,0.16638725286975803,0.27434071973567425,0.2554716954947068,0.1847853882337244,-0.554463704423819,-0.1466666666666665,0.0,0.07408034366288963,0.5,0.28906298003072195
2024-12-07,237.6980946858724,6038633.333333333,0.0,0.019353178323194227,13.243333498636881,4.58,4.193333333333333,0.5,0.3012903225806451,238.33333333333334,-0.004783893109221449,0.10216744427570335,0.27467478851816174,0.25555334697463555,0.17904211298529168,-0.5673127667426907,-0.13999999999999968,0.0,0.07441862028815094,0.5,0.2913005632360471
2024-12-08,236.55550638834634,6557566.666666667,0.0,0.019446656236304878,13.716666539510092,4.58,4.196666666666667,0.5,0.30483870967741933,236.66666666666666,-0.004806888751195282,0.10364085843130998,0.27428448883862355,0.25562281147341165,0.16277069482073764,-0.5670544499950212,-0.13333333333333286,0.0,0.07475685689657996,0.5,0.2941935483870967
2024-12-09,235.4129180908203,7076500.0,0.0,0.019540134149415533,14.1899995803833,4.58,4.2,0.5,0.3083870967741935,235.0,-0.004830106535969936,0.104835748771341,0.27448463949318375,0.23854879559182185,0.1624957068525715,-0.5683437494679515,-0.13999999999999968,0.0,0.07509507917963631,0.5,0.29774193548387096
2024-12-10,234.4956512451172,9108300.0,0.0,0.019616568476110634,14.180000305175781,4.58,4.22,0.5,0.3119354838709677,235.0,-0.0038964167860544574,0.10545824566343481,0.26096444704622046,0.2385208363999552,0.16259814683707843,-0.5819675980475563,-0.15000000000000036,0.0,0.07543329548805433,0.5,0.3012903225806451
2024-12-11,235.142578125,7884400.0,0.0,0.019562599154435888,13.579999923706055,4.58,4.21,0.5,0.3154838709677419,235.0,0.0027588011822299308,0.10536582115161172,0.2609164652013049,0.2383825663806357,0.1586009942383002,-0.5818863695572283,-0.17999999999999972,0.0,0.07577133451712803,0.5,0.30483870967741933
2024-12-12,233.21145629882812,6113800.0,0.0,0.019724588461493667,13.920000076293945,4.58,4.22,0.5,0.3190322580645161,235.0,-0.008212557000822351,0.10840555743960384,0.2616305934780951,0.23799003785495101,0.15468407297627979,-0.5846226580911881,-0.20000000000000018,0.0,0.07610935051920298,0.5,0.30838709677419346
2024-12-13,231.6762237548828,10392700.0,0.0,0.01985529600511304,13.8100004196167,4.58,4.24,0.5,0.3225806451612903,230.0,-0.0065830065482637146,0.10843323254577819,0.2620954195646613,0.23832535003924718,0.18265374759747688,-0.5840871920309741,-0.1633333333333331,0.0,0.07644734349663196,0.5,0.31193548387096776
2024-12-14,231.56035359700522,9939133.333333334,0.0,0.01986524132164862,14.103333473205566,4.58,4.24,0.5,0.3261290322580645,230.0,-0.0005001383223519618,0.1080338241067936,0.26205762397683235,0.23826188860831393,0.1724944561372396,-0.594093038525148,-0.1466666666666665,0.0,0.076785315021628,0.5,0.3154838709677419
2024-12-15,231.4444834391276,9485566.666666666,0.0,0.019875186638184203,14.396666526794434,4.58,4.24,0.5,0.32967741935483863,230.0,-0.0005003885858598789,0.09902718514297525,0.26192368613306505,0.23819486941475693,0.1512623300186277,-0.5952003485041159,-0.1299999999999999,0.0,0.07712321716631232,0.5,0.31903225806451607
2024-12-16,231.32861328125,9032000.0,0.0,0.019885131954719783,14.6899995803833,4.58,4.24,0.5,0.3332258064516128,230.0,-0.0005006390999510169,0.0990236773135695,0.26189980067746826,0.238069595154596,0.15075403865251613,-0.5949723408043919,-0.1299999999999999,0.0,0.07746111771302089,0.5,0.3225806451612903
2024-12-17,230.150634765625,8083600.0,0.0,0.01998690989787811,15.869999885559082,4.58,4.25,0.5,0.3367741935483871,230.0,-0.0050922300484843586,0.09980379985166599,0.2621206681206416,0.23775975460466786,0.1507427953130974,-0.5963643054794543,-0.08999999999999986,0.0,0.07779904161761508,0.5,0.3261290322580645
2024-12-18,222.43580627441406,11322400.0,0.0,0.02068012374916421,27.6200008392334,4.58,4.3,0.5,0.3403225806451613,220.0,-0.03352077868074255,0.13851195388846557,0.27165652141801905,0.24417768183493127,0.16360423664642756,-0.518929798359147,-0.020000000000000462,0.0,0.07813691950792245,0.5,0.3296774193548387
2024-12-19,224.93663024902344,11790800.0,0.0,0.020450204108185578,24.09000015258789,4.33,4.28,0.5,0.3438709677419355,225.0,0.01124290201517364,0.142479331847048,0.2724140810641239,0.24474583891320306,0.45261067654001763,-0.5206549488982494,-0.019999999999999574,-0.25,0.07847477438769412,0.5,0.33322580645161287
2024-12-20,229.4168243408203,10995975.0,0.0,0.020050839833639516,18.360000610351562,4.33,4.27,0.5,0.3474193548387096,230.0,0.019917583395985483,0.1528450036321841,0.2750378375878334,0.24670452678965138,0.2152454357408848,-0.5306589601932972,-0.03000000000000025,-0.25,0.07881260625928,0.5,0.33677419354838706
2024-12-21,229.67108154296875,10201150.0,0.0,0.020028691604488936,17.83333396911621,4.33,4.266666666666667,0.5,0.3509677419354838,230.0,0.001108276181918999,0.14439955018014952,0.274914542283828,0.2467010244659625,0.29005597861444926,-0.5303055769960658,-0.033333333333333215,-0.25,0.07915042279475304,0.5,0.3403225806451613
2024-12-22,229.9253387451172,9406325.0,0.0,0.02000654337533836,17.30666732788086,4.33,4.263333333333333,0.5,0.354516129032258,230.0,0.0011070492655858022,0.13607036907907533,0.27477749409686425,0.24669748378090342,0.15571755554705313,-0.5293792531237193,-0.03666666666666707,-0.25,0.0794881789344315,0.5,0.3438709677419355
2024-12-23,230.17959594726562,8611500.0,0.0,0.01998439514618778,16.780000686645508,4.33,4.26,0.5,0.3580645161290322,230.0,0.0011058250627622446,0.13582230734821082,0.2744986737872683,0.24669528622417042,0.15135996585598552,-0.5293077880937788,-0.009999999999999787,-0.25,0.0798258986755469,0.5,0.3474193548387096
2024-12-24,233.96458435058594,3729100.0,0.0,0.01966109534384527,14.270000457763672,4.33,4.24,0.5,0.3616129032258064,235.0,0.016443631277324178,0.1449573222406368,0.27493141973008256,0.247566954482157,0.1512597928949603,-0.5332936635857631,0.009999999999999787,-0.25,0.0801636101257357,0.5,0.35096774193548386
2024-12-25,234.36529541015625,4090450.0,0.0,0.019627536744514746,14.5,4.33,4.235,0.5,0.36516129032258066,235.0,0.0017126996407705875,0.1448467607694951,0.2748443395115131,0.247491978966101,0.25367889120280823,-0.5331684380044973,0.004999999999999893,-0.25,0.08050134288685462,0.5,0.35451612903225804
2024-12-26,234.76600646972656,4451800.0,0.0,0.01959397814518422,14.729999542236328,4.33,4.23,0.5,0.3687096774193549,235.0,0.001709771316051878,0.1450594881681425,0.2747559949281541,0.24747451862904532,0.15515352386170433,-0.5330330708941218,0.040000000000000036,-0.25,0.08083903674811133,0.5,0.3580645161290322
2024-12-27,232.86386108398438,5730200.0,0.0,0.019754031297887695,15.949999809265137,4.33,4.2,0.5,0.372258064516129,235.0,-0.008102303286346868,0.1465534976023146,0.27534145224999423,0.24801216326862927,0.15222113015517683,-0.5357708599008777,0.006666666666666821,-0.25,0.08117670761762885,0.5,0.36161290322580647
2024-12-28,232.26842753092447,5728066.666666667,0.0,0.019804932878384453,16.433333079020183,4.33,4.19,0.5,0.37580645161290316,233.33333333333334,-0.0025570028354255925,0.1465734756379917,0.274179212355706,0.24810329266964595,0.18182486980388268,-0.5414235420163502,-0.006666666666666821,-0.25,0.08151439676718253,0.5,0.3651612903225806
2024-12-29,231.6729939778646,5725933.333333333,0.0,0.01985583445888121,16.916666348775227,4.33,4.18,0.5,0.3793548387096774,231.66666666666666,-0.002563557860142618,0.14658235805727887,0.2740485844944261,0.24819344834254226,0.15473089994341022,-0.5465467832949527,-0.020000000000000462,-0.25,0.08185191877730591,0.5,0.3687096774193548
2024-12-30,231.0775604248047,5723800.0,0.0,0.019906736039377967,17.399999618530273,4.33,4.17,0.5,0.3829032258064516,230.0,-0.0025701465796086342,0.14629868381580363,0.27296914368953207,0.2460301591271705,0.15408841006820287,-0.5414665785307006,-0.04999999999999982,-0.25,0.0821893601658259,0.5,0.372258064516129
2024-12-31,231.45416259765625,4871000.0,0.0,0.019874345522125338,17.350000381469727,4.33,4.16,0.5,0.3864516129032258,230.0,0.0016297652275678587,0.14616421457453804,0.2728824248282541,0.24602888508018525,0.15409128583317983,-0.5413201645699053,-0.04999999999999982,-0.25,0.08252683718065112,0.5,0.37580645161290327
2025-01-01,231.5941619873047,7045950.0,0.0,0.019862338676754646,17.640000343322754,4.33,4.16,0.5,0.38806451612903226,230.0,0.000604868748425913,0.14582553698101847,0.27260484703409266,0.24524347157201745,0.15205982540269972,-0.5415231764495324,-0.05999999999999961,-0.25,0.0828644259702469,0.5,0.37907834101382487
2025-01-02,231.73416137695312,9220900.0,0.0,0.019850331831383957,17.93000030517578,4.33,4.16,0.5,0.3896774193548387,230.0,0.0006045031033905524,0.14511906262221022,0.2723173666698433,0.238774696063511,0.15083174917947978,-0.5417711496952123,-0.08000000000000007,-0.25,0.08320195890362592,0.5,0.382073732718894
2025-01-03,234.9011688232422,9491100.0,0.0,0.01958270375172716,16.1299991607666,4.33,4.16,0.5,0.3893548387096774,235.0,0.01366655406984818,0.14993679867755283,0.2731384266467354,0.23961530572632747,0.15080397293817097,-0.5466381481515711,-0.08000000000000007,-0.25,0.08205139029387643,0.5,0.384516129032258
2025-01-04,234.5194295247396,9633333.333333334,0.4166666666666667,0.019899881363528608,16.099999745686848,4.33,4.16,0.5,0.3890322580645161,235.0,-0.0016251059984714322,0.147790953793286,0.2729261665749056,0.23965135285011452,0.2270330800239027,-0.545190705107909,-0.08000000000000007,-0.25,0.08168322710662634,0.5,0.386405529953917
2025-01-05,234.13769022623697,9775566.666666666,0.8333333333333334,0.020217058975330056,16.070000330607098,4.33,4.16,0.5,0.3887096774193548,235.0,-0.001627751266819244,0.14586841313610324,0.15523503731130345,0.23968730981378547,0.15408489880485285,-0.579860411044664,-0.08000000000000007,-0.25,0.08109743658687196,0.5,0.3877419354838709
2025-01-06,233.75595092773438,9917800.0,1.25,0.020534236587131504,16.040000915527344,4.33,4.16,0.5,0.3883870967741935,235.0,-0.0016304051608851955,0.14537694439822435,0.12550994565705798,0.23971293143271782,0.15206075269645464,-0.7733741949984939,-0.08999999999999986,-0.25,0.08102871214066498,0.5,0.3885253456221198
2025-01-07,236.00759887695312,8753400.0,0.0,0.020338328184519888,17.81999969482422,4.33,4.16,0.5,0.3880645161290322,235.0,0.009632473270872355,0.1476845397722892,0.12684753500602244,0.23937346131209214,0.1520196952943771,-0.7412397552283206,-0.13999999999999968,-0.25,0.08143094725534339,0.5,0.3887557603686635
2025-01-08,235.9687957763672,8675300.0,0.0,0.020341672652976817,17.700000762939453,4.33,4.16,0.5,0.387741935483871,235.0,-0.0001644146238112265,0.1469938500094999,0.12672668355315028,0.23928379580348302,0.19257909820401897,-0.7416639305889031,-0.1200000000000001,0.0,0.08183311650893788,0.5,0.3887096774193548
2025-01-09,234.3867950439453,9466050.0,0.0,0.02047990237084351,18.6200008392334,4.33,4.16,0.5,0.3874193548387097,235.0,-0.006704279382436562,0.14788343292684375,0.12743722088794118,0.22890695232467553,0.15168756762364902,-0.7429411373357474,-0.10999999999999943,0.0,0.0822353796946591,0.5,0.38838709677419353
2025-01-10,232.80479431152344,10256800.0,0.0,0.020618132088710203,19.540000915527344,4.33,4.16,0.5,0.3870967741935484,235.0,-0.00674953011804813,0.14890686867248398,0.12810021824195916,0.22924634883058115,0.17256301410187874,-0.7442211036764916,-0.10666666666666647,0.0,0.08263743964644599,0.5,0.3880645161290322
2025-01-11,234.20885213216147,10172966.666666666,0.0,0.020495992944504403,19.4233341217041,4.33,4.16,0.5,0.3867741935483871,235.0,0.006031052001271187,0.14805452657215504,0.12865338596175682,0.22937502653967365,0.17327873935247015,-0.7420460831290618,-0.10333333333333261,0.0,0.08303967797850698,0.5,0.387741935483871
2025-01-12,235.61290995279947,10089133.333333334,0.0,0.020373853800298602,19.30666732788086,4.33,4.16,0.5,0.38645161290322577,235.0,0.005994896468924704,0.14756201804362903,0.12851534176105342,0.22949424408022792,0.16884951230229836,-0.7395837103979538,-0.09999999999999964,0.0,0.08344181861439304,0.5,0.38741935483870965
2025-01-13,237.0169677734375,10005300.0,0.0,0.020251714656092802,19.190000534057617,4.33,4.16,0.5,0.3861290322580645,235.0,0.005959171850639766,0.14833823646537317,0.12893557968682018,0.22958358997964853,0.16854914518921035,-0.7390577084295231,-0.08000000000000007,0.0,0.08384379120791263,0.5,0.3870967741935484
2025-01-14,240.18093872070312,12407400.0,0.0,0.019984933132357056,18.709999084472656,4.33,4.16,0.5,0.3858064516129032,240.0,0.013349132667539898,0.15260928144618532,0.1285511008923404,0.23036529036166264,0.16834564608160194,-0.7813811307998845,-0.07500000000000018,0.0,0.08424576828353292,0.5,0.3867741935483871
2025-01-15,244.91722106933594,18448500.0,0.0,0.019598458528325056,16.1200008392334,4.33,4.16,0.5,0.3854838709677419,245.0,0.019719642923622827,0.16141547959543812,0.1344836237414355,0.2323747887560381,0.22439406309514728,-0.787516963611559,-0.07000000000000028,0.0,0.08464768926240862,0.5,0.38645161290322577
2025-01-16,246.78067016601562,15292300.0,0.0,0.01945046991229466,16.600000381469727,4.33,4.16,0.5,0.3851612903225806,245.0,0.007608485383525432,0.1608155512755227,0.13523226397601917,0.23255963596231566,0.28814770058927003,-0.7796220376589093,-0.040000000000000036,0.0,0.0850494216917943,0.5,0.3861290322580645
2025-01-17,251.52664184570312,17678100.0,0.0,0.019083465531832287,15.970000267028809,4.33,4.16,0.5,0.3848387096774193,250.0,0.019231537366742657,0.12628174048940013,0.1403372070981036,0.23426887529008417,0.18174092293214902,-0.7625136126256108,-0.03000000000000025,0.0,0.08545109955875385,0.5,0.38580645161290317
2025-01-18,252.46564483642578,16686600.0,0.0,0.01901327105939007,15.742500305175781,4.33,4.16,0.5,0.384516129032258,251.25,0.0037332148349464855,0.12448377063748092,0.13918513919544262,0.23412971994871276,0.2823990562937857,-0.7633204060741033,-0.019999999999999574,0.0,0.08585285714732382,0.5,0.38548387096774184
2025-01-19,253.40464782714844,15695100.0,0.0,0.018943076586947855,15.515000343322754,4.33,4.16,0.5,0.38419354838709674,252.5,0.0037193297778437273,0.11503337959741988,0.13744762908124422,0.23398228948361507,0.16165605666282823,-0.7654024092701016,-0.009999999999999787,0.0,0.08625460314977329,0.5,0.3851612903225806
2025-01-20,254.3436508178711,14703600.0,0.0,0.018872882114505635,15.287500381469727,4.33,4.16,0.5,0.38387096774193546,253.75,0.0037055476242218166,0.11484632611495368,0.1339646389627826,0.23394180176474597,0.1578571608118609,-0.781688901359092,0.0,0.0,0.08665641947616165,0.5,0.3848387096774193
2025-01-21,255.28265380859375,13712100.0,0.0,0.01880268764206342,15.0600004196167,4.33,4.16,0.5,0.3835483870967742,255.0,0.0036918672343626557,0.11464157408460164,0.1307994651427581,0.23381086391824418,0.15772073545131088,-0.781093691340862,0.0,0.0,0.08705804890540625,0.5,0.384516129032258
2025-01-22,255.0982208251953,9021900.0,0.0,0.018816281761875456,15.100000381469727,4.33,4.16,0.5,0.3832258064516128,255.0,-0.0007224657870280593,0.11509313859315322,0.1308194161583574,0.23368811115568783,0.157667705624645,-0.7808255633580072,0.0,0.0,0.08745945419834822,0.5,0.38419354838709674
2025-01-23,258.1166687011719,10749700.0,0.0,0.018596241862849548,15.020000457763672,4.33,4.16,0.5,0.3829032258064516,260.0,0.011832492857897892,0.11136432142018947,0.13265134858271996,0.23311165118778318,0.15104157603884522,-0.7707634405378351,0.0,0.0,0.08786080499548277,0.5,0.3838709677419354
2025-01-24,257.0392761230469,7666300.0,0.0,0.018674188911511715,14.850000381469727,4.33,4.16,0.5,0.3825806451612903,255.0,-0.004174052700844033,0.11337539074304002,0.13307220549228194,0.23329697133152433,0.21061510841790035,-0.7670959699109707,0.0,0.0,0.08826210130790746,0.5,0.38354838709677413
2025-01-25,257.3660583496094,7618300.0,0.0,0.018650538024166538,15.866666793823242,4.33,4.16,0.5,0.38225806451612904,256.6666666666667,0.001271331881615101,0.11342844590427888,0.13298597701117465,0.23325137793300216,0.1609585991973759,-0.7673192934290983,0.0,0.0,0.08866335363795774,0.5,0.3832258064516129
2025-01-26,257.6928405761719,7570300.0,0.0,0.01862688713682136,16.883333206176758,4.33,4.16,0.5,0.38193548387096776,258.3333333333333,0.001269717649087232,0.108529052070938,0.13293405930436225,0.2332049360741038,0.15168389461806753,-0.7657887984052474,0.0,0.0,0.08906454271360742,0.5,0.3829032258064516
2025-01-27,258.0196228027344,7522300.0,0.0,0.018603236249476185,17.899999618530273,4.33,4.16,0.5,0.3816129032258065,260.0,0.001268107510600025,0.10726908542966843,0.132909123851662,0.23209200357676898,0.15146811625884224,-0.7648284982383871,0.0,0.0,0.08946571451277419,0.5,0.38258064516129037
2025-01-28,259.2716369628906,7375400.0,0.0,0.018513401836881296,16.40999984741211,4.33,4.16,0.5,0.3812903225806452,260.0,0.004852399001890939,0.1057635823035264,0.13309819199711567,0.23200359923766603,0.151461183905802,-0.7662152881053241,0.0,0.0,0.08986684069067175,0.5,0.38225806451612904
2025-01-29,258.72808837890625,7684900.0,0.0,0.018552295694197758,16.559999465942383,4.33,4.16,0.5,0.3809677419354838,260.0,-0.0020964444485771505,0.105525518930156,0.13272199619187158,0.23104276936996912,0.16235465542345529,-0.7694026671899196,0.0,0.0,0.09026786477090831,0.5,0.38193548387096776
2025-01-30,260.3294982910156,8753500.0,0.0,0.018438171745847273,15.84000015258789,4.33,4.16,0.5,0.3806451612903225,260.0,0.006189547961890085,0.1055465665581863,0.13251634779397076,0.2311063573001366,0.15315056338708902,-0.7741369403603546,0.0,0.0,0.0906688344329456,0.5,0.3816129032258065
2025-01-31,259.4268493652344,7193800.0,0.0,0.018502325459930767,16.43000030517578,4.33,4.16,0.5,0.3803225806451613,260.0,-0.0034673324832831254,0.10730639273761935,0.13230029342077437,0.23101006078503622,0.16930447859368208,-0.7783867490272195,0.0,0.0,0.09106974968785964,0.5,0.38129032258064516
2025-02-01,259.26833089192706,7589666.666666667,0.0,0.018513651761258933,17.160000483194988,4.33,4.16,0.5,0.37997695852534563,260.0,-0.0006110334134464823,0.10767647111532648,0.13150460718623588,0.23076420164863654,0.1571825370594389,-0.7845713161034261,0.0,0.0,0.0914706129827545,0.5,0.38096445029624754
2025-02-02,259.1098124186198,7985533.333333333,0.0,0.018524978062587096,17.89000066121419,4.33,4.16,0.5,0.37963133640552993,260.0,-0.0006114070035546648,0.1042148060755351,0.13069094083347943,0.23051379289970442,0.1509531309726454,-0.7895912893022619,0.0,0.0,0.09187141964932,0.5,0.38063528637261357
2025-02-03,258.9512939453125,8381400.0,0.0,0.018536304363915262,18.6200008392334,4.33,4.16,0.5,0.3792857142857143,260.0,-0.000611781050773974,0.10384147082909112,0.12997409064679416,0.2303702433400401,0.15081127857571983,-0.7947700958083661,0.0,0.0,0.0922721921618268,0.5,0.3803028308097432
2025-02-04,260.04803466796875,5626000.0,0.0,0.018458128345898384,17.209999084472656,4.33,4.16,0.5,0.3789285714285714,260.0,0.00423531663405341,0.10280617878192388,0.12947194683700974,0.14227030105276928,0.15080834618459327,-0.7939563271125415,0.0,0.0,0.09267291256805166,0.5,0.37996543778801833
2025-02-05,262.4647216796875,5704400.0,0.0,0.018288172099021865,15.770000457763672,4.33,4.16,0.5,0.3785714285714285,260.0,0.009293233132118717,0.10292509211389987,0.1297924701154928,0.12072230748452867,0.15963154768860796,-0.7978280660815985,0.0,0.0,0.09307355596604294,0.5,0.37962310730743903
2025-02-06,268.74407958984375,7264400.0,0.0,0.017860858580868992,15.5,4.33,4.16,0.5,0.3782142857142856,270.0,0.023924578777560823,0.11684125835232219,0.13665707612463657,0.12624910104271317,0.19012678499118812,-0.7616839059237022,0.0,0.0,0.09347414502329943,0.5,0.37927583936800524
2025-02-07,267.6764831542969,6857900.0,0.0,0.017932094532313224,16.540000915527344,4.33,4.16,0.5,0.3778571428571428,270.0,-0.00397253936598807,0.11862655952407077,0.1364807719186682,0.12659134520092358,0.332471827848549,-0.764395953660986,0.0,0.0,0.09387467975087649,0.5,0.3789236339697169
2025-02-08,266.1365559895833,7447733.333333333,0.0,0.018037068552424658,16.29666741689046,4.33,4.16,0.5,0.37749999999999995,268.3333333333333,-0.005752941560525082,0.11789029636417545,0.13688661628840226,0.12717894559343743,0.16470353580684874,-0.7600527866657811,0.0,0.0,0.09427537938510033,0.5,0.3785697827518103
2025-02-09,264.5966288248698,8037566.666666667,0.0,0.01814204257253609,16.053333918253582,4.33,4.16,0.5,0.3771428571428571,266.6666666666667,-0.005786229400119636,0.11713487881700826,0.1378345627381519,0.12774969300673164,0.16732081151577682,-0.7527069270433323,0.0,0.0,0.09467599909484137,0.5,0.3782142857142857
2025-02-10,263.05670166015625,8627400.0,0.0,0.018247016592647523,15.8100004196167,4.33,4.16,0.5,0.3767857142857143,265.0,-0.005819904703822987,0.1205840353981921,0.13715876307487876,0.128338371030723,0.16755999981810618,-0.7511046112385481,0.0,0.0,0.09507642210217737,0.5,0.3778571428571428
2025-02-11,266.8903503417969,7196400.0,0.0,0.017984914006268164,16.020000457763672,4.33,4.16,0.5,0.3764285714285714,265.0,0.014573468980057847,0.12432548513521306,0.13830179489451372,0.12989554114859,0.16774950540051198,-0.7439875433456665,0.0,0.0,0.09547681645696438,0.5,0.37749999999999995
2025-02-12,267.3368225097656,6683900.0,0.0,0.01795487787629652,15.890000343322754,4.33,4.16,0.5,0.3760714285714285,265.0,0.001672867405647871,0.12440821097556407,0.13818163542865247,0.12987350960032,0.23578069833205625,-0.7438395334676117,0.0,0.0,0.09587707971157289,0.5,0.3771428571428571
2025-02-13,268.18121337890625,8398700.0,0.0,0.01789834544904607,15.100000381469727,4.33,4.16,0.5,0.3757142857142856,270.0,0.003158528111516734,0.12128891565392624,0.13805751736456273,0.128140852352381,0.15445341562152468,-0.7433333595530863,0.0,0.0,0.0962772887027612,0.5,0.37678571428571417
2025-02-14,268.4432373046875,5688600.0,0.0,0.017880875108624624,14.770000457763672,4.33,4.16,0.5,0.3753571428571428,270.0,0.0009770405707392182,0.1117632396959667,0.13795556663410835,0.12810818013208036,0.15577867657669975,-0.7424777830613928,0.0,0.0,0.09667744344156204,0.5,0.3764285714285714
2025-02-15,269.25850677490234,6246400.0,0.0,0.017827222182402857,14.915000438690186,4.33,4.16,0.5,0.37499999999999994,270.0,0.0030370274118305396,0.11093835051308919,0.1370495570979067,0.12810153836541996,0.1512213349873607,-0.7404550037884862,0.0,0.0,0.0970776328772256,0.5,0.3760714285714285
2025-02-16,270.0737762451172,6804200.0,0.0,0.017773569256181086,15.0600004196167,4.33,4.16,0.5,0.37464285714285706,270.0,0.0030278318036442986,0.09984234259951781,0.11370535582988217,0.12809171361097302,0.155330511444563,-0.5890351834772553,0.0,0.0,0.09747778107441873,0.5,0.3757142857142856
2025-02-17,270.88904571533203,7362000.0,0.0,0.01771991632995932,15.205000400543213,4.33,4.16,0.5,0.3742857142857142,270.0,0.0030186917128707247,0.09977969183759286,0.11249309791803354,0.1271189155526224,0.15539308418164718,-0.5818586992735886,0.0,0.0,0.09787803122869887,0.5,0.3753571428571428
2025-02-18,271.7043151855469,7919800.0,0.0,0.017666263403737552,15.350000381469727,4.33,4.16,0.5,0.3739285714285714,270.0,0.003009606638252782,0.09971666951471382,0.1070257789406892,0.12573182081374296,0.15536675250008164,-0.5307542664109225,0.0,0.0,0.09827820771297313,0.5,0.37499999999999994
2025-02-19,271.0248718261719,7007200.0,0.0,0.017710551683531806,15.270000457763672,4.33,4.16,0.5,0.3735714285714285,270.0,-0.0025006719488831486,0.1005903043969772,0.10752725079971033,0.12344765554179465,0.15533867974200785,-0.5317528692938696,0.0,0.0,0.0986782829603432,0.5,0.3746428571428571
2025-02-20,258.94158935546875,13846700.0,0.0,0.018536999065880747,15.65999984741211,4.33,4.16,0.5,0.3732142857142857,260.0,-0.04458366639668787,0.17083888979136835,0.146243471530983,0.14446130231716942,0.15393952099904973,-0.43871323219301733,0.0,0.0,0.0990781125785134,0.5,0.3742857142857142
2025-02-21,256.45703125,12835600.0,0.0,0.01871658568534568,18.209999084472656,4.33,4.16,0.5,0.3728571428571428,255.0,-0.009595052350041766,0.17331945273412172,0.14816405748091324,0.14549788401355176,0.5903476892340708,-0.4639653975863775,0.0,0.0,0.09947788802139801,0.5,0.37392857142857133
2025-02-22,255.5188242594401,12014666.666666666,0.0,0.018785817134101178,18.466665903727215,4.33,4.16,0.5,0.37249999999999994,255.0,-0.0036583399019592955,0.17009560179462505,0.14544000700809606,0.14565494972312856,0.21100027700591958,-0.4276375382073021,0.0,0.0,0.09987769730329732,0.5,0.37357142857142855
2025-02-23,254.58061726888022,11193733.333333334,0.0,0.01885504858285668,18.72333272298177,4.33,4.16,0.5,0.3721428571428571,255.0,-0.0036717724937841423,0.17000278855600556,0.1458205763748632,0.14580539882996857,0.15898078580365288,-0.42873599078616614,0.0,0.0,0.1002774371700963,0.5,0.37321428571428567
2025-02-24,253.6424102783203,10372800.0,0.0,0.018924280031612176,18.979999542236328,4.33,4.16,0.5,0.3717857142857143,255.0,-0.0036853040919804236,0.17020755090573567,0.1461880197018305,0.14594826467400782,0.15767205751059102,-0.4298607435172554,0.0,0.0,0.10067708493124794,0.5,0.37285714285714283
2025-02-25,249.81846618652344,9608400.0,0.0,0.01921395192786168,19.43000030517578,4.33,4.16,0.5,0.3714285714285714,250.0,-0.015076122670498515,0.17534091466859553,0.14882216085046027,0.14829507438358885,0.15769242210604378,-0.41868636114678104,0.0,0.0,0.1010766938406058,0.5,0.3725
2025-02-26,251.16754150390625,5943600.0,0.0,0.019110749626560918,19.100000381469727,4.33,4.16,0.5,0.3710714285714285,250.0,0.00540022256151218,0.17621480682052496,0.1488620981508145,0.148527155471659,0.24264457980063445,-0.4186685279189913,0.0,0.0,0.10147619858604706,0.5,0.37214285714285705
2025-02-27,251.4198455810547,8204400.0,0.0,0.0190915716653423,21.1299991607666,4.33,4.16,0.5,0.3707142857142857,250.0,0.0010045250100301217,0.17547853280235798,0.1486452507260988,0.14852657785475676,0.16743585834619581,-0.3978908985072296,0.0,0.0,0.10187564922221304,0.5,0.3717857142857143
2025-02-28,256.8549499511719,10467100.0,0.0,0.018687590022744276,19.6299991607666,4.33,4.16,0.5,0.3703571428571428,255.0,0.021617642623064093,0.18705043545171843,0.15395104701589948,0.15233003884641366,0.151527469041784,-0.43319913858823345,0.0,0.0,0.1022750457600956,0.5,0.3714285714285714
2025-03-01,255.55118306477866,9997500.0,0.0,0.018783912903853738,20.679999669392902,4.33,4.16,0.5,0.3738940092165898,255.0,-0.005075887720447092,0.18654201281904606,0.1545902178894494,0.15237444341453305,0.30713879924322324,-0.44021858671060415,0.0,0.0,0.10267455827780902,0.5,0.37162771560236996
2025-03-02,254.2474161783854,9527900.0,0.0,0.018880235784963204,21.730000178019207,4.33,4.16,0.5,0.3774308755760368,255.0,-0.005101783802201276,0.1868208426783693,0.15519869738456105,0.1524194240563501,0.16834415223662536,-0.44666682555121195,0.0,0.0,0.10307394422795024,0.5,0.3723831468071098
2025-03-03,252.9436492919922,9058300.0,0.0,0.018976558666072667,22.780000686645508,4.33,4.16,0.5,0.3809677419354838,255.0,-0.00512794547134543,0.18726877340449816,0.15579459421896236,0.15234037228432606,0.16403406826392083,-0.45284445279911295,0.0,0.0,0.1034731288641424,0.5,0.3736948650427912
2025-03-04,242.8790740966797,13465600.0,0.0,0.01976292118970005,23.510000228881836,4.33,4.16,0.5,0.3864516129032258,245.0,-0.03978979200894739,0.21990171344166096,0.176048415711736,0.1670024952685712,0.16406528178414193,-0.4193876258243021,0.0,0.0,0.10387233192765954,0.5,0.3758410138248847
2025-03-05,244.12135314941406,7861400.0,0.0,0.01966235209691865,21.93000030517578,4.33,4.16,0.5,0.3919354838709677,245.0,0.0051148047947509045,0.22087178994474801,0.17623195284926224,0.16662892025290169,0.5300927840607406,-0.41950464326107023,0.0,0.0,0.1042714581116213,0.5,0.3788215931533903
2025-03-06,239.2783203125,9983200.0,0.0,0.02006032136020994,24.8700008392334,4.33,4.16,0.5,0.3974193548387096,240.0,-0.01983862851173812,0.2260944752819574,0.18122470729110046,0.1696011649053838,0.1803610579950781,-0.467235355654814,0.0,0.0,0.10467053026319562,0.5,0.382636603028308
2025-03-07,235.14381408691406,20498700.0,0.0,0.020413039648263166,23.3700008392334,4.33,4.16,0.5,0.4029032258064516,235.0,-0.01727906740646723,0.22698543901192902,0.1848234984421673,0.17191887008526804,0.2929053743101397,-0.40490819225267416,0.0,0.0,0.1050695483933537,0.5,0.3872860434496378
2025-03-08,231.8892618815104,19961533.333333332,0.0,0.020707809622478323,24.86666742960612,4.33,4.16,0.5,0.40838709677419355,231.66666666666666,-0.01384068816796813,0.21342652363698783,0.185949782201118,0.17329614579826672,0.2677278661739631,-0.4578077965091774,0.0,0.0,0.1054698110659309,0.5,0.3922136273864384
2025-03-09,228.63470967610678,19424366.666666668,0.0,0.02100257959669348,26.36333401997884,4.33,4.16,0.5,0.41387096774193544,228.33333333333334,-0.014034941415556501,0.21506214755735334,0.18809996921456593,0.17468966786285958,0.232815125792734,-0.47248175074599924,0.0,0.0,0.10587001938381313,0.5,0.39741935483870966
2025-03-10,225.38015747070312,18887200.0,0.0,0.021297349570908636,27.860000610351562,4.33,4.16,0.5,0.4193548387096774,225.0,-0.014234724946243671,0.2166677089859681,0.18981025819044947,0.17616108476458073,0.23383476687377008,-0.4829174409776446,0.0,0.0,0.10626909366300152,0.5,0.4029032258064516
2025-03-11,222.39085388183594,18143000.0,0.0,0.02158362143143894,26.920000076293945,4.33,4.16,0.5,0.4248387096774194,220.0,-0.013263384063682548,0.21784861726312232,0.1911902443144458,0.17739132622155565,0.2357817352230314,-0.45142342404981206,0.0,0.0,0.10666811427215062,0.5,0.4083870967741935
2025-03-12,221.18736267089844,16054000.0,0.0,0.021701058966654675,24.229999542236328,4.33,4.16,0.5,0.4303225806451612,220.0,-0.005411603894362349,0.21785113772308787,0.19089578035891497,0.17711054890842184,0.22658790713028792,-0.40641450021949116,0.0,0.0,0.1070668624118809,0.5,0.4138709677419355
2025-03-13,218.55718994140625,16467900.0,0.0,0.02196221502155499,24.65999984741211,4.33,4.16,0.5,0.4358064516129032,220.0,-0.011891152811499328,0.20982570631573982,0.19165282733034963,0.17785123576959386,0.16713836034654145,-0.4076296139022206,0.0,0.0,0.10746555659594548,0.5,0.41935483870967744
2025-03-14,225.59364318847656,11962100.0,0.0,0.02127719527978786,21.770000457763672,4.33,4.16,0.5,0.4412903225806451,225.0,0.032195020666932805,0.2365184864379283,0.20272395368587162,0.1859002545836477,0.2126359687572452,-0.4742935980679791,0.0,0.0,0.10786419683529558,0.5,0.4248387096774193
2025-03-15,226.07567342122397,11170066.666666666,0.0,0.021232021462776404,21.350000381469727,4.33,4.16,0.5,0.44677419354838704,225.0,0.0021367190401933023,0.23620675937653524,0.2006945786620599,0.18594409017054597,0.4248046307765686,-0.4721738874930058,0.0,0.0,0.10826281260141735,0.5,0.4303225806451612
2025-03-16,226.55770365397134,10378033.333333334,0.0,0.02118684764576495,20.93000030517578,4.33,4.16,0.5,0.45225806451612904,225.0,0.0021321632064732476,0.23651320035046605,0.19620776779124027,0.18598657636789548,0.1640764852996122,-0.4386820674392117,0.0,0.0,0.10866117702198208,0.5,0.43580645161290327
2025-03-17,227.03973388671875,9586000.0,0.0,0.021141673828753496,20.510000228881836,4.33,4.16,0.5,0.457741935483871,225.0,0.002127626758980705,0.23623814560793582,0.1954706329573991,0.18584357797403595,0.15325908278604924,-0.4468869867449479,0.0,0.0,0.10905953176269989,0.5,0.44129032258064516
2025-03-18,228.04913330078125,10344900.0,0.0,0.02104809577885625,21.700000762939453,4.33,4.16,0.5,0.4632258064516129,230.0,0.004445915244800869,0.2367256727690623,0.1911918033568192,0.176884884155818,0.15299885318873807,-0.42708482642744083,0.0,0.0,0.1094580300642185,0.5,0.4467741935483871
2025-03-19,232.0671844482422,10120600.0,0.0,0.02068366542823525,19.899999618530273,4.33,4.16,0.5,0.4687096774193549,230.0,0.017619234457521005,0.2448804080872009,0.19487479357235987,0.17828906553881188,0.16056649855672842,-0.4512917429329263,0.0,0.0,0.10985640073528713,0.5,0.45225806451612904
2025-03-20,231.97012329101562,8328500.0,0.0,0.02069231990698307,19.799999237060547,4.33,4.16,0.5,0.4741935483870968,230.0,-0.00041824593794825837,0.24408870988259848,0.19459523312168192,0.17525117992299344,0.26558034570463057,-0.450436095967774,0.0,0.0,0.11025471752728677,0.5,0.45774193548387093
2025-03-21,234.51296997070312,19326900.0,0.0,0.020467951092852762,19.280000686645508,4.33,4.16,0.5,0.4796774193548387,235.0,0.010961957702188219,0.2484623063541472,0.19596809846275176,0.1761709716925698,0.15420574359372324,-0.4535494407836044,0.0,0.0,0.11065298045114647,0.5,0.46322580645161293
2025-03-22,236.59317525227866,16025500.0,0.0,0.020291099978373316,18.68000030517578,4.33,4.16,0.5,0.48516129032258065,236.66666666666666,0.008870320826329658,0.219182336473397,0.19681512830741,0.17675280393166035,0.20328470309016344,-0.4569539498846819,0.0,0.0,0.11105168701195778,0.5,0.4687096774193549
2025-03-23,238.67338053385416,12724100.0,0.0,0.020114248863893867,18.079999923706055,4.33,4.16,0.5,0.49064516129032254,238.33333333333334,0.008792330038080776,0.22082320077451467,0.19788242735043768,0.17731179742280306,0.1879232027820394,-0.46105769829507987,0.0,0.0,0.11145022964746576,0.5,0.4741935483870968
2025-03-24,240.7535858154297,9422700.0,0.0,0.019937397749414422,17.479999542236328,4.33,4.16,0.5,0.4961290322580645,240.0,0.008715698738261501,0.22309255183972634,0.19712481790876357,0.1758268038159249,0.18699720990760332,-0.4673071691396409,0.0,0.0,0.11184875447233655,0.5,0.4796774193548387
2025-03-25,243.733154296875,9287700.0,0.0,0.01969366873311557,17.149999618530273,4.33,4.16,0.5,0.5016129032258064,245.0,0.012376008736707078,0.22681355277555731,0.19893149310607375,0.17695356295400086,0.186420995495037,-0.46948826583576947,0.0,0.0,0.112247335794881,0.5,0.48516129032258065
2025-03-26,243.6361083984375,12779300.0,0.0,0.01970151317698023,18.329999923706055,4.33,4.16,0.5,0.5070967741935484,245.0,-0.00039816453661156714,0.2267316854058227,0.19888362047560185,0.17694576766511375,0.21598478573509713,-0.47037559727543427,0.0,0.0,0.1126453297578236,0.5,0.4906451612903226
2025-03-27,240.81179809570312,8022500.0,0.0,0.01993257821235316,18.690000534057617,4.33,4.16,0.5,0.5125806451612903,240.0,-0.011592330551083774,0.22508249919341974,0.20003924219651906,0.1775252087634285,0.15245765120198196,-0.4771797312851502,0.0,0.0,0.11304326991806835,0.5,0.4961290322580645
2025-03-28,235.69703674316406,11978400.0,0.0,0.020365126631738253,21.649999618530273,4.33,4.16,0.5,0.5180645161290323,235.0,-0.0212396626452096,0.231592288168048,0.20425792081785976,0.18119141157566393,0.20973906889083035,-0.5137242862057803,0.0,0.0,0.11344115628652518,0.5,0.5016129032258064
2025-03-29,236.4896494547526,12519933.333333334,0.0,0.02029732586842922,21.859999974568684,4.33,4.16,0.5,0.5235483870967742,236.66666666666666,0.0033628454669636376,0.23196816155654118,0.20408352995486015,0.1812098745365955,0.30878615427602035,-0.5099282805318927,0.0,0.0,0.11383901053496626,0.5,0.5070967741935484
2025-03-30,237.28226216634116,13061466.666666666,0.0,0.02022952510512019,22.070000330607098,4.33,4.16,0.5,0.5290322580645161,238.33333333333334,0.003351574639380628,0.22180532568964625,0.20432395087770178,0.18122141102510758,0.16146727016949122,-0.5086023873996453,0.0,0.0,0.11423679399685627,0.5,0.5125806451612903
2025-03-31,238.0748748779297,13603000.0,0.0,0.020161724341811155,22.280000686645508,4.33,4.16,0.5,0.5345161290322581,240.0,0.00334037910947127,0.22234083077433275,0.20395501261743565,0.1812794621448402,0.1565642992998634,-0.5038998350339337,0.0,0.0,0.11463446892953288,0.5,0.5180645161290323
2025-04-01,236.48318481445312,8054700.0,0.0,0.020297426236736974,21.770000457763672,4.33,4.16,0.5,0.54,235.0,-0.006685670061961302,0.2225601397901934,0.20419700520091336,0.18165878849001732,0.1564157036691154,-0.498199009460505,0.0,0.0,0.11503214109792714,0.5,0.5235483870967742
2025-04-02,238.57955932617188,7758800.0,0.0,0.02011907480069457,21.510000228881836,4.33,4.16,0.5,0.5329999999999999,240.0,0.008864793128372295,0.22474374119015764,0.2052939126540904,0.1822265091824451,0.17254306954530202,-0.5011109441614268,0.0,0.0,0.11542975864120719,0.5,0.5272488479262674
2025-04-03,221.95411682128906,17188500.0,0.0,0.021626091323482047,30.020000457763672,4.33,4.16,0.5,0.526,220.0,-0.06968510861466337,0.283127265030297,0.2514273565642131,0.2176773692097217,0.18719480532867522,-0.6953284842506307,0.0,0.0,0.11582732245810101,0.5,0.5291658986175115
2025-04-04,205.3434295654297,18619975.0,1.4,0.030193320590393955,30.62000020345052,4.33,4.16,0.5,0.519,205.0,-0.0748383832377113,0.3552435503473742,0.2948449023616086,0.2530896212807307,0.9166085642139854,-0.6111004340583593,0.0,0.0,0.11628060523079897,0.5,0.529299539170507
2025-04-05,206.69754028320312,20051450.0,0.9333333333333332,0.02816750034138038,31.21999994913737,4.33,4.16,0.5,0.512,206.66666666666666,0.006594370809132499,0.35432446890897407,0.2951590017574945,0.25344744773365013,0.9943222086132478,-0.605729735777957,0.0,0.0,0.11572501274226465,0.5,0.5276497695852534
2025-04-06,208.05165100097656,21482925.0,0.46666666666666656,0.02614168009236681,31.81999969482422,4.33,4.16,0.5,0.505,208.33333333333334,0.0065511699651488176,0.35375376793448254,0.294696476461021,0.25379266456588806,0.22589352390799416,-0.5973410032063599,0.0,0.0,0.11538567584703152,0.5,0.5242165898617511
2025-04-07,209.40576171875,22914400.0,0.0,0.024115859843353234,32.41999944051107,4.33,4.16,0.5,0.498,210.0,0.006508531469270107,0.3537612887841048,0.28991349346739786,0.2534692486887422,0.17318984587365283,-0.5965750798694562,0.0,0.0,0.11525995159621338,0.5,0.519
2025-04-08,211.77871704101562,19485700.0,0.0,0.02384564450365404,33.019999186197914,4.33,4.16,0.5,0.491,210.0,0.011331853062632957,0.3547228070018441,0.2916325668793006,0.25433837990998237,0.1715765589085236,-0.5911502715571084,0.0,0.0,0.11561130028230471,0.5,0.5119999999999999
2025-04-09,228.83860778808594,19191050.0,0.0,0.022067954567686014,33.619998931884766,4.33,4.16,0.5,0.484,230.0,0.08055526535164659,0.4217018092499859,0.3358980466320077,0.2861911436047029,0.2066915602960961,-0.5010003354930358,0.0,0.0,0.11596252446211852,0.5,0.505
2025-04-10,221.77833557128906,18896400.0,0.0,0.022770483812097654,33.0739990234375,4.33,4.16,0.5,0.477,220.0,-0.030852627032825652,0.4299795026873272,0.3410030288034667,0.29068933007629727,0.9814687812818461,-0.4815260874834469,0.0,0.0,0.11631363029774633,0.5,0.49800000000000005
2025-04-11,230.65492248535156,20284500.0,0.0,0.021894178305779336,32.52799911499024,4.33,4.16,0.5,0.47,230.0,0.04002458982838375,0.44441308668974183,0.35171583954714813,0.29803593187016875,0.44443343658979234,-0.4840311113439918,0.0,0.0,0.11666461784899207,0.5,0.491
2025-04-12,230.1731719970703,17862266.666666668,0.0,0.02194019526065897,31.98199920654297,4.33,4.16,0.5,0.46299999999999997,230.0,-0.0020886200176882808,0.4427522782514784,0.34999884922789437,0.29787049531450294,0.5175102114811713,-0.4848568476058557,0.0,0.0,0.11701551704431323,0.5,0.484
2025-04-13,229.69142150878906,15440033.333333332,0.0,0.0219862122155386,31.4359992980957,4.33,4.16,0.5,0.456,230.0,-0.002092991481593587,0.43361881163978216,0.3498937412714021,0.2977002916224056,0.16983404834570887,-0.48351586531863466,0.0,0.0,0.1173662976618628,0.5,0.477
2025-04-14,229.2096710205078,13017800.0,0.0,0.022032229170418232,30.889999389648438,4.33,4.16,0.5,0.449,230.0,-0.0020973812827520533,0.433662256699357,0.34969487624224366,0.2968202638224238,0.15332423859464583,-0.48177401709794054,0.0,0.0,0.11771697203851672,0.5,0.47000000000000003
2025-04-15,227.65699768066406,10912900.0,0.0,0.022182494065408287,30.1200008392334,4.33,4.16,0.5,0.442,230.0,-0.006774030663413089,0.4341349010029114,0.3497165598287716,0.2950493327123537,0.15294454400409296,-0.477409671687004,0.0,0.0,0.1180675287845443,0.5,0.463
2025-04-16,224.21963500976562,9322300.0,0.0,0.022522559185238402,32.63999938964844,4.33,4.16,0.5,0.435,225.0,-0.015098866742150663,0.4363562271177783,0.35042719043091786,0.29567831574704995,0.17301820788244537,-0.48133094595189146,0.0,0.0,0.11841792581158561,0.5,0.45599999999999996
2025-04-17,226.5144805908203,9557900.0,0.0,0.022294380415892292,29.649999618530273,4.33,4.16,0.5,0.428,225.0,0.010234810974314223,0.4372285726846106,0.35126341494814944,0.2943397174654702,0.24310405788507877,-0.4836186343236721,0.0,0.0,0.11876820491221207,0.5,0.44899999999999995
2025-04-18,225.78940963745117,9347475.0,0.0,0.022366670135846974,30.69249963760376,4.33,4.16,0.5,0.421,225.0,-0.003200991616420845,0.4340537852495044,0.3510449663198615,0.294242180100102,0.19934240574207446,-0.48277851944143374,0.0,0.0,0.11911847197036862,0.5,0.44200000000000006
2025-04-19,225.06433868408203,9137050.0,0.0,0.022438959855801653,31.734999656677246,4.33,4.16,0.5,0.41400000000000003,225.0,-0.0032112708675459123,0.434101767757926,0.35081921774070846,0.2941403289634184,0.15708000135846306,-0.48191154159213745,0.0,0.0,0.11946865645438565,0.5,0.435
2025-04-20,224.3392677307129,8926625.0,0.0,0.022511249575756336,32.77749967575073,4.33,4.16,0.5,0.40700000000000003,225.0,-0.003221616350277956,0.43266242080304046,0.3508167572610692,0.29403416274033467,0.1560385184052076,-0.48117035731371316,0.0,0.0,0.11981818910894204,0.5,0.428
2025-04-21,223.61419677734375,8716200.0,0.0,0.022583539295711018,33.81999969482422,4.33,4.16,0.5,0.4,225.0,-0.0032320287068043907,0.43157602165348824,0.33947800847826437,0.29392367954712045,0.15604873939452518,-0.49466089248144535,0.0,0.0,0.12016749949440175,0.5,0.421
2025-04-22,230.0592498779297,10701400.0,0.0,0.021950867016560075,30.56999969482422,4.33,4.16,0.5,0.3929999999999999,230.0,0.028822199992084574,0.4394753335670981,0.3449470212365703,0.29814739344404206,0.15608285172394226,-0.517979264752491,0.0,0.0,0.1205171910219518,0.5,0.41400000000000003
2025-04-23,235.22508239746094,14126800.0,0.0,0.021468798941547355,28.450000762939453,4.33,4.16,0.5,0.386,235.0,0.022454356963574673,0.44385151030089354,0.348410205702353,0.2999345643639174,0.3862410243271556,-0.5295438719637553,0.0,0.0,0.12086676375702354,0.5,0.40700000000000003
2025-04-24,238.8967742919922,9055200.0,0.0,0.021138837118945875,26.469999313354492,4.33,4.16,0.5,0.379,240.0,0.015609270308712953,0.4447629799910907,0.3500802827065647,0.30115319361251475,0.32053652409228717,-0.535896200868139,0.0,0.0,0.12121621898157109,0.5,0.39999999999999997
2025-04-25,237.83238220214844,8588600.0,0.0,0.021233441608080484,24.84000015258789,4.33,4.16,0.5,0.372,240.0,-0.004455447726317119,0.4448977253507669,0.35010870375507447,0.3011937604037286,0.24909216538665205,-0.5286339562533279,0.0,0.0,0.12156555675483638,0.5,0.39299999999999996
2025-04-26,237.72496541341147,8190500.0,0.0,0.021243044685194473,24.94333330790202,4.33,4.16,0.5,0.365,240.0,-0.00045164913096518156,0.44370542067428875,0.3488709360151997,0.3011728094194984,0.1633572950804206,-0.5284696649062457,0.0,0.0,0.12191477852257337,0.5,0.386
2025-04-27,237.61754862467447,7792400.0,0.0,0.021252647762308462,25.046666463216145,4.33,4.16,0.5,0.358,240.0,-0.000451853210074904,0.4392042697410504,0.3486319655277476,0.30115157980351936,0.15101162107354105,-0.5279221928077281,0.0,0.0,0.12226388136888189,0.5,0.379
2025-04-28,237.5101318359375,7394300.0,0.0,0.02126225083942245,25.149999618530273,4.33,4.16,0.5,0.351,240.0,-0.00045205747369547744,0.43911038821308374,0.3486103362425695,0.30099533521554644,0.15072439469214138,-0.5352222811232844,0.0,0.0,0.12261316648315823,0.5,0.372
2025-04-29,238.8772735595703,7216800.0,0.0,0.021140562786692428,24.170000076293945,4.33,4.16,0.5,0.3440000000000001,240.0,0.005756140645726937,0.4393168384152343,0.34579175876340335,0.3011981122146815,0.1507180684187986,-0.529011353479279,0.0,0.0,0.12296233605686435,0.5,0.36499999999999994
2025-04-30,238.8772735595703,12991700.0,0.0,0.021140562786692428,24.700000762939453,4.33,4.16,0.5,0.337,240.0,0.0,0.4392179055552203,0.3457051659614488,0.3009656199838638,0.16686457188863235,-0.5282955755698401,0.0,0.0,0.12331108754635212,0.5,0.358
2025-05-01,241.09396362304688,8689600.0,0.0,0.02094619012484166,24.600000381469727,4.33,4.16,0.5,0.33,240.0,0.009279618904072029,0.4394974564974098,0.3462483762291815,0.3014156869998291,0.15099144399041792,-0.5277996239170251,0.0,0.0,0.12365972193908759,0.5,0.351
2025-05-02,246.58204650878906,7165000.0,0.0,0.02047999873267334,22.68000030517578,4.33,4.16,0.5,0.3296774193548387,245.0,0.02276325297933579,0.44348184635629895,0.3494189011504323,0.30393190946467025,0.18986622808584572,-0.5369190456132247,0.0,0.0,0.12400823929403515,0.5,0.34495391705069123
2025-05-03,246.59831746419272,6593566.666666667,0.0,0.020478647607567218,23.0,4.33,4.16,0.5,0.3293548387096774,245.0,6.598596951401525e-05,0.3852819835904755,0.33923711812264357,0.3039336823640325,0.31989380631708486,-0.5400575537724589,0.0,0.0,0.12435663969963562,0.5,0.3398617511520738
2025-05-04,246.61458841959634,6022133.333333333,0.0,0.020477296482461098,23.31999969482422,4.33,4.16,0.5,0.3290322580645161,245.0,6.598161565318783e-05,0.29892917284263487,0.33908665670021176,0.3039354074632383,0.156406546038676,-0.5404702163421897,0.0,0.0,0.12470484143858385,0.5,0.33572350230414744
2025-05-05,246.630859375,5450700.0,0.0,0.020475945357354974,23.639999389648438,4.33,4.16,0.5,0.3287096774193548,245.0,6.59772623667898e-05,0.299435083880532,0.33646239145184414,0.30383029023241226,0.15074341981982559,-0.5300084779917342,0.0,0.0,0.12505293018674046,0.5,0.3325391705069124
2025-05-06,243.3985595703125,6369900.0,0.0,0.02074786312998358,24.760000228881836,4.33,4.16,0.5,0.3283870967741935,245.0,-0.013105820629578324,0.30448098425659065,0.3356086159238468,0.30409324283208666,0.15061448595516516,-0.5532518414480881,0.0,0.0,0.12540098388034449,0.5,0.3303087557603686
2025-05-07,243.53529357910156,8724100.0,0.0,0.02073621414696401,23.549999237060547,4.33,4.16,0.5,0.3280645161290322,245.0,0.0005617699999147518,0.30475266582624966,0.334243360283221,0.30127157250318104,0.2234795949877618,-0.5461807720163969,0.0,0.0,0.12574891693119228,0.5,0.32903225806451614
2025-05-08,247.51950073242188,8320100.0,0.0,0.020402432879255212,22.479999542236328,4.33,4.16,0.5,0.327741935483871,250.0,0.0163598757895278,0.30597091618968075,0.3342343790066339,0.30261808503627935,0.15277915699958944,-0.5445952860090572,0.0,0.0,0.1260967332972176,0.5,0.3287096774193548
2025-05-09,247.138671875,5087600.0,0.0,0.020433872051211124,21.899999618530273,4.33,4.16,0.5,0.3274193548387096,245.0,-0.0015385812281254463,0.2163564360923722,0.3326988838398595,0.3025069238310232,0.2528702084354629,-0.537997497318574,0.0,0.0,0.1264444330371095,0.5,0.3283870967741935
2025-05-10,249.4074452718099,6593033.333333333,0.0,0.02025131351785891,20.729999542236328,4.33,4.16,0.5,0.3270967741935483,248.33333333333334,0.009180163426456556,0.19163261496006442,0.3315910927556339,0.302843427434761,0.15484234975357122,-0.5491541072297763,0.0,0.0,0.1267925716356506,0.5,0.3280645161290322
2025-05-11,251.67621866861978,8098466.666666666,0.0,0.02006875498450669,19.559999465942383,4.33,4.16,0.5,0.32677419354838705,251.66666666666666,0.009096654650134095,0.16075410851593816,0.33155062544636,0.3031472943429383,0.18918739192695036,-0.5724671090306195,0.0,0.0,0.1271405934845824,0.5,0.3277419354838709
2025-05-12,253.9449920654297,9603900.0,0.0,0.019886196451154473,18.389999389648438,4.33,4.16,0.5,0.3264516129032258,255.0,0.009014651478839841,0.16096329088794403,0.33051849618331014,0.30251837632872836,0.18926169272469479,-0.5724790171803347,0.0,0.0,0.12748799075617212,0.5,0.3274193548387096
2025-05-13,256.8355712890625,8589000.0,0.0,0.019662385450169365,18.219999313354492,4.33,4.16,0.5,0.3261290322580645,255.0,0.011382698276987568,0.16176642475333772,0.325432929173477,0.3031492000339064,0.1886560838369874,-0.5541104602493557,0.0,0.0,0.12783527170389064,0.5,0.3270967741935483
2025-05-14,259.40380859375,8643100.0,0.0,0.019467717252790066,18.6200008392334,4.33,4.16,0.5,0.3258064516129032,260.0,0.009999538972726763,0.16176707873738558,0.3258240523874426,0.30359064063083113,0.2074528698373418,-0.5515173484885604,0.0,0.0,0.12818238901933676,0.5,0.32677419354838705
2025-05-15,261.2103576660156,9214600.0,0.0,0.019333077160963674,17.829999923706055,4.33,4.16,0.5,0.3254838709677419,260.0,0.006964234958843019,0.1585755201534496,0.3259629342721658,0.3038294286203814,0.19658106499014094,-0.5523334893154535,0.0,0.0,0.12852939006000175,0.5,0.3264516129032257
2025-05-16,261.2786865234375,8932900.0,0.0,0.019328021229726284,17.239999771118164,4.33,4.16,0.5,0.3251612903225806,260.0,0.00026158555898159186,0.14776154669506347,0.32599133876832836,0.3037786609448842,0.17488202849765078,-0.5514617514459532,0.0,0.0,0.12887627488429887,0.5,0.3261290322580645
2025-05-17,260.4063313802083,10003600.0,0.0,0.019393206388069056,17.53999964396159,4.33,4.16,0.5,0.32483870967741935,260.0,-0.003338791827365295,0.14891377852695864,0.32616768517594014,0.3037662511666747,0.15122941331106918,-0.5563011391884779,0.0,0.0,0.12922311971742606,0.5,0.32580645161290317
2025-05-18,259.5339762369792,11074300.0,0.0,0.01945839154641183,17.839999516805012,4.33,4.16,0.5,0.32451612903225807,260.0,-0.0033499767022002747,0.14898289771990164,0.3247968120597632,0.30375023881584046,0.1563304183366429,-0.55102050345082,0.0,0.0,0.12956699625664947,0.5,0.32548387096774195
2025-05-19,258.66162109375,12145000.0,0.0,0.019523576704754603,18.139999389648438,4.33,4.16,0.5,0.3241935483870968,260.0,-0.0033612367670606824,0.14905249125781878,0.32494150179679565,0.3037306197198872,0.15648010016229782,-0.551568424286112,0.0,0.0,0.12991072691076377,0.5,0.3251612903225807
2025-05-20,259.4428405761719,8436300.0,0.0,0.019464788424243797,18.09000015258789,4.33,4.16,0.5,0.3238709677419355,260.0,0.0030202373244183622,0.14727778699694047,0.324401004621167,0.30377033325480496,0.15652144825081557,-0.5505689067459048,0.0,0.0,0.13025719375607925,0.5,0.32483870967741935
2025-05-21,254.91180419921875,7464000.0,0.0,0.019810773439323828,20.8700008392334,4.33,4.16,0.5,0.3235483870967741,255.0,-0.017464488003949508,0.15952560378545794,0.32643438256055907,0.29549605508927085,0.1553967342823352,-0.5586761436816363,0.0,0.0,0.13060349838803975,0.5,0.32451612903225807
2025-05-22,254.55047607421875,6514100.0,0.0,0.019838894343798364,20.280000686645508,4.33,4.16,0.5,0.3232258064516128,255.0,-0.0014174632914120133,0.14302478134927707,0.32610019134170903,0.29507016412288317,0.2670900216009131,-0.5559581584233542,0.0,0.0,0.13094968715358912,0.5,0.32419354838709674
2025-05-23,254.58953857421875,6671800.0,0.0,0.01983585039778768,22.290000915527344,4.33,4.16,0.5,0.3229032258064516,255.0,0.0001534567941197107,0.1316164508310012,0.3257188623741824,0.295008082493514,0.1551937852340189,-0.5488083582817228,0.0,0.0,0.13129576011086752,0.5,0.32387096774193547
2025-05-24,255.70765686035156,6880500.0,0.0,0.01975023835878738,21.457500457763672,4.33,4.16,0.5,0.3225806451612903,256.25,0.0043918469407449034,0.12600947861421008,0.32494174236163065,0.2950349701052225,0.15072539022178952,-0.548219982404747,0.0,0.0,0.13164190941817466,0.5,0.3235483870967742
2025-05-25,256.8257751464844,7089200.0,0.0,0.019664626319787083,20.625,4.33,4.16,0.5,0.32225806451612904,257.5,0.004372642962128692,0.12449966023359985,0.32501329523678524,0.29505365192330607,0.16028669680136057,-0.5498241848676699,0.0,0.0,0.1319879654429046,0.5,0.32322580645161286
2025-05-26,257.9438934326172,7297900.0,0.0,0.01957901428078679,19.792499542236328,4.33,4.16,0.5,0.32193548387096776,258.75,0.004353606196632942,0.12426687033572306,0.3240296069557506,0.29398869970293606,0.16041215815140566,-0.5496984766393055,0.0,0.0,0.13233383604456894,0.5,0.3229032258064516
2025-05-27,259.06201171875,7506600.0,0.0,0.01949340224178649,18.959999084472656,4.33,4.16,0.5,0.3216129032258065,260.0,0.004334734469784607,0.12397795542718945,0.32063495886626475,0.2939426821176714,0.16033436753611663,-0.5359711966603737,0.0,0.0,0.13267941557405005,0.5,0.3225806451612903
2025-05-28,257.30426025390625,5535400.0,0.0,0.019626569707849727,19.309999465942383,4.33,4.16,0.5,0.3212903225806452,255.0,-0.006785060662433451,0.1267989955787687,0.32107016859866183,0.2941835827565675,0.16025304029370513,-0.5370583771670288,0.0,0.0,0.13302491841712105,0.5,0.32225806451612904
2025-05-29,258.1636047363281,5081200.0,0.0,0.01956123910323358,19.18000030517578,4.33,4.16,0.5,0.3209677419354838,260.0,0.00333979888857594,0.1264839611249077,0.3210698665982427,0.2920553503913229,0.1732342256613259,-0.5375122538220863,0.0,0.0,0.13337029764107866,0.5,0.3219354838709677
2025-05-30,257.8022766113281,10977700.0,0.0,0.019588655563401242,18.56999969482422,4.33,4.16,0.5,0.3206451612903225,260.0,-0.0013996090787817828,0.12679774615892028,0.32109500974671074,0.2919365532528868,0.15680585324868992,-0.5365038894173147,0.0,0.0,0.13371556146269703,0.5,0.3216129032258065
2025-05-31,258.01711018880206,9322200.0,0.0,0.01957237251667169,18.5,4.33,4.16,0.5,0.32220788530465944,260.0,0.0008333269213049999,0.12527183479344073,0.32066064841706376,0.29180549171768594,0.15176607962292668,-0.5395334477461771,0.0,0.0,0.1340607146143975,0.5,0.32155965181771634
2025-06-01,258.23194376627606,7666700.0,0.0,0.019556089469942136,18.43000030517578,4.33,4.16,0.5,0.32377060931899637,260.0,0.0008326330657559833,0.10960171237610844,0.3202938392767921,0.29166918369719186,0.15099546485582588,-0.5394073410809299,0.0,0.0,0.13440573087342766,0.5,0.3217757296466974
2025-06-02,258.44677734375,6011200.0,0.0,0.019539806423212583,18.360000610351562,4.33,4.16,0.5,0.3253333333333333,260.0,0.0008319403646992463,0.10953475423246564,0.28125226240297513,0.2833671554718694,0.1509776071918287,-0.32320126278129946,0.0,0.0,0.13475069289764563,0.5,0.3222611367127496
2025-06-03,260.0190124511719,6998400.0,0.0,0.019421656718076805,17.690000534057617,4.33,4.16,0.5,0.3306666666666667,260.0,0.006083399930851829,0.11019958377891825,0.2260489755990939,0.2834141935423885,0.1509766109002557,-0.33505194617659684,0.0,0.0,0.13509556137298695,0.5,0.32355453149001534
2025-06-04,258.0171203613281,5915700.0,0.0,0.019572344629410484,17.610000610351562,4.33,4.16,0.5,0.336,260.0,-0.007699021971401709,0.11350940796063787,0.2272330840207046,0.28160648458612575,0.16866254147139834,-0.33896142753705355,0.0,0.0,0.13544024906621832,0.5,0.3256559139784946
2025-06-05,255.8004608154297,8173800.0,0.0,0.01974195036201978,18.479999542236328,4.33,4.16,0.5,0.3413333333333333,255.0,-0.008591133575920118,0.10905766852169486,0.2285453504129071,0.2803722337146808,0.17935463182304534,-0.35252026539999454,0.0,0.0,0.1357848217034936,0.5,0.3285652841781874
2025-06-06,259.49169921875,7738100.0,0.0,0.01946112347795325,16.770000457763672,4.33,4.16,0.5,0.3466666666666666,260.0,0.014430147590639653,0.11499264806411426,0.2295538113992369,0.2801158614102377,0.18589126390538363,-0.3667234072652351,0.0,0.0,0.13612927934241204,0.5,0.3322826420890937
2025-06-07,259.82044474283856,7920400.0,0.0,0.019436561868856946,16.900000254313152,4.33,4.16,0.5,0.3519999999999999,260.0,0.0012668826212103301,0.10693077954196471,0.22903655633280917,0.2789037878114217,0.23473108534895637,-0.37699684493172064,0.0,0.0,0.1364736328179592,0.5,0.3365386584741423
2025-06-08,260.14919026692706,8102700.0,0.0,0.01941200025976064,17.03000005086263,4.33,4.16,0.5,0.3573333333333333,260.0,0.001265279660397356,0.10651954615556555,0.16921040072247495,0.27762684480830846,0.15381255995007823,-0.6061793830334895,0.0,0.0,0.13681786750708236,0.5,0.3413333333333333
2025-06-09,260.4779357910156,8285000.0,0.0,0.019387438650664335,17.15999984741211,4.33,4.16,0.5,0.3626666666666666,260.0,0.0012636807508463743,0.10416679938253245,0.15418599482402168,0.2764737572862361,0.15151025633571963,-0.6801023052322263,0.0,0.0,0.13716197659644425,0.5,0.3466666666666667
2025-06-10,262.2943115234375,7538100.0,0.0,0.019253181552695443,16.950000762939453,4.33,4.16,0.5,0.368,260.0,0.006973242193838436,0.1030023160508467,0.13441252296421352,0.27633889270863277,0.15145634128045982,-0.7613906084508888,0.0,0.0,0.13750597481701465,0.5,0.3519999999999999
2025-06-11,261.8548889160156,7434100.0,0.0,0.019285490604758877,17.260000228881836,4.33,4.16,0.5,0.3733333333333333,260.0,-0.001675303611693546,0.10077788480383917,0.1343594884317846,0.275412993090976,0.173932069141255,-0.7665831367642011,0.0,0.0,0.1378498583232357,0.5,0.35733333333333334
2025-06-12,261.9427795410156,6618000.0,0.0,0.019279019673108636,18.020000457763672,4.33,4.16,0.5,0.3786666666666666,260.0,0.00033564630152160824,0.09593840345359458,0.13412364957503844,0.27080468938749047,0.15261900045441,-0.7689478963513489,0.0,0.0,0.13819362717588612,0.5,0.3626666666666666
2025-06-13,258.7300109863281,7098300.0,0.0,0.019518416053663185,20.81999969482422,4.33,4.16,0.5,0.384,260.0,-0.012265154093260455,0.0988821287835916,0.13713110169939352,0.27181425042979485,0.15071294288025217,-0.7848955245052067,0.0,0.0,0.13853728143229627,0.5,0.36799999999999994
2025-06-14,260.49098714192706,7587533.333333333,0.0,0.019388227490417922,20.25,4.33,4.16,0.5,0.38933333333333336,261.6666666666667,0.0068062307456555615,0.0987862267135507,0.1362232339138478,0.27195631704728734,0.21572789205789467,-0.8031790459855483,0.0,0.0,0.13888112679508868,0.5,0.37333333333333324
2025-06-15,262.25196329752606,8076766.666666667,0.0,0.01925803892717266,19.68000030517578,4.33,4.16,0.5,0.39466666666666667,263.3333333333333,0.006760219134336332,0.10075106339127331,0.13155474227048655,0.27209337757949875,0.17442122993208264,-0.7869737961420674,0.0,0.0,0.13922480625209777,0.5,0.37866666666666665
2025-06-16,264.012939453125,8566000.0,0.0,0.019127850363927397,19.110000610351562,4.33,4.16,0.5,0.4,265.0,0.0067148254428932574,0.1019410545765287,0.13088951476677133,0.27218609920376124,0.17310687421561158,-0.7965599622681359,0.0,0.0,0.13956808050366964,0.5,0.38399999999999995
2025-06-17,263.19268798828125,6739300.0,0.0,0.019187463141927607,21.600000381469727,4.33,4.16,0.5,0.4053333333333333,265.0,-0.0031068608475888215,0.10186417844742726,0.1308719100361899,0.2709708808194395,0.17280318109976858,-0.7808065597530638,0.0,0.0,0.13991129666944668,0.5,0.38933333333333336
2025-06-18,267.5284729003906,9586400.0,0.0,0.01887649544458124,20.139999389648438,4.33,4.16,0.5,0.4106666666666666,270.0,0.016473804592559205,0.11102021190879628,0.13330264525483385,0.2721013167735903,0.15607711322965193,-0.7842379802941489,0.0,0.0,0.1402543935745244,0.5,0.39466666666666667
2025-06-19,268.0362548828125,11778050.0,0.0,0.018840802437244654,20.380000114440918,4.33,4.16,0.5,0.4159999999999999,270.0,0.0018980483718864516,0.11090176490915542,0.13271226460708585,0.271645035133332,0.2540430198897622,-0.7818768614882152,0.0,0.0,0.14059726549112805,0.5,0.4
2025-06-20,268.5440368652344,13969700.0,0.0,0.018805109429908068,20.6200008392334,4.33,4.16,0.5,0.4213333333333333,270.0,0.0018944526091959624,0.09567798156570383,0.13210311577770437,0.27136167611552453,0.15550333158088087,-0.7794056586529137,0.0,0.0,0.14094011908017778,0.5,0.40533333333333327
2025-06-21,269.6084493001302,12011333.333333334,0.0,0.018731448603001213,20.356667200724285,4.33,4.16,0.5,0.42666666666666664,270.0,0.003963642042924986,0.09540548727521031,0.12109723235762007,0.27111253858148465,0.15257023367823716,-0.7428390167805319,0.0,0.0,0.1412829629377781,0.5,0.4106666666666667
2025-06-22,270.67286173502606,10052966.666666668,0.0,0.01865778777609436,20.093333562215168,4.33,4.16,0.5,0.43199999999999994,270.0,0.003947993609469513,0.09542893824366797,0.11407669315489505,0.2708659547748138,0.15857938789757325,-0.7225724283358865,0.0,0.0,0.14162546310029267,0.5,0.416
2025-06-23,271.7372741699219,8094600.0,0.0,0.018584126949187506,19.829999923706055,4.33,4.16,0.5,0.4373333333333333,270.0,0.003932468249948862,0.09534061866994047,0.11079805414280973,0.27026492142705366,0.1586502803683098,-0.7054943511983975,0.0,0.0,0.1419677488750659,0.5,0.4213333333333333
2025-06-24,274.6571044921875,9267900.0,0.0,0.018386562435138625,17.479999542236328,4.33,4.16,0.5,0.4426666666666666,275.0,0.010745048985954853,0.0984004750490961,0.11128657761914128,0.2707145674606083,0.15859181374970005,-0.756745730408932,0.0,0.0,0.14231015026120253,0.5,0.42666666666666664
2025-06-25,277.391357421875,6826900.0,0.0,0.018205325670329474,16.760000228881836,4.33,4.16,0.5,0.4479999999999999,275.0,0.00995515093171484,0.10072795109826646,0.11217409235162669,0.2701888307370225,0.20156806775717287,-0.757807666251795,0.0,0.0,0.14265243369446146,0.5,0.43199999999999994
2025-06-26,281.97125244140625,8942100.0,0.0,0.01790962715622718,16.59000015258789,4.33,4.16,0.5,0.4533333333333333,280.0,0.016510590171581407,0.1084634996058295,0.11548884585349631,0.2684669544317627,0.19609605918668704,-0.7356289892863945,0.0,0.0,0.14299460327337687,0.5,0.43733333333333324
2025-06-27,280.3697509765625,17868600.0,0.0,0.01801192882759365,16.31999969482422,4.33,4.16,0.5,0.4586666666666666,280.0,-0.005679662203069924,0.10764993039374837,0.11662409756045082,0.2687638096966239,0.25502571447741607,-0.7243708657238047,0.0,0.0,0.14333665905474646,0.5,0.44266666666666665
2025-06-28,281.2811686197917,16142133.333333334,0.0,0.01795394169390587,16.456666310628254,4.33,4.16,0.5,0.46399999999999997,281.6666666666667,0.0032507702419914963,0.10764685259936155,0.11646428469934847,0.26876232237499315,0.1694424647969011,-0.7231343730745261,0.0,0.0,0.14367867139096502,0.5,0.44799999999999995
2025-06-29,282.1925862630208,14415666.666666668,0.0,0.017895954560218096,16.593332926432293,4.33,4.16,0.5,0.4693333333333333,283.3333333333333,0.0032402369760524685,0.10688875783541696,0.1163298033805405,0.26876085501756997,0.15642122978890483,-0.7217011176846406,0.0,0.0,0.14402024030317784,0.5,0.45333333333333325
2025-06-30,283.10400390625,12689200.0,0.0,0.017837967426530318,16.729999542236328,4.33,4.16,0.5,0.4746666666666667,285.0,0.0032297717502036694,0.10668941749000621,0.11555383419529193,0.2683748735888012,0.15608382733033355,-0.7262815867544127,0.0,0.0,0.1443616687091831,0.5,0.45866666666666667
2025-07-01,283.59228515625,9338300.0,0.0,0.01780725451405568,16.829999923706055,4.33,4.16,0.5,0.48,285.0,0.0017247415905912167,0.10655653377781198,0.10791716156907986,0.268126378886107,0.1560424676453539,-0.706552985187893,0.0,0.0,0.1447033132724569,0.5,0.46399999999999997
2025-07-02,285.14495849609375,8158700.0,0.0,0.017710290326136625,16.639999389648438,4.33,4.16,0.5,0.4780645161290322,285.0,0.005475019671244752,0.10653616906509185,0.10799982961519128,0.23699844658097374,0.15226780493669614,-0.7052979309359768,0.0,0.0,0.14504480090945648,0.5,0.468294930875576
2025-07-03,290.443603515625,6541600.0,1.4,0.02220740936253054,16.3799991607666,4.33,4.16,0.5,0.4761290322580644,290.0,0.01858228547149232,0.11501620911235617,0.11273213833616513,0.19541739859164736,0.1654203235410384,-0.6799530556901889,0.0,0.0,0.14669875705007462,0.5,0.47155145929339476
2025-07-04,289.4550247192383,7112625.0,1.0499999999999998,0.02228403971107322,16.732499599456787,4.33,4.16,0.5,0.4741935483870967,288.75,-0.0034036858943375936,0.1119302584395349,0.11330600271025844,0.19573756620184843,0.27547032254436576,-0.6806040953197758,0.0,0.0,0.14862579622802685,0.5,0.4737695852534562
2025-07-05,288.46644592285156,7683650.0,0.7,0.022360670059615895,17.085000038146973,4.33,4.16,0.5,0.47225806451612895,287.5,-0.0034153105386427463,0.10783551183662388,0.10915744183577455,0.19604421803560954,0.1602881493792645,-0.671035077895975,0.0,0.0,0.14968344697349711,0.5,0.4749493087557603
2025-07-06,287.47786712646484,8254675.0,0.34999999999999987,0.022437300408158573,17.437500476837158,4.33,4.16,0.5,0.4703225806451612,286.25,-0.003427014858605415,0.10532025427478192,0.10981717006952708,0.19633752653560976,0.1567915701409285,-0.687548859812668,0.0,0.0,0.15074048018504227,0.5,0.4750906298003072
2025-07-07,286.4892883300781,8825700.0,0.0,0.02251393075670125,17.790000915527344,4.33,4.16,0.5,0.4683870967741935,285.0,-0.0034387996761915396,0.1070262620961925,0.10687755839878747,0.1962372164907132,0.15675279541049494,-0.6826579800335828,0.0,0.0,0.1517968217812764,0.5,0.4741935483870967
2025-07-08,277.4717712402344,15440900.0,0.0,0.023245607908761304,16.809999465942383,4.33,4.16,0.5,0.4664516129032258,275.0,-0.03147593106327329,0.14795483571356388,0.1278639076145305,0.16159758792516987,0.15679255751950008,-0.5019672696252847,0.0,0.0,0.1528526068334346,0.5,0.47225806451612895
2025-07-09,277.8446350097656,11273800.0,0.0,0.019075408815483218,15.9399995803833,4.33,4.16,0.5,0.4645161290322581,280.0,0.0013437899209156612,0.14795085459662033,0.1269817450157429,0.151354617498226,0.4277069979588369,-0.4891490375488154,0.0,0.0,0.15314406455358576,0.5,0.4703225806451612
2025-07-10,282.78021240234375,8410900.0,0.0,0.01874247124639359,15.779999732971191,4.33,4.16,0.5,0.4625806451612903,285.0,0.017763803113940435,0.15405357119211727,0.13023694928660337,0.14041865587979419,0.16292711074080493,-0.4679870916171881,0.0,0.0,0.15343536746310238,0.5,0.4683870967741935
2025-07-11,281.47515869140625,7384700.0,0.0,0.018829370323974578,16.399999618530273,4.33,4.16,0.5,0.4606451612903225,280.0,-0.004615081443819835,0.15498377443428527,0.1300827700067035,0.14070502533720733,0.2670774616363976,-0.46399566633687844,0.0,0.0,0.15372651568529472,0.5,0.46645161290322573
2025-07-12,282.0769856770833,7949766.666666667,0.0,0.018789367508397988,16.666666666666668,4.33,4.16,0.5,0.45870967741935476,281.6666666666667,0.0021381175819386034,0.15486232571565015,0.12853950406972744,0.14051427303520447,0.16468553048722667,-0.4657437422582123,0.0,0.0,0.15401754129525447,0.5,0.464516129032258
2025-07-13,282.67881266276044,8514833.333333334,0.0,0.018749364692821395,16.93333371480306,4.33,4.16,0.5,0.45677419354838705,283.3333333333333,0.0021335557887947054,0.14838074419973293,0.12735367241177833,0.1403188728626753,0.15328662389101916,-0.47856248955042113,0.0,0.0,0.15430756477476582,0.5,0.46258064516129027
2025-07-14,283.2806396484375,9079900.0,0.0,0.018709361877244805,17.200000762939453,4.33,4.16,0.5,0.4548387096774193,285.0,0.002129013419888137,0.1479487950999645,0.1268455352499007,0.1394673490393642,0.1530123597860936,-0.4724611096544654,0.0,0.0,0.15459778837150995,0.5,0.4606451612903225
2025-07-15,281.1709899902344,12526100.0,0.0,0.018849739797779562,17.3799991607666,4.33,4.16,0.5,0.4529032258064516,280.0,-0.007447207337646811,0.150372778194546,0.12811417000940364,0.13727941366404425,0.15299634864145276,-0.47450823228367434,0.0,0.0,0.15488870543431288,0.5,0.4587096774193548
2025-07-16,280.4546813964844,9979800.0,0.0,0.01889788387061111,17.15999984741211,4.33,4.16,0.5,0.4509677419354838,280.0,-0.0025475906805850768,0.15042462630859016,0.12800361321663067,0.13691863659017015,0.17734508130220086,-0.4699548446476698,0.0,0.0,0.1551790822584771,0.5,0.45677419354838705
2025-07-17,284.4581298828125,8509500.0,0.0,0.01863191606505825,16.520000457763672,4.33,4.16,0.5,0.4490322580645161,285.0,0.014274849920113741,0.15361531403835768,0.1303377652017954,0.13799765899991207,0.1545902824687551,-0.4751075405745052,0.0,0.0,0.15546930513235524,0.5,0.45483870967741924
2025-07-18,285.8023376464844,12217000.0,0.0,0.01854428498956399,16.40999984741211,4.33,4.16,0.5,0.4470967741935484,285.0,0.004725503061647984,0.14817200960242718,0.13009339077688215,0.1376943996661896,0.23275988737877562,-0.47337783856780097,0.0,0.0,0.1557593741783465,0.5,0.45290322580645154
2025-07-19,285.70423380533856,10777366.666666666,0.0,0.01855065701914748,16.489999771118164,4.33,4.16,0.5,0.4451612903225806,285.0,-0.0003432576582601543,0.14835428924097663,0.13012634089727226,0.13742994803275077,0.16391396428301522,-0.47362333442161914,0.0,0.0,0.15604929034683712,0.5,0.4509677419354839
2025-07-20,285.6061299641927,9337733.333333334,0.0,0.018557029048730966,16.56999969482422,4.33,4.16,0.5,0.44322580645161286,285.0,-0.0003433755245387804,0.14852654721934833,0.1238914983985866,0.1371618036986309,0.15098038210682363,-0.40065320319346354,0.0,0.0,0.15633904501868634,0.5,0.449032258064516
2025-07-21,285.5080261230469,7898100.0,0.0,0.018563401078314456,16.649999618530273,4.33,4.16,0.5,0.4412903225806451,285.0,-0.0003434934717896354,0.14857068776674856,0.12378825251406217,0.1301704492985294,0.15067883969294224,-0.4078006491185797,0.0,0.0,0.15662890402325957,0.5,0.4470967741935484
2025-07-22,285.9593811035156,6717500.0,0.0,0.018534100820708627,16.5,4.33,4.16,0.5,0.4393548387096774,285.0,0.0015808836851201047,0.14844785555103157,0.12373616861413403,0.12578578916892985,0.15067213911561084,-0.42220871971580914,0.0,0.0,0.15691861759355885,0.5,0.44516129032258067
2025-07-23,291.1893310546875,7083500.0,0.0,0.018201216304194266,15.369999885559082,4.33,4.16,0.5,0.4374193548387097,290.0,0.01828913578910929,0.155714303101518,0.1280266448896234,0.12665015524778148,0.1519025712769491,-0.445376078814221,0.0,0.0,0.15720791932559353,0.5,0.4432258064516129
2025-07-24,290.98321533203125,7001200.0,0.0,0.01821410899577952,15.390000343322754,4.33,4.16,0.5,0.4354838709677419,290.0,-0.0007078409154267495,0.15387500170736745,0.1280766928938059,0.12624572083777627,0.27228823149022147,-0.4449541397883914,0.0,0.0,0.15749706796134832,0.5,0.44129032258064516
2025-07-25,293.014404296875,5918500.0,0.0,0.01808784797702358,14.930000305175781,4.33,4.16,0.5,0.4335483870967742,295.0,0.00698043343333743,0.1527790987136441,0.1283853156533281,0.12640677280386345,0.15463223458134076,-0.4469827071103932,0.0,0.0,0.1577860636223174,0.5,0.4393548387096774
2025-07-26,292.9031982421875,5892466.666666667,0.0,0.018094720577845416,14.963333447774252,4.33,4.16,0.5,0.4316129032258064,295.0,-0.0003795241908135516,0.14650243369694954,0.12840293438956293,0.1264023323535684,0.17403917146999126,-0.44666108191237835,0.0,0.0,0.15807490744045194,0.5,0.43741935483870964
2025-07-27,292.7919921875,5866433.333333333,0.0,0.018101593178667254,14.99666659037272,4.33,4.16,0.5,0.42967741935483866,295.0,-0.00037966828411195586,0.14511020665571797,0.1271795759350943,0.1263978864647866,0.1512468858074299,-0.44231435524780865,0.0,0.0,0.15836353830409222,0.5,0.43548387096774194
2025-07-28,292.6807861328125,5840400.0,0.0,0.01810846577948909,15.029999732971191,4.33,4.16,0.5,0.4277419354838709,295.0,-0.00037981248686702607,0.14509975852751741,0.12726003675554642,0.1263445699518888,0.15069845491932723,-0.44251283769586774,0.0,0.0,0.15865204583611026,0.5,0.4335483870967742
2025-07-29,291.4640808105469,7635700.0,0.0,0.018184058856449713,15.979999542236328,4.33,4.16,0.5,0.4258064516129032,290.0,-0.004157106923013076,0.145836414720242,0.1277095069311228,0.1267469324828499,0.15068623829843328,-0.45902405481304437,0.0,0.0,0.15894046109887605,0.5,0.4316129032258064
2025-07-30,294.0054931640625,8061700.0,0.0,0.018026874066065377,15.479999542236328,4.33,4.16,0.5,0.4238709677419355,295.0,0.008719470153742748,0.147383972140492,0.1284023297726407,0.12666317275593492,0.15937926758191906,-0.46342644563036167,0.0,0.0,0.15922869371809623,0.5,0.4296774193548387
2025-07-31,290.6790771484375,14749700.0,0.0,0.018233166459701928,16.719999313354492,4.33,4.16,0.5,0.4219354838709677,290.0,-0.011314128793398992,0.1518498191134656,0.13135291877971883,0.12394608424014199,0.18587432530919268,-0.4877690508053846,0.0,0.0,0.15951677408879372,0.5,0.42774193548387096
2025-08-01,283.93804931640625,12007100.0,0.0,0.018666043570983143,20.3799991607666,4.33,4.16,0.5,0.42,285.0,-0.023190619353001818,0.16659719966038436,0.14131355686999975,0.13094899212120967,0.20791223043781926,-0.5792874546192401,0.0,0.0,0.15980470233156652,0.5,0.4258064516129032
2025-08-02,285.53745524088544,10221233.333333334,0.0,0.018562646166234098,19.426666259765625,4.33,4.16,0.5,0.42032258064516126,286.6666666666667,0.005632939749814492,0.15812723394343495,0.14125565215818692,0.13109823734003717,0.330717510678921,-0.5784784091457199,0.0,0.0,0.16009269683433147,0.5,0.4241935483870968
2025-08-03,287.13686116536456,8435366.666666666,0.0,0.018459248761485057,18.47333335876465,4.33,4.16,0.5,0.42064516129032253,288.3333333333333,0.00560138747167116,0.15886997955565388,0.14014706486876266,0.13123727796228654,0.17193497165448057,-0.5875088142933051,0.0,0.0,0.16037989381427797,0.5,0.42290322580645157
2025-08-04,288.73626708984375,6649500.0,0.0,0.01835585135673601,17.520000457763672,4.33,4.16,0.5,0.4209677419354838,290.0,0.005570186697688051,0.1594508032114419,0.1386533993442317,0.1289471345654705,0.16650446999840426,-0.5811181503993748,0.0,0.0,0.16066673616410165,0.5,0.4219354838709677
2025-08-05,285.9005432128906,7182300.0,0.0,0.018537915110057875,17.850000381469727,4.33,4.16,0.5,0.4212903225806452,285.0,-0.009821155844169538,0.1617408605005324,0.1383461879739166,0.13042613378240017,0.16621835973311502,-0.5614220025757741,0.0,0.0,0.1609540723868077,0.5,0.42129032258064514
2025-08-06,285.8808898925781,6330200.0,0.0,0.01853918952746899,16.770000457763672,4.33,4.16,0.5,0.4216129032258064,285.0,-6.87418082233604e-05,0.16144501649798182,0.13838761993308163,0.12814630161870558,0.1950667748290487,-0.5506372227332624,0.0,0.0,0.1612412418478253,0.5,0.4209677419354838
2025-08-07,281.55364990234375,8057100.0,0.0,0.018824121093220753,16.56999969482422,4.33,4.16,0.5,0.4219354838709677,280.0,-0.015136513643358107,0.1383377766085831,0.14262981432483846,0.13111769271601673,0.15174704243127554,-0.527387886991398,0.0,0.0,0.16152825990189634,0.5,0.4209677419354838
2025-08-08,283.3395080566406,6634100.0,0.0,0.018705474701891944,15.149999618530273,4.33,4.16,0.5,0.422258064516129,285.0,0.006342869839962351,0.13935477384335357,0.14299798465822045,0.13073424411183898,0.24316182931794997,-0.5300040910934503,0.0,0.0,0.16181512666872955,0.5,0.42129032258064514
2025-08-09,283.6011657714844,6259433.333333333,0.0,0.018688248337782546,15.516666412353516,4.33,4.16,0.5,0.4225806451612903,285.0,0.0009234776916160481,0.12977556253068973,0.14253210877862818,0.13009557795979834,0.17250800360598117,-0.5293931652875281,0.0,0.0,0.16210184820598617,0.5,0.4216129032258064
2025-08-10,283.8628234863281,5884766.666666667,0.0,0.018671021973673152,15.883333206176758,4.33,4.16,0.5,0.4229032258064516,285.0,0.0009226256673944278,0.12901517537684865,0.14239960365249615,0.12945151891353046,0.15157391057057107,-0.5279707327499267,0.0,0.0,0.16238841370014767,0.5,0.42193548387096774
2025-08-11,284.1244812011719,5510100.0,0.0,0.018653795609563754,16.25,4.33,4.16,0.5,0.4232258064516129,285.0,0.0009217752139225599,0.1289114708644259,0.1423869280615535,0.12832314992370394,0.15107235395008295,-0.5291293639963783,0.0,0.0,0.1626748252436192,0.5,0.422258064516129
2025-08-12,287.35272216796875,8570900.0,0.0,0.01844423104821657,14.729999542236328,4.33,4.16,0.5,0.4235483870967741,285.0,0.011362065504348928,0.1327597047550224,0.1409091110541383,0.1286052680523219,0.1510603191483473,-0.5136887834289042,0.0,0.0,0.16296109096910594,0.5,0.4225806451612903
2025-08-13,285.0762939453125,8420400.0,0.0,0.018591514315871957,14.489999771118164,4.33,4.16,0.5,0.4238709677419355,285.0,-0.007922069453462854,0.13491432615232557,0.1418933951239667,0.12911610654403582,0.2065892749601303,-0.5030453969717021,0.0,0.0,0.16324720308907525,0.5,0.4229032258064516
2025-08-14,288.6381530761719,6322400.0,0.0,0.01836209088616682,14.829999923706055,4.33,4.16,0.5,0.4241935483870968,290.0,0.012494406608017261,0.13736331951380476,0.1432590899561953,0.1305213245203577,0.1817641044627622,-0.4831018204473098,0.0,0.0,0.16353316463742362,0.5,0.42322580645161295
2025-08-15,285.0370178222656,7340500.0,0.0,0.018594076097529222,15.09000015258789,4.33,4.16,0.5,0.4245161290322581,285.0,-0.012476296759548311,0.14249469603909898,0.1457444259515626,0.13230832531876224,0.21694207771732169,-0.4799603770657924,0.0,0.0,0.1638189757329822,0.5,0.42354838709677417
2025-08-16,285.37717692057294,6689300.0,0.0,0.018571965353125892,15.056666692097982,4.33,4.16,0.5,0.4248387096774194,285.0,0.0011933856904138285,0.13654455189068218,0.1454574944540337,0.13210269989853593,0.2188974282069036,-0.4949571980009976,0.0,0.0,0.1641046463846274,0.5,0.42387096774193544
2025-08-17,285.7173360188802,6038100.0,0.0,0.018549854608722563,15.023333231608072,4.33,4.16,0.5,0.4251612903225806,285.0,0.001191963218565073,0.13589188316730558,0.14206270190245826,0.1318907335089709,0.15319787765353915,-0.46977748873086217,0.0,0.0,0.16439010071736448,0.5,0.4241935483870968
2025-08-18,286.0574951171875,5386900.0,0.0,0.018527743864319234,14.989999771118164,4.33,4.16,0.5,0.4254838709677419,285.0,0.0011905441337476397,0.13593183977824796,0.14205308796931893,0.1318512340509077,0.15140335681425554,-0.4711147618547964,0.0,0.0,0.16467540302576333,0.5,0.42451612903225805
2025-08-19,285.203857421875,6031500.0,0.0,0.018583198866627574,15.569999694824219,4.33,4.16,0.5,0.4258064516129032,285.0,-0.002984147277675042,0.13621277876384688,0.14228652200250735,0.12819695457514602,0.15136128190228393,-0.4752964431911918,0.0,0.0,0.1649606214533612,0.5,0.4248387096774193
2025-08-20,286.7541809082031,7374200.0,0.0,0.01848272964395472,15.6899995803833,4.33,4.16,0.5,0.4261290322580645,285.0,0.005435843330950707,0.1371253198382909,0.1424479957846284,0.1283050260624116,0.15520048919709897,-0.4712931452772158,0.0,0.0,0.1652456820748971,0.5,0.42516129032258065
2025-08-21,285.9986267089844,6624000.0,0.0,0.01853155751476028,16.600000381469727,4.33,4.16,0.5,0.4264516129032258,285.0,-0.00263484981047446,0.13728672853542878,0.1425114592205886,0.1284620680969422,0.16528042530334636,-0.4722596502554962,0.0,0.0,0.1655305929540054,0.5,0.4254838709677419
2025-08-22,290.6790771484375,8552800.0,0.0,0.018233166459701928,14.220000267028809,4.33,4.16,0.5,0.4267741935483871,290.0,0.01636528990824737,0.1352116201417947,0.14581462586484495,0.1307786938982056,0.1545215995727448,-0.5069788966720246,0.0,0.0,0.16581535420864535,0.5,0.4258064516129032
2025-08-23,290.2408040364583,7653966.666666667,0.0,0.018260782540091187,14.410000165303549,4.33,4.16,0.5,0.42709677419354836,290.0,-0.0015077559633072113,0.1352649628052656,0.14453429740881243,0.1307741865697425,0.25294739919362436,-0.49540622105271687,0.0,0.0,0.16609998184308594,0.5,0.42612903225806453
2025-08-24,289.8025309244792,6755133.333333333,0.0,0.018288398620480442,14.600000063578287,4.33,4.16,0.5,0.42741935483870963,290.0,-0.001510032724151622,0.13365132529528798,0.14339185519235498,0.13076277772434708,0.15479755688515226,-0.4888121029268383,0.0,0.0,0.16638443859683982,0.5,0.42645161290322575
2025-08-25,289.3642578125,5856300.0,0.0,0.0183160147008697,14.789999961853027,4.33,4.16,0.5,0.4277419354838709,290.0,-0.0015123163713618437,0.1336926196215255,0.1396936655589428,0.13074451778126392,0.1518861354202231,-0.4974223751148133,0.0,0.0,0.16666873835092733,0.5,0.4267741935483871
2025-08-26,292.96533203125,6714700.0,0.0,0.018090877726906814,14.619999885559082,4.33,4.16,0.5,0.4280645161290322,295.0,0.012444778930103428,0.1387241603089828,0.14120662841431883,0.13134293345505416,0.15182403128783226,-0.4999695778139315,0.0,0.0,0.16695291043426597,0.5,0.42709677419354836
2025-08-27,293.6620178222656,6056500.0,0.0,0.018047958804150634,14.850000381469727,4.33,4.16,0.5,0.4283870967741935,295.0,0.002378048577233338,0.13888491541241402,0.14115172741879417,0.1313136165821848,0.21598721571688884,-0.4998720880532419,0.0,0.0,0.16723692532861456,0.5,0.4274193548387096
2025-08-28,295.41845703125,6410500.0,0.0,0.017940652907273678,14.430000305175781,4.33,4.16,0.5,0.4287096774193548,295.0,0.005981158959574406,0.13927627695744138,0.14146992234849426,0.13144200404218345,0.15524874820103707,-0.5037871003134069,0.0,0.0,0.1675207913036536,0.5,0.4277419354838709
2025-08-29,295.7618713378906,6796400.0,0.0,0.017919821699887272,15.359999656677246,4.33,4.16,0.5,0.4290322580645161,295.0,0.0011624673356285253,0.13710209669444534,0.14137977797099685,0.13143833654270834,0.16818088550426025,-0.4982017808784103,0.0,0.0,0.16780450847647743,0.5,0.42806451612903224
2025-08-30,295.3399429321289,6902775.0,0.0,0.017945532499707702,15.812499761581421,4.33,4.16,0.5,0.43002419354838706,295.0,-0.0014265814719561787,0.13276520911552844,0.14143259075527828,0.1315260378782281,0.1517223785048263,-0.4993216126382022,0.0,0.0,0.16808809828310922,0.5,0.42848271889400913
2025-08-31,294.9180145263672,7009150.0,0.0,0.01797124329952813,16.264999866485596,4.33,4.16,0.5,0.43101612903225806,295.0,-0.0014286195140854607,0.111877676436462,0.14114180130804724,0.1316125776585823,0.15169005697012833,-0.49936258993675686,0.0,0.0,0.16837106756393694,0.5,0.42899654377880175
2025-09-01,294.49608612060547,7115525.0,0.0,0.01799695409934856,16.71749997138977,4.33,4.16,0.5,0.43200806451612905,295.0,-0.0014306633877192443,0.11135882613839627,0.13619486134898923,0.13146871161712237,0.15169234557783082,-0.5071817384623621,0.0,0.0,0.16865379238461342,0.5,0.42960599078341005
2025-09-02,294.07415771484375,7221900.0,0.0,0.01802266489916899,17.170000076293945,4.33,4.16,0.5,0.433,295.0,-0.0014327131179221464,0.11071981998934342,0.1360293851242347,0.1306527523399446,0.15169542026000407,-0.5060208744402777,0.0,0.0,0.16893653091149297,0.5,0.4303110599078341
2025-09-03,293.88775634765625,6316900.0,0.0,0.018034095961896195,16.350000381469727,4.33,4.16,0.5,0.436,295.0,-0.0006338583731259062,0.10985785612395935,0.13582666987341147,0.12958657509461555,0.15169852545339046,-0.49824213934391065,0.0,0.0,0.16921957665590748,0.5,0.43139861751152075
2025-09-04,298.1168212890625,6605800.0,0.0,0.01777826550371329,15.300000190734863,4.33,4.16,0.5,0.439,300.0,0.014390068487247332,0.11215885989689436,0.13856807597789333,0.12957555454603129,0.15084251450950167,-0.5127539423334626,0.0,0.0,0.1695024036539683,0.5,0.43286866359447007
2025-09-05,288.8540344238281,9837700.0,0.0,0.01834836757801155,15.180000305175781,4.33,4.16,0.5,0.442,290.0,-0.03107099701781979,0.14735335844281894,0.15328056632894566,0.14092178711062842,0.23379044157588819,-0.45572850077053995,0.0,0.0,0.16978508266603365,0.5,0.434721198156682
2025-09-06,288.37322998046875,9287966.666666666,0.0,0.01837906214988142,15.15666675567627,4.33,4.16,0.5,0.445,288.3333333333333,-0.001664523898094128,0.13993122440591654,0.1379750689535868,0.14100192427512875,0.4236089946723545,-0.5852612387295255,0.0,0.0,0.17006763310817163,0.5,0.436860599078341
2025-09-07,287.8924255371094,8738233.333333334,0.0,0.018409756721751297,15.133333206176758,4.33,4.16,0.5,0.448,286.6666666666667,-0.0016672991573869478,0.13910372225593343,0.13804777417982275,0.1410802609228432,0.16315496710243302,-0.5889145738373784,0.0,0.0,0.1703494659205007,0.5,0.439286866359447
2025-09-08,287.41162109375,8188500.0,0.0,0.01844045129362117,15.109999656677246,4.33,4.16,0.5,0.451,285.0,-0.0016700836865102264,0.13924341797973017,0.13347638606516032,0.14080753739264099,0.15233912342351164,-0.6028604949112376,0.0,0.0,0.17063114493680231,0.5,0.442
2025-09-09,292.2588806152344,7848200.0,0.0,0.018134607197711036,15.039999961853027,4.33,4.16,0.5,0.4539999999999999,290.0,0.01686521756857995,0.1470286520162962,0.13724948586687766,0.14315816403923692,0.15209353513684315,-0.5836024063781621,0.0,0.0,0.17091324629585847,0.5,0.44499999999999995
2025-09-10,294.8984069824219,7787300.0,0.0,0.017972291048408136,15.350000381469727,4.33,4.16,0.5,0.457,295.0,0.009031466765461627,0.14885350167741446,0.13828654343217214,0.14373811488565638,0.25788419149119646,-0.5733482457754105,0.0,0.0,0.17119518725643657,0.5,0.448
2025-09-11,299.82415771484375,7942500.0,0.0,0.01767702789660036,14.710000038146973,4.33,4.16,0.5,0.46,300.0,0.01670321241415018,0.15267965748323684,0.14201983806407503,0.1440991371600958,0.19058707299355454,-0.5796182410571925,0.0,0.0,0.1714769809259069,0.5,0.451
2025-09-12,301.1488342285156,6846700.0,0.0,0.017599271182893877,14.760000228881836,4.33,4.16,0.5,0.4629999999999999,300.0,0.004418178053990474,0.15027216323986062,0.1421753285395045,0.14391371857736443,0.25684262993517076,-0.5797279775914193,0.0,0.0,0.17175862741966075,0.5,0.4539999999999999
2025-09-13,301.79970296223956,6938466.666666667,0.0,0.017561479164046868,15.070000012715658,4.33,4.16,0.5,0.4659999999999999,301.6666666666667,0.002161285914957345,0.14689417221221693,0.14108354844157503,0.14365566332574753,0.163383089446352,-0.5783173045636599,0.0,0.0,0.17204015896184077,0.5,0.45699999999999996
2025-09-14,302.45057169596356,7030233.333333333,0.0,0.017523687145199855,15.379999796549479,4.33,4.16,0.5,0.469,303.3333333333333,0.0021566248320841197,0.14073350062852547,0.14088149060785354,0.14339711923863915,0.1533062164493393,-0.5794118383185806,0.0,0.0,0.1723211345813136,0.5,0.45999999999999996
2025-09-15,303.1014404296875,7122000.0,0.0,0.017485895126352846,15.6899995803833,4.33,4.16,0.5,0.472,305.0,0.002151983810360303,0.1407145075084388,0.13830480136607054,0.14318706195079597,0.1530632822079194,-0.5720386696398914,0.0,0.0,0.1726019343138092,0.5,0.46299999999999997
2025-09-16,303.3860168457031,10525600.0,0.0,0.017469493337576886,16.360000610351562,4.33,4.16,0.5,0.475,305.0,0.0009388817671476257,0.14072917378645974,0.1380947617013808,0.14099088635481227,0.15304765232207226,-0.5688014852593559,0.0,0.0,0.17288299629132853,0.5,0.466
2025-09-17,305.89794921875,8657800.0,0.0,0.01732603965974917,15.720000267028809,4.33,4.16,0.5,0.478,305.0,0.008279657708563315,0.14185740408249783,0.13885890144380325,0.1414540199157804,0.15112120129685128,-0.5733547437820761,0.0,0.0,0.1731639087238681,0.5,0.4689999999999999
2025-09-18,307.3501892089844,8050700.0,0.0,0.01724417353911644,15.699999809265137,4.08,4.16,0.5,0.481,305.0,0.004747465597410239,0.14115047501181793,0.13901753027294314,0.14155817488758402,0.18258077042001772,-0.5724783295447666,0.0,-0.25,0.17344467467052027,0.5,0.4719999999999999
2025-09-19,308.8710632324219,23568600.0,0.0,0.017159263624549417,15.449999809265137,4.08,4.16,0.5,0.484,310.0,0.004948342564394359,0.1410700194028685,0.13918441205813825,0.14161582898553257,0.1625871800493892,-0.5731222298006972,0.0,-0.25,0.17372529424583627,0.5,0.47500000000000003
2025-09-20,308.10570271809894,18219133.333333332,0.0,0.017202101506364545,15.666666666666666,4.083333333333333,4.16,0.5,0.487,308.3333333333333,-0.00247792883643172,0.1410211798150249,0.13939953945592753,0.14171148372129905,0.16304382938420944,-0.5739551376687443,0.0,-0.24666666666666703,0.174005810284368,0.5,0.4779999999999999
2025-09-21,307.34034220377606,12869666.666666666,0.0,0.017244939388179673,15.883333524068197,4.086666666666667,4.16,0.5,0.49,306.6666666666667,-0.0024840842203532887,0.13548767172064913,0.13507154121056575,0.14179919262630428,0.15405964317960583,-0.5559566099823615,0.0,-0.24333333333333318,0.17428617635785693,0.5,0.481
2025-09-22,306.5749816894531,7520200.0,0.0,0.0172877772699948,16.100000381469727,4.09,4.16,0.5,0.493,305.0,-0.0024902702614142402,0.13573007946046708,0.13521178722855037,0.14105966636494044,0.1538685696246059,-0.556761808237238,0.0,-0.2400000000000002,0.1745663701969431,0.5,0.484
2025-09-23,306.86932373046875,8584400.0,0.0,0.017271195229195103,16.639999389648438,4.09,4.16,0.5,0.496,305.0,0.0009600980464667952,0.13539082325955634,0.1346160745651844,0.1402924134224201,0.15388001883545274,-0.5514037935495248,0.0,-0.2400000000000002,0.17484642192117983,0.5,0.487
2025-09-24,307.53662109375,7310500.0,0.0,0.01723371994252463,16.18000030517578,4.09,4.16,0.5,0.499,310.0,0.0021745326485203,0.13500244509534517,0.13462457708521103,0.13791276569064267,0.15116092680723092,-0.5513074258914605,0.0,-0.2400000000000002,0.17512631133194945,0.5,0.49000000000000005
2025-09-25,307.5660400390625,7083200.0,0.0,0.01723207152300323,16.739999771118164,4.09,4.16,0.5,0.502,310.0,9.56599744377229e-05,0.13147588598492715,0.13461011896255567,0.13746059258126733,0.15305517631872587,-0.5502370043162474,0.0,-0.2400000000000002,0.17540605505619444,0.5,0.49299999999999994
2025-09-26,310.1270446777344,7258100.0,0.0,0.017089770437491013,15.289999961853027,4.09,4.16,0.5,0.505,310.0,0.008326682095157967,0.13288167093457157,0.13545044945707832,0.13794956817052723,0.15066905072628095,-0.5580771158434144,0.0,-0.2400000000000002,0.17568565320763274,0.5,0.49599999999999994
2025-09-27,310.0060221354167,6992866.666666667,0.0,0.017096447287025498,15.566666920979818,4.09,4.16,0.5,0.508,310.0,-0.00039023537093785254,0.13243468561501107,0.13506005049369907,0.13792294615681563,0.18290296336124293,-0.5545042130372076,0.0,-0.2400000000000002,0.17596510695082124,0.5,0.49900000000000005
2025-09-28,309.88499959309894,6727633.333333333,0.0,0.01710312413655998,15.843333880106607,4.09,4.16,0.5,0.511,310.0,-0.00039038771403243633,0.13255635094197393,0.13414076513464274,0.13789380152698993,0.1514846083186723,-0.5509755524157666,0.0,-0.2400000000000002,0.176244411308629,0.5,0.502
2025-09-29,309.76397705078125,6462400.0,0.0,0.017109800986094464,16.1200008392334,4.09,4.16,0.5,0.514,310.0,-0.0003905401761188365,0.1323875690037126,0.13172132305699508,0.1379079612163778,0.150708080538783,-0.5337650591218309,0.0,-0.2400000000000002,0.17652362032338687,0.5,0.505
2025-09-30,309.50885009765625,11823300.0,0.0,0.017123904529152377,16.280000686645508,4.09,4.16,0.5,0.517,310.0,-0.0008236172441806744,0.13227913619629067,0.1214926156500262,0.13773080943107044,0.1506907507797169,-0.40929114315955717,0.0,-0.2400000000000002,0.1768026882558189,0.5,0.508
2025-10-01,304.8774719238281,9235200.0,0.0,0.01738403289215208,16.290000915527344,4.09,4.16,0.5,0.52,305.0,-0.014963637299440169,0.1406519299325916,0.12577811851160223,0.1370803583605262,0.15096364943979657,-0.39266361202181116,0.0,-0.2400000000000002,0.17708156024304578,0.5,0.511
2025-10-02,301.7767639160156,7600000.0,0.0,0.01756265105114252,16.6299991607666,4.09,4.16,0.5,0.5148387096774194,300.0,-0.010170341508824898,0.14431619969185797,0.12752612131824562,0.13810619826854778,0.24143031275752413,-0.39318367294594014,0.0,-0.2400000000000002,0.17736028733728593,0.5,0.5128341013824885
2025-10-03,304.210205078125,6029900.0,0.0,0.017422163726029154,16.649999618530273,4.09,4.16,0.5,0.5096774193548387,305.0,0.008063712827096836,0.1457142276370933,0.1280181901112626,0.1385231118173908,0.19961441796416082,-0.38316959904727166,0.0,-0.2400000000000002,0.17763886965143305,0.5,0.5135023041474654
2025-10-04,304.42383829752606,6424766.666666667,0.5,0.019050099591649577,16.55666669209798,4.09,4.16,0.5,0.5045161290322581,305.0,0.0007022552690045814,0.14029005758148805,0.126048284713656,0.13835575916834092,0.1821252006818856,-0.37693733459209966,0.0,-0.2400000000000002,0.17727717414883837,0.5,0.513004608294931
2025-10-05,304.63747151692706,6819633.333333333,1.0,0.02067803545727,16.46333376566569,4.09,4.16,0.5,0.4993548387096774,305.0,0.0007017624526244326,0.10166296876499224,0.1260290650407828,0.13818331248686688,0.15163961513382956,-0.3912721140186361,0.0,-0.2400000000000002,0.1769713364471388,0.5,0.5113410138248848
2025-10-06,304.8511047363281,7214500.0,1.5,0.022305971322890424,16.3700008392334,4.09,4.16,0.5,0.4941935483870968,305.0,0.000701270327439607,0.10119754043069017,0.12136458166056796,0.12664895875106597,0.15088795968026186,-0.41845263383091197,0.0,-0.2400000000000002,0.17748428592354148,0.5,0.5085115207373272
2025-10-07,303.38201904296875,8454200.0,0.0,0.022413984920566104,17.239999771118164,4.09,4.16,0.5,0.4890322580645161,305.0,-0.0048190269627856885,0.10255931976068167,0.12155519187779407,0.1270286646616294,0.15087076849988676,-0.4236219546790918,0.0,-0.2400000000000002,0.17849008424006985,0.5,0.5045161290322581
2025-10-08,299.7732238769531,6489900.0,0.0,0.018513995106774744,16.299999237060547,4.1,4.16,0.5,0.4838709677419355,300.0,-0.011895217710659711,0.10963725285546913,0.12448794604813922,0.12569802252352102,0.1622957688182946,-0.3590121113461058,0.0,0.019999999999999574,0.17868557157869014,0.5,0.49935483870967745
2025-10-09,301.252197265625,7060300.0,0.0,0.018423102139588258,16.43000030517578,4.1,4.16,0.5,0.4787096774193549,300.0,0.004933640735301115,0.10023867093587563,0.12475718077793771,0.12557891469066512,0.2125884234805806,-0.35744787812951606,0.0,0.019999999999999574,0.17888091969391562,0.5,0.4941935483870967
2025-10-10,296.6772155761719,8597400.0,0.0,0.018707199975641665,21.65999984741211,4.1,4.16,0.5,0.4735483870967742,295.0,-0.015186550441719127,0.10786987452089651,0.12914940980275116,0.12839458476190976,0.1642551187070129,-0.42210131015854246,0.0,0.016666666666666607,0.17907612873442247,0.5,0.48903225806451617
2025-10-11,299.00417073567706,9327833.333333334,0.0,0.01856384526776753,20.78333346048991,4.1,4.16,0.5,0.46838709677419355,298.3333333333333,0.007843390180759302,0.09894504004114038,0.1281236675565197,0.1289421703764781,0.24384241461896755,-0.4087522762127984,0.0,0.013333333333332753,0.17927163048867478,0.5,0.4838709677419355
2025-10-12,301.3311258951823,10058266.666666666,0.0,0.018420490559893397,19.906667073567707,4.1,4.16,0.5,0.4632258064516129,301.6666666666667,0.007782350171838592,0.10072502709514598,0.12765471657171024,0.1294703417365318,0.18183853764947008,-0.4296620461577999,0.0,0.009999999999999787,0.17946697395567424,0.5,0.47870967741935483
2025-10-13,303.6580810546875,10788700.0,0.0,0.01827713585201926,19.030000686645508,4.1,4.16,0.5,0.4580645161290322,305.0,0.007722252895688619,0.10299726608927834,0.12619686682369935,0.12925060933316532,0.17979992357145452,-0.45341212119486074,0.0,0.009999999999999787,0.17966174786889266,0.5,0.4735483870967742
2025-10-14,297.85052490234375,16178800.0,0.0,0.018633507534759855,20.809999465942383,4.1,4.16,0.5,0.4529032258064516,300.0,-0.019125314011642747,0.1172661168308548,0.12996413005179125,0.13347449764719882,0.17935239155897212,-0.4990285824544977,0.0,0.009999999999999787,0.17985640250210277,0.5,0.4683870967741935
2025-10-15,301.4100036621094,11354800.0,0.0,0.018413456529537534,20.639999389648438,4.1,4.16,0.5,0.447741935483871,300.0,0.011950553926109997,0.1224602056230737,0.13195584316432063,0.13287106302271837,0.28513476650278174,-0.49760728590380926,0.0,0.009999999999999787,0.1800509180952925,0.5,0.4632258064516129
2025-10-16,294.3600769042969,10549400.0,0.0,0.01885445899582514,25.309999465942383,4.11,4.16,0.5,0.4425806451612903,295.0,-0.023389823403856536,0.14000465922964808,0.14123843594781604,0.13876560233841434,0.21470278984968832,-0.583875976264676,0.0,0.020000000000000462,0.18024529550160517,0.5,0.45806451612903226
2025-10-17,293.3938293457031,10153500.0,0.0,0.018916553263499242,20.780000686645508,4.11,4.16,0.5,0.4374193548387097,295.0,-0.0032825360312291885,0.13734669228319046,0.1414425460908902,0.13889334680711318,0.33308227657328027,-0.4829058567026732,0.0,0.020000000000000462,0.18043953486824282,0.5,0.45290322580645165
2025-10-18,294.97141520182294,9067300.0,0.0,0.018816453211424264,19.93000030517578,4.11,4.16,0.5,0.432258064516129,296.6666666666667,0.005377024662168273,0.13760128644870392,0.1416177972009929,0.1391470241573064,0.1623204864954252,-0.48495800978991965,0.0,0.020000000000000462,0.180633840172423,0.5,0.447741935483871
2025-10-19,296.5490010579427,7981100.0,0.0,0.018716353159349285,19.079999923706055,4.11,4.16,0.5,0.42709677419354836,298.3333333333333,0.005348266899151355,0.13776447910171652,0.14160514157183737,0.1393900271790045,0.16513420520095054,-0.4898294860255086,0.0,0.020000000000000462,0.18082784685182562,0.5,0.4425806451612903
2025-10-20,298.1265869140625,6894900.0,0.0,0.018616253107274307,18.229999542236328,4.11,4.16,0.5,0.4219354838709677,300.0,0.005319815108099313,0.13905490415370592,0.14177461644334352,0.1396169382995767,0.16505139521454695,-0.4911529593616838,0.0,0.020000000000000462,0.18102164150631217,0.5,0.4374193548387097
2025-10-21,292.93035888671875,7372700.0,0.0,0.01894648277868079,17.8700008392334,4.11,4.16,0.5,0.4167741935483871,295.0,-0.017429602911737674,0.14702095653107863,0.1428763244443947,0.13961281194360234,0.16490660710064142,-0.4325734379938123,0.0,0.020000000000000462,0.18121545939284212,0.5,0.432258064516129
2025-10-22,289.99212646484375,8054100.0,0.0,0.019138450645737916,18.600000381469727,4.11,4.16,0.5,0.4116129032258064,290.0,-0.010030481077624498,0.14905200599692953,0.14436821420407406,0.14063722167371148,0.26685082154407147,-0.43703410030724,0.0,0.020000000000000462,0.18140901065358994,0.5,0.4270967741935484
2025-10-23,290.4161071777344,5438800.0,0.0,0.019110510274154335,17.299999237060547,4.11,4.16,0.5,0.4064516129032258,290.0,0.0014620421528652727,0.14914128650130057,0.14436508540487483,0.14016323312574097,0.199211508827251,-0.43526306987197566,0.0,0.020000000000000462,0.18160242475357058,0.5,0.4219354838709677
2025-10-24,296.2334899902344,7228300.0,0.0,0.018735221328901607,16.3700008392334,4.11,4.16,0.5,0.4012903225806451,295.0,0.020031198920174687,0.1615355119031272,0.1499090616856403,0.1440748820738661,0.15296158354546127,-0.4440516319796974,0.0,0.020000000000000462,0.181795701838533,0.5,0.416774193548387
2025-10-25,297.4528401692708,6699600.0,0.0,0.018659044470289616,16.17666721343994,4.113333333333333,4.16,0.5,0.3961290322580645,296.6666666666667,0.004116179366069117,0.16224252821120652,0.14803439068579016,0.14422591324100809,0.2903623720133031,-0.44741058802105155,0.0,0.023333333333333428,0.181988961649578,0.5,0.4116129032258064
2025-10-26,298.6721903483073,6170900.0,0.0,0.018582867611677625,15.983333587646484,4.116666666666667,4.16,0.5,0.39096774193548384,298.3333333333333,0.004099305887758975,0.1605741960664063,0.14818111390177663,0.14437111976737138,0.16340942215574097,-0.44880359683319215,0.0,0.026666666666667282,0.18218179325201778,0.5,0.40645161290322573
2025-10-27,299.89154052734375,5642200.0,0.0,0.018506690753065633,15.789999961853027,4.12,4.16,0.5,0.3858064516129032,300.0,0.004082570183767231,0.16130269367982067,0.14792210356919056,0.14431993140839336,0.15935566151831201,-0.4474719361906629,0.0,0.03000000000000025,0.18237447871500967,0.5,0.4012903225806451
2025-10-28,301.0845947265625,6336000.0,0.0,0.018433357591876698,16.420000076293945,4.12,4.16,0.5,0.3806451612903225,300.0,0.003978285606592413,0.1619645295383064,0.1481078794215991,0.14376097479881692,0.15919699577758636,-0.44591331900996894,0.0,0.020000000000000462,0.18256731910172141,0.5,0.39612903225806445
2025-10-29,301.2325134277344,7520300.0,0.0,0.018424305984922985,16.920000076293945,4.12,4.16,0.5,0.3754838709677419,300.0,0.000491286182563444,0.16201163825678458,0.1480646304449165,0.1424047074450092,0.15878186363953686,-0.44470124695521285,0.0,0.020000000000000462,0.18275991331876296,0.5,0.39096774193548384
2025-10-30,305.1075134277344,7514600.0,0.0,0.01819030917216181,16.90999984741211,3.87,4.16,0.5,0.3703225806451612,305.0,0.012863817241725473,0.16681739517570926,0.15019273248803708,0.13805857281947462,0.15092185523061372,-0.4381129556067715,0.0,-0.22999999999999954,0.18295237139093978,0.5,0.3858064516129032
2025-10-31,306.76397705078125,7721300.0,0.0,0.01809208517035643,17.440000534057617,3.86,4.16,0.5,0.3651612903225806,305.0,0.005429114492912168,0.16172804713757685,0.15045887301655472,0.1380389576566752,0.21971441149455972,-0.43225989966887574,0.0,-0.23999999999999977,0.18314469346256246,0.5,0.3806451612903225
2025-11-01,306.18224080403644,7737533.333333333,0.0,0.018126590659251707,17.350000381469727,3.8633333333333333,4.16,0.5,0.3641075268817204,305.0,-0.0018963642743766718,0.15883766127913435,0.1504897505892097,0.13787173760231602,0.16687286203709262,-0.4309020094581857,0.0,-0.23666666666666636,0.18333690545891357,0.5,0.3760706605222734
2025-11-02,305.6005045572917,7753766.666666667,0.0,0.018161096148146982,17.260000228881836,3.8666666666666667,4.16,0.5,0.3630537634408602,305.0,-0.0018999673044952647,0.1573376639307226,0.15055917012493006,0.13769485727973083,0.15284900600929238,-0.43351929995826954,0.0,-0.23333333333333295,0.18352868970588188,0.5,0.37208294930875574
2025-11-03,305.0187683105469,7770000.0,0.0,0.018195601637042258,17.170000076293945,3.87,4.16,0.5,0.362,305.0,-0.0019035840519554537,0.15743990772956992,0.1479294167748718,0.13661587066905456,0.15252806330798196,-0.4216948914778833,0.0,-0.22999999999999954,0.18372035145980092,0.5,0.3686820276497696
2025-11-04,304.920166015625,7085200.0,0.0,0.018201485564308666,19.0,3.87,4.16,0.5,0.363,305.0,-0.00032326632052193105,0.15743192630226113,0.13212484423548765,0.1366206921744238,0.15252796997995444,-0.4755725865806631,0.0,-0.22999999999999954,0.1839121697920938,0.5,0.3661612903225806
2025-11-05,307.31610107421875,6865200.0,0.0,0.01805958093506998,18.010000228881836,3.87,4.16,0.5,0.364,305.0,0.007857581510273048,0.15904191772430495,0.13276747740884132,0.1344232047105134,0.15070668264251572,-0.4823989842233085,0.0,-0.2400000000000002,0.18410381414020982,0.5,0.3645207373271889
2025-11-06,309.03179931640625,7206100.0,0.0,0.017959316847900045,19.5,3.87,4.16,0.5,0.365,310.0,0.005582845272962711,0.15900019821179137,0.1329602373706609,0.13434398557273863,0.1796633104556862,-0.46670671346142045,0.0,-0.2400000000000002,0.18429532334930476,0.5,0.3637603686635944
2025-11-07,309.8106689453125,7302300.0,0.0,0.017914166800303707,19.079999923706055,3.87,4.16,0.5,0.366,310.0,0.0025203543150871255,0.15451925919179066,0.13285349067031854,0.13436907558783043,0.16658999167795474,-0.4679579473507253,0.0,-0.2400000000000002,0.18448669756226987,0.5,0.36388018433179725
2025-11-08,310.69151814778644,6799566.666666667,0.0,0.0178636642651942,18.586666742960613,3.87,4.16,0.5,0.367,310.0,0.002843185502528378,0.15418899796911253,0.12893569257619433,0.13440493657728322,0.15423621121348768,-0.4795983430855831,0.0,-0.2400000000000002,0.18467799391599482,0.5,0.3642933947772657
2025-11-09,311.57236735026044,6296833.333333333,0.0,0.01781316173008469,18.093333562215168,3.87,4.16,0.5,0.368,310.0,0.0028351247170352867,0.146251683144084,0.12792308035748015,0.13443961974791332,0.15482374701677848,-0.4879067549525651,0.0,-0.2400000000000002,0.18486902093929292,0.5,0.36499999999999994
2025-11-10,312.4532165527344,5794100.0,0.0,0.017762659194975185,17.600000381469727,3.87,4.16,0.5,0.369,310.0,0.002827109508988457,0.14513023799652697,0.12377591252656252,0.13334943981910516,0.1548137916106115,-0.48807542176393576,0.0,-0.2400000000000002,0.18505986998365453,0.5,0.366
2025-11-11,311.2009582519531,5030200.0,0.0,0.017834135316211443,17.280000686645508,3.87,4.16,0.5,0.37,310.0,-0.004007826562316463,0.14470845421086656,0.1238982830488246,0.1327681502346103,0.15479070652555052,-0.48439593551255344,0.0,-0.2400000000000002,0.18525071917558278,0.5,0.367
2025-11-12,315.9239196777344,10578300.0,0.0,0.017567520704546234,17.510000228881836,3.87,4.16,0.5,0.371,315.0,0.015176564533446735,0.14914588972873583,0.12738819316195074,0.13348561470625334,0.15886369454451305,-0.46737154888441795,0.0,-0.2400000000000002,0.18544142057017732,0.5,0.368
2025-11-13,305.1469421386719,8973300.0,0.0,0.018187958762103017,20.0,3.88,4.16,0.5,0.372,305.0,-0.03411257226124509,0.17250110727711004,0.14661684865398722,0.14454576826593055,0.24140501525068206,-0.5145419475834239,0.0,-0.23000000000000043,0.18563198782176404,0.5,0.36900000000000005
2025-11-14,299.3591003417969,10327000.0,0.0,0.01853960675878308,19.829999923706055,3.88,4.16,0.5,0.373,300.0,-0.018967392418583584,0.17853008043698246,0.15178160191860646,0.14833073955795004,0.46060944653840946,-0.4914373740595862,0.0,-0.2333333333333334,0.1858224210718311,0.5,0.37
2025-11-15,298.2942199707031,9666000.0,0.0,0.018606267233090674,20.679999669392902,3.88,4.16,0.5,0.374,298.3333333333333,-0.003557200599139665,0.16455450140360434,0.15191684032822916,0.1484841591856625,0.290435404268726,-0.49485069015702554,0.0,-0.23666666666666725,0.18601281118423274,0.5,0.371
2025-11-16,297.2293395996094,9005000.0,0.0,0.01867292770739827,21.529999415079754,3.88,4.16,0.5,0.375,296.6666666666667,-0.003569899447593561,0.16461341722624606,0.15101166217275336,0.1486336258510638,0.1613992507167709,-0.49250216581242146,0.0,-0.2400000000000002,0.18620306565175948,0.5,0.372
2025-11-17,296.1644592285156,8344000.0,0.0,0.018739588181705864,22.3799991607666,3.88,4.16,0.5,0.376,295.0,-0.003582689288104013,0.1643282221861777,0.15074721647876116,0.14867607508785644,0.1573582055045564,-0.49424479630427115,0.0,-0.2400000000000002,0.1863931022489076,0.5,0.37299999999999994
2025-11-18,295.2178955078125,8077300.0,0.0,0.01879967334112077,24.690000534057617,3.88,4.16,0.5,0.377,295.0,-0.003196074651120706,0.16384271245753748,0.15038869445059797,0.14855469928640683,0.1573125451708467,-0.4890617696807076,0.0,-0.2400000000000002,0.18658300726807875,0.5,0.374
2025-11-19,299.02386474609375,5546600.0,0.0,0.018560391508258375,23.65999984741211,3.88,4.16,0.5,0.3779999999999999,300.0,0.012892068184872318,0.1674184200217362,0.1528826208630272,0.14992536642296117,0.1559946414602464,-0.49835038306469037,0.0,0.009999999999999787,0.1867727725608359,0.5,0.37499999999999994
2025-11-20,294.20233154296875,7501600.0,0.0,0.018864568376778527,26.420000076293945,3.88,4.16,0.5,0.379,295.0,-0.01612424214775987,0.16623993574789547,0.15621515317325693,0.15012511774774817,0.22004772575490286,-0.5232650027897697,0.0,0.020000000000000018,0.1869624046968834,0.5,0.37599999999999995
2025-11-21,293.84735107421875,11766800.0,0.0,0.018887357601526256,23.43000030517578,3.88,4.16,0.5,0.38,295.0,-0.001206586184712699,0.1634630787398818,0.1561753107975426,0.15011662167679757,0.2542573996720236,-0.5003368214872704,0.0,0.016666666666666607,0.1871519038163243,0.5,0.37700000000000006
2025-11-22,293.8407897949219,11491266.666666666,0.0,0.018887779363130835,22.46000035603841,3.88,4.16,0.5,0.38099999999999995,295.0,-2.2328869982657373e-05,0.16343911993539903,0.15614352313178836,0.15009100179826812,0.15443063958405487,-0.5002167221733902,0.0,0.013333333333333197,0.18734127149775115,0.5,0.378
2025-11-23,293.834228515625,11215733.333333334,0.0,0.018888201124735417,21.490000406901043,3.88,4.16,0.5,0.38199999999999995,295.0,-2.232936857216039e-05,0.15269208416206884,0.15603445611452715,0.15006484022051078,0.15069590328529445,-0.4979366149662794,0.0,0.009999999999999787,0.1875304356585079,0.5,0.379
2025-11-24,293.8276672363281,10940200.0,0.0,0.018888622886339995,20.520000457763672,3.88,4.16,0.5,0.3829999999999999,295.0,-2.232986718397889e-05,0.1521310442706352,0.15603188113086938,0.1486386865324554,0.15061141975448286,-0.4976552216224573,0.0,0.009999999999999787,0.18771947080090245,0.5,0.37999999999999995
2025-11-25,298.75762939453125,8877200.0,0.0,0.018576931445224515,18.559999465942383,3.88,4.16,0.5,0.384,300.0,0.016778413702743356,0.15952367871332104,0.1590098690016728,0.1511700156154532,0.15060953204232055,-0.5094345145892515,0.0,0.009999999999999787,0.1879084428320117,0.5,0.38099999999999995
2025-11-26,303.33270263671875,7910900.0,0.0,0.01829674133964666,17.190000534057617,3.88,4.16,0.5,0.385,305.0,0.015313661617477159,0.16514508558325006,0.16228241473560798,0.15294763100153722,0.25699826948062493,-0.5201132452805043,0.0,0.009999999999999787,0.1880972789980444,0.5,0.382
2025-11-27,306.0146179199219,6116650.0,0.0,0.018137781633418525,16.770000457763672,3.885,4.16,0.5,0.386,307.5,0.008841497339029392,0.1666449623658277,0.1633657137374928,0.15360341408188727,0.2445976945004836,-0.5208091447173478,0.0,0.01499999999999968,0.18828625426558654,0.5,0.383
2025-11-28,308.696533203125,4322400.0,0.0,0.01797882192719039,16.350000381469727,3.89,4.16,0.5,0.387,310.0,0.008764010364710417,0.1683239661228249,0.16438768185529362,0.1542037971473507,0.18881087053049275,-0.5214486614217895,0.0,0.020000000000000018,0.18847482598953236,0.5,0.38399999999999995
2025-11-29,307.32928466796875,5457366.666666667,0.0,0.01805952428633994,16.64666684468587,3.89,4.16,0.5,0.388,308.3333333333333,-0.004429102332213719,0.16505392321344856,0.16462643643383854,0.15439205245585114,0.18681158029024494,-0.5218365432064116,0.0,0.020000000000000018,0.18866340626562028,0.5,0.38499999999999995
2025-11-30,305.9620361328125,6592333.333333334,0.0,0.018140226645489484,16.94333330790202,3.89,4.16,0.5,0.389,306.6666666666667,-0.004448806551687334,0.16484558729888787,0.16192146421170425,0.15457993260627997,0.16137615121306256,-0.5317822467910915,0.0,0.020000000000000018,0.18885157617690207,0.5,0.386
2025-12-01,304.59478759765625,7727300.0,0.0,0.018220929004639033,17.239999771118164,3.89,4.16,0.5,0.39,305.0,-0.0044686868751349085,0.16526106711243618,0.16078760432723155,0.1547674288943204,0.16084779806489014,-0.5332422094292365,0.0,0.020000000000000018,0.189039510573612,0.5,0.387
2025-12-02,303.5693359375,7249000.0,0.0,0.018282478969294365,16.59000015258789,3.89,4.16,0.5,0.39,305.0,-0.003366609350882177,0.16544956664925645,0.16009858278437528,0.15488653686589715,0.16092285601924525,-0.5322793796836225,0.0,0.020000000000000018,0.18922759197030858,0.5,0.38785714285714284
2025-12-03,307.75982666015625,8535300.0,0.0,0.018033542779865765,16.079999923706055,3.89,4.16,0.5,0.39,310.0,0.01380406459603356,0.17019098156105347,0.16255491878860115,0.15474236275796246,0.1566402042360956,-0.5313080301422005,0.0,0.010000000000000231,0.18941550572248622,0.5,0.3885714285714286
2025-12-04,311.67425537109375,9627800.0,0.0,0.017807053050923033,15.779999732971191,3.89,4.16,0.5,0.39,310.0,0.01271910227341011,0.17388592335433434,0.16454670693942677,0.14637812591974134,0.2283939135858414,-0.5286042959250669,0.0,0.010000000000000231,0.1896032882616947,0.5,0.3891428571428572
2025-12-05,310.62908935546875,6518900.0,0.0,0.017866968001985322,15.40999984741211,3.89,4.16,0.5,0.39,310.0,-0.0033533921959020274,0.17293860145916162,0.1647232182146763,0.1464877317563873,0.21991345567142173,-0.5263261217100863,0.0,0.010000000000000231,0.18979093972531746,0.5,0.38957142857142857
2025-12-06,310.68495686848956,6818333.333333333,0.0,0.017863756310569273,15.826666514078775,3.89,4.16,0.5,0.39,310.0,0.00017985280495369516,0.17223171388304248,0.16437464981434033,0.14643124071621294,0.15818978748507814,-0.5236735931814875,0.0,0.010000000000000231,0.18997846047818423,0.5,0.38985714285714285
2025-12-07,310.74082438151044,7117766.666666667,0.0,0.017860544619153228,16.24333318074544,3.89,4.16,0.5,0.39,310.0,0.00017982046373909988,0.17208900736012173,0.1623450090385839,0.1463738569733756,0.15079951568254238,-0.5445999015762426,0.0,0.010000000000000231,0.1901655537574749,0.5,0.39
2025-12-08,310.79669189453125,7417200.0,0.0,0.01785733292773718,16.65999984741211,3.89,4.16,0.5,0.39,310.0,0.00017978813415342465,0.17189366435286252,0.16209640355930627,0.14389593050215016,0.15063028658172795,-0.5459106865551582,0.0,0.010000000000000231,0.19035252536004532,0.5,0.39
2025-12-09,296.3025207519531,18049200.0,0.0,0.01873085651082304,16.93000030517578,3.89,4.16,0.5,0.39,295.0,-0.04663553866749881,0.2203769625843332,0.18731253910194418,0.164479497784873,0.1506264981490834,-0.4589537409267653,0.0,0.010000000000000231,0.19053966310305337,0.5,0.39
2025-12-10,305.7680969238281,18874100.0,0.0,0.018151010703325914,15.770000457763672,3.89,4.16,0.5,0.39,305.0,0.03194564848065884,0.24017795396915145,0.19751793446608648,0.17048463157997437,0.6163831544744005,-0.46249862311636947,0.0,0.010000000000000231,0.19072666139518146,0.5,0.39
2025-12-11,312.9363098144531,9721900.0,0.0,0.017735238212819464,14.850000381469727,3.64,4.16,0.5,0.39,315.0,0.023443298901162812,0.2496757315018499,0.20244537894085765,0.17463147257135256,0.43075104678642084,-0.4643008274409416,0.0,-0.23999999999999977,0.1909135294319375,0.5,0.39
2025-12-12,314.0603332519531,8982900.0,0.0,0.017671763710279016,15.739999771118164,3.64,4.16,0.5,0.39,315.0,0.003591860075829567,0.24592068584972315,0.20200788128080666,0.1746878431730138,0.33230606712067434,-0.45609803450913766,0.0,-0.23999999999999977,0.1911002673493698,0.5,0.39
2025-12-13,314.5533447265625,9609966.666666666,0.0,0.017644152631668044,15.993333180745443,3.64,4.16,0.5,0.39,315.0,0.0015697986100455807,0.2230999126810285,0.1977215635969897,0.17467434003073998,0.16326871011962513,-0.43477396239573063,0.0,-0.23999999999999977,0.19128689251127606,0.5,0.39
2025-12-14,315.0463562011719,10237033.333333334,0.0,0.01761654155305707,16.246666590372723,3.64,4.16,0.5,0.39,315.0,0.0015673382047103335,0.21475493336095605,0.19640279043955652,0.174660858050404,0.1521751312371672,-0.4361415172334871,0.0,-0.23999999999999977,0.19147338461841956,0.5,0.39
2025-12-15,315.53936767578125,10864100.0,0.0,0.017588930474446096,16.5,3.64,4.16,0.5,0.39,315.0,0.0015648854998804307,0.21417576196869292,0.18970418968094901,0.17466914986021156,0.15191410485300666,-0.36777364925268763,0.0,-0.23999999999999977,0.1916597544798082,0.5,0.39
2025-12-16,311.13189697265625,8331300.0,0.0,0.017838093920944917,16.479999542236328,3.64,4.16,0.5,0.39,310.0,-0.013968053291067317,0.21860739229867737,0.19205464047354195,0.17583098527627647,0.15190431759831113,-0.44805702671405917,0.0,-0.23999999999999977,0.1918459979497098,0.5,0.39
2025-12-17,310.5699462890625,8718700.0,0.0,0.017870370479551638,17.6200008392334,3.64,4.16,0.5,0.39,310.0,-0.0018061493825016761,0.21830611428896687,0.19191763918794644,0.1756926639118945,0.23169747350394834,-0.4449960325088109,0.0,-0.24499999999999966,0.19203208728489485,0.5,0.39
2025-12-18,308.6176452636719,11444900.0,0.0,0.01798341762104457,16.8700008392334,3.64,4.16,0.5,0.39,310.0,-0.006286187857898917,0.21908148678409578,0.19224062674903683,0.1758263738136336,0.15455582404858012,-0.43263187789012836,0.0,-0.25,0.19221804731308967,0.5,0.39
2025-12-19,312.7686767578125,10672325.0,0.0,0.01774474367936005,14.90999984741211,3.64,4.16,0.5,0.39,315.0,0.013450402327430444,0.21933481269177416,0.1937738468346481,0.17718874313665517,0.1701134059477421,-0.4463641739840906,0.0,-0.25,0.19240387816902382,0.5,0.39
2025-12-20,314.70123291015625,9899750.0,0.0,0.017637096672435376,14.633333206176758,3.64,4.16,0.5,0.39,316.6666666666667,0.006178867309785563,0.2131012794977601,0.19023047262638473,0.17741264510526145,0.22535026868814884,-0.4642058936947093,0.0,-0.25,0.1925898426329058,0.5,0.39
2025-12-21,316.6337890625,9127175.0,0.0,0.017529449665510705,14.356666564941406,3.64,4.16,0.5,0.39,318.3333333333333,0.006140923359189587,0.21312819373290595,0.18902268038141262,0.1776192641983785,0.17103785370368935,-0.4582296445490295,0.0,-0.25,0.19277566242664812,0.5,0.39
2025-12-22,318.56634521484375,8354600.0,0.0,0.01742180265858603,14.079999923706055,3.64,4.16,0.5,0.39,320.0,0.006103442586041563,0.21323772198199853,0.18925965886776785,0.17787522442806705,0.1694121985669828,-0.4646971047239472,0.0,-0.25,0.19296111068522337,0.5,0.39
2025-12-23,321.3666076660156,6668300.0,0.0,0.017269995909991707,14.0,3.64,4.16,0.5,0.39,320.0,0.00879020176875045,0.21378244240797722,0.18602012574017573,0.17839915667372,0.16916531417176808,-0.45286606550469,0.0,-0.25,0.1931464525080897,0.5,0.39
2025-12-24,324.5612487792969,4289300.0,0.0,0.017100008152156284,13.470000267028809,3.64,4.16,0.5,0.39,325.0,0.009940799812659273,0.21450010983394285,0.18676159849658575,0.17908977554802671,0.18658120938000258,-0.45559090057911356,0.0,-0.25,0.193331659198261,0.5,0.39
2025-12-25,323.9400634765625,4223800.0,0.0,0.017132862013955984,13.535000324249268,3.64,4.16,0.5,0.39,325.0,-0.0019139231965328296,0.21120119734505263,0.1868050030894624,0.17866200976809202,0.1956518820402509,-0.45546129070413194,0.0,-0.25,0.1935167119259089,0.5,0.39
2025-12-26,323.3188781738281,4158300.0,0.0,0.017165715875755685,13.600000381469727,3.64,4.16,0.5,0.39,325.0,-0.0019175933228749997,0.20820311857145288,0.18683599559429698,0.17870152000608108,0.15364368299844341,-0.45530078969887267,0.0,-0.25,0.1937016421469897,0.5,0.39
2025-12-27,321.9516296386719,5650633.333333334,0.0,0.017239238871520988,13.800000190734863,3.64,4.16,0.5,0.39,323.3333333333333,-0.004228792772258627,0.2080001092668843,0.18708331830569047,0.1788696834900856,0.15258053730564644,-0.4607285468759887,0.0,-0.25,0.19388657087257943,0.5,0.39
2025-12-28,320.5843811035156,7142966.666666667,0.0,0.017312761867286287,14.0,3.64,4.16,0.5,0.39,321.6666666666667,-0.004246751403901072,0.20758801616639455,0.18740378939555105,0.17903640630783774,0.15971642589018115,-0.4622839674218229,0.0,-0.25,0.1940712878191435,0.5,0.39
2025-12-29,319.2171325683594,8635300.0,0.0,0.01738628486305159,14.199999809265137,3.64,4.16,0.5,0.39,320.0,-0.00426486321775843,0.20754921446010294,0.1860937540397269,0.17919518287556643,0.15994720942711088,-0.4677773863376534,0.0,-0.25,0.19425582680418985,0.5,0.39
2025-12-30,318.8917541503906,7904300.0,0.0,0.017404024807059132,14.329999923706055,3.64,4.16,0.5,0.39,320.0,-0.0010193012365934395,0.20696359149616458,0.18587247997010503,0.17730401145197108,0.16002830628775236,-0.47392519354364937,0.0,-0.25,0.19444034725450332,0.5,0.39
